flow_id,mean_pairwise_jaccard5
172,0.33686067019400356
731,0.7999999999999998
787,0.3818342151675485
1256,0.4285714285714284
1582,0.3099647266313933
3338,0.4365079365079365
3495,0.3915343915343915
3770,0.589153439153439
3784,0.6021164021164022
4054,0.29629629629629634
4327,1.0
4463,0.6222222222222223
4725,1.0
5100,0.7555555555555554
5906,0.36772486772486773
6234,0.7333333333333332
8793,0.5767195767195766
8844,0.4259259259259259
9514,0.39232804232804225
10459,0.6328042328042328
11309,1.0
11329,0.6423280423280422
11840,0.9333333333333331
11950,0.38492063492063494
12033,0.37830687830687826
12163,0.4695767195767195
12365,0.7851851851851849
13242,0.34082892416225746
13566,0.7999999999999998
13946,0.447089947089947
14215,0.671957671957672
15658,1.0
15924,0.7999999999999997
16366,0.35273368606701944
17100,0.3862433862433862
17227,0.7555555555555554
17228,0.424074074074074
17231,0.24029982363315697
17866,1.0
18255,0.7693121693121692
18302,0.3862433862433861
19068,1.0
20056,1.0
20734,0.332010582010582
20903,0.30952380952380953
20922,0.692063492063492
22508,0.7629629629629628
22780,0.6010582010582011
24518,0.3253968253968254
25577,0.2601410934744268
26103,0.3637566137566138
26400,0.44268077601410943
26662,0.7925925925925924
27402,0.7333333333333333
27421,1.0
27685,0.3664021164021164
28493,0.6656084656084655
28878,0.48121693121693115
29535,1.0
30186,1.0
30316,0.5925925925925926
30494,0.26578483245149914
30548,0.27645502645502645
30861,0.6063492063492062
31235,0.5917989417989417
31263,0.7153439153439153
32293,0.9333333333333331
33069,0.5650793650793648
33734,0.36772486772486773
34218,0.3492063492063492
34372,0.4417989417989417
35169,0.46904761904761916
35834,0.619047619047619
35910,0.7925925925925924
36718,0.6507936507936508
36840,0.8814814814814813
37957,0.3962962962962962
38600,0.4034391534391534
39107,0.6002645502645503
39719,0.5968253968253967
40324,1.0
40556,0.3099647266313933
40715,1.0
40737,0.3126102292768959
42573,0.3514109347442681
43708,0.35714285714285715
43950,0.3743386243386243
43974,0.3584656084656085
44610,0.3492063492063492
45214,0.9333333333333331
46168,0.8687830687830687
46299,0.2892416225749559
47530,0.3655202821869488
47891,0.7703703703703704
49274,0.4931216931216931
49460,1.0
49728,1.0
51095,0.3134920634920635
51763,0.3756613756613757
51801,0.3756613756613756
52018,0.36904761904761907
52279,0.6126984126984125
53520,0.3769841269841269
53684,0.9333333333333333
54695,0.5417989417989417
55668,0.5425925925925925
55705,0.542063492063492
56007,0.42671957671957655
56226,0.7058201058201058
57617,0.3955026455026454
58379,1.0
58667,0.3896825396825396
59083,0.6666666666666666
59199,0.2993827160493827
59482,0.638095238095238
60176,0.19118165784832447
60182,0.6973544973544975
60281,0.2907407407407407
60571,0.3769841269841269
61813,0.3095238095238095
61835,0.32962962962962966
61906,0.26631393298059963
62489,0.3703703703703704
62513,0.3664021164021164
63228,0.2993827160493827
63272,0.3310405643738977
64517,0.6539682539682539
65838,0.7629629629629628
65934,0.2627865961199295
65936,0.40158730158730155
66016,1.0
67293,0.27998236331569665
68038,0.7703703703703701
68427,0.3571428571428571
68687,0.3562610229276897
68799,0.8296296296296294
68943,0.5756613756613755
71814,0.49021164021164015
71892,0.8814814814814814
71950,0.3774250440917107
72271,0.7851851851851849
73232,0.7999999999999998
73472,0.5134920634920633
73683,0.7386243386243385
73788,0.4179894179894179
73809,1.0
74167,1.0
75338,0.3738977072310406
75549,0.40211640211640204
75572,0.34832451499118167
76102,0.3849206349206349
76339,0.8222222222222221
76413,1.0
76824,0.25229276895943564
76830,1.0
76953,0.3611111111111111
77078,1.0
78286,0.7555555555555554
78437,0.3355379188712522
78606,0.3849206349206349
78836,0.7851851851851851
79267,0.7566137566137564
79772,0.8740740740740738
79875,0.39153439153439157
80453,0.7851851851851849
80517,0.40608465608465605
80796,0.8740740740740738
80989,0.7851851851851851
82741,0.7407407407407406
83758,0.2892416225749559
84004,0.7703703703703701
84451,0.7851851851851851
84596,0.31657848324514987
85099,0.3174603174603175
85863,1.0
85907,0.3968253968253967
86164,0.35008818342151676
86714,0.4431216931216932
87301,0.26631393298059963
87407,0.51005291005291
88694,0.42724867724867716
88816,1.0
89606,0.3068783068783069
89689,1.0
89871,0.9333333333333333
90062,1.0
90422,1.0
90591,0.5470899470899471
90799,0.42063492063492053
90855,0.2385361552028219
90935,0.9333333333333331
91287,0.42460317460317454
91415,0.7206349206349206
91509,0.7851851851851849
92264,0.30599647266313934
92992,0.6656084656084658
92995,0.5883597883597884
93768,0.8222222222222221
93921,1.0
95197,1.0
95302,0.5703703703703702
95359,0.39021164021164023
97056,0.8814814814814814
97201,0.37962962962962954
97722,0.3460317460317461
97857,0.287037037037037
99470,0.3862433862433861
99536,0.5449735449735449
99758,0.4025573192239858
99906,0.48359788359788364
100125,0.6264550264550264
100178,0.35264550264550265
100769,0.3108465608465608
101190,0.4126984126984125
101923,0.7629629629629631
102683,0.7851851851851851
102716,0.7333333333333333
103226,0.38183421516754845
103531,0.7999999999999997
103742,1.0
104432,0.33042328042328045
104560,0.4589947089947089
104902,0.3624338624338624
105028,0.6042328042328041
107048,1.0
107435,0.33112874779541446
107842,0.2649911816578483
108152,0.4399470899470898
108384,0.44179894179894175
108720,0.3029100529100529
108966,0.29717813051146386
109587,0.6169312169312167
111646,0.8296296296296295
112373,0.21578483245149907
112569,1.0
113993,0.35141093474426804
114902,0.7999999999999998
115506,0.26807760141093473
115924,0.39550264550264536
116628,0.5166666666666667
117969,0.7851851851851851
118320,1.0
118636,0.4748677248677248
118743,0.3888888888888888
119061,0.7576719576719575
119106,0.5806878306878307
119747,0.673015873015873
119755,1.0
120795,0.3196649029982363
120899,0.8444444444444443
121133,0.36860670194003525
121969,0.43068783068783056
122839,0.4021164021164019
122949,0.656084656084656
123798,1.0
123816,0.7470899470899471
126309,0.7851851851851851
126974,0.35185185185185186
127729,0.31922398589065254
129405,0.7555555555555554
129571,1.0
131380,1.0
131385,0.37301587301587297
131703,0.2508818342151675
132105,0.39814814814814803
132210,0.7407407407407406
132426,0.42107583774250434
132588,0.7555555555555555
133267,0.7777777777777776
133827,0.3540564373897707
134961,0.35802469135802467
136157,0.33747795414462084
136921,1.0
137142,0.5261904761904761
138072,0.567195767195767
138212,0.3822751322751322
138222,1.0
139936,0.41534391534391524
139948,0.3915343915343914
140635,0.7058201058201057
141029,0.30687830687830686
141904,0.7449735449735448
143100,0.7629629629629628
143155,0.49100529100529094
144595,1.0
145596,0.9333333333333331
145690,0.6243386243386244
147870,1.0
148625,0.7629629629629628
148650,0.4293650793650792
149080,0.3218694885361552
149794,1.0
151941,0.7301587301587302
152234,0.7037037037037037
155760,0.5055555555555554
155941,0.8296296296296294
156019,0.382716049382716
156210,1.0
157284,1.0
158232,0.7005291005291004
158617,0.3880070546737213
158743,0.3500881834215167
158951,0.3214285714285714
161019,0.414021164021164
161881,0.598941798941799
162056,1.0
163400,0.3994708994708994
163756,0.5338624338624338
163861,0.5478835978835978
164018,0.38756613756613756
164709,0.3698412698412698
165405,1.0
165500,0.44788359788359783
165540,0.7703703703703701
166311,0.4783068783068783
166844,0.27998236331569665
167443,0.2976190476190476
167488,0.26719576719576715
167637,0.36904761904761907
168257,0.3174603174603175
168789,0.3809523809523809
169468,0.49947089947089945
169550,0.68994708994709
169732,0.8296296296296295
169831,0.40211640211640204
170336,1.0
170901,0.3902116402116401
171147,0.6005291005291006
171584,1.0
171621,1.0
171743,0.675132275132275
172308,0.3756613756613757
173817,0.39285714285714274
174953,0.5087301587301586
175955,0.42010582010582004
176759,1.0
178197,1.0
179253,0.3439153439153439
180812,1.0
181269,0.3575837742504409
181436,0.726984126984127
181968,0.36904761904761907
182006,0.3637566137566138
182417,0.33289241622574955
183491,0.8116402116402114
183651,0.7407407407407406
183932,1.0
185358,0.3395061728395062
185409,0.539153439153439
185839,0.8
186477,0.4074074074074074
186594,1.0
186910,0.9333333333333333
187551,1.0
187553,0.7058201058201058
187700,0.46816578483245147
188726,0.34700176366843033
189660,0.6825396825396826
189761,0.2585537918871252
190683,0.3412698412698413
191525,0.359347442680776
191740,0.7703703703703701
193450,0.30820105820105825
194251,0.7185185185185186
194338,0.7343915343915343
195169,0.6402116402116402
195619,0.8296296296296294
195646,0.40608465608465605
195657,0.4435626102292768
196247,0.7851851851851849
196504,0.4047619047619047
197064,1.0
197092,0.9333333333333333
198082,0.36851851851851847
198263,0.38756613756613745
198286,0.7047619047619048
198290,1.0
198404,0.7555555555555554
198423,0.49047619047619045
199021,0.3769841269841269
199216,0.36719576719576724
200342,0.7999999999999997
200563,0.39550264550264536
201487,0.6550264550264551
201676,0.4187830687830687
201682,0.46111111111111097
201691,0.36331569664902996
201841,0.34656084656084657
202269,0.3315696649029982
202275,0.5571428571428573
202603,0.5600529100529101
203170,0.40608465608465594
203858,0.4241622574955907
203979,0.7999999999999997
204165,0.28439153439153436
204303,0.3495590828924163
204508,1.0
205256,0.9333333333333333
207419,0.7449735449735448
207651,0.3777777777777777
208160,0.8222222222222221
208194,0.3646384479717813
208244,0.3703703703703704
209641,0.4981481481481482
209645,0.6391534391534391
210341,0.7481481481481479
210828,0.3756613756613756
211085,0.6634920634920635
211126,0.6857142857142857
211143,0.3505291005291005
211580,0.30776014109347444
211898,0.7693121693121692
212280,0.41887125220458543
213106,0.4703703703703702
214305,0.6148148148148148
214884,0.3196649029982363
214964,0.34171075837742504
216718,0.7502645502645501
217333,0.36507936507936506
218526,0.33112874779541446
218688,0.5153439153439152
219324,0.7375661375661375
219522,0.7746031746031744
219640,0.6666666666666666
219904,0.42195767195767186
220024,0.3179012345679012
220146,1.0
220347,1.0
220435,0.29673721340388004
220454,1.0
220526,0.8148148148148147
222932,0.7629629629629627
223359,1.0
224113,0.3315696649029982
224475,0.4169312169312169
225548,0.35273368606701944
226389,0.37610229276895935
226506,0.38756613756613745
227301,1.0
227974,0.32275132275132273
228216,1.0
230078,0.5365079365079364
231078,0.2954144620811287
231252,0.5259259259259258
231326,0.4250440917107583
231364,1.0
231380,0.5227513227513226
231677,0.3262786596119929
232102,0.7703703703703701
233659,0.3443562610229277
233807,0.39232804232804236
234611,0.3703703703703703
236167,0.3310405643738977
240251,0.3544973544973545
241153,0.31437389770723106
241432,1.0
242833,0.7851851851851851
243113,0.9333333333333333
243512,1.0
243596,0.6962962962962963
244530,1.0
244749,0.7851851851851849
246629,0.7407407407407406
247145,0.7999999999999997
247300,0.3236331569664903
247717,1.0
247766,0.32054673721340393
247922,0.5436507936507935
248218,0.33862433862433866
249823,0.6087301587301587
250642,0.7746031746031744
250894,0.4241622574955908
252079,1.0
252600,1.0
252615,1.0
252676,0.8116402116402114
253046,1.0
253220,0.8296296296296294
253739,0.7851851851851849
254715,0.25970017636684306
254773,0.2812169312169312
255062,0.7375661375661374
255750,0.3968253968253967
256591,0.6920634920634922
256733,0.9333333333333333
258263,0.4470899470899471
258480,0.5624338624338623
258714,0.49735449735449727
259033,0.3840388007054673
259395,0.304673721340388
259577,0.5539682539682539
259608,0.31966490299823636
260861,1.0
261666,1.0
262645,0.6613756613756613
262879,1.0
262898,1.0
264156,0.4751322751322752
265066,0.34656084656084657
265532,0.36904761904761907
265617,0.6962962962962964
266296,0.3447971781305115
266960,0.41746031746031736
267389,0.7925925925925924
267659,0.6962962962962964
268530,0.3597883597883599
268682,0.3522927689594356
270110,0.8444444444444443
270762,1.0
271314,0.4100529100529099
271918,0.5478835978835979
272154,1.0
272744,0.40343915343915343
273296,0.27336860670194
274143,0.43959435626102294
274707,1.0
274973,0.4193121693121692
275823,0.7481481481481481
276244,0.7703703703703701
276433,0.3289241622574956
277077,0.41305114638447965
278182,0.2857142857142857
278554,0.8222222222222221
278566,0.3999118165784831
278815,0.7629629629629628
280406,0.4660493827160493
281266,0.7555555555555554
281657,0.18192239858906525
282156,0.3350970017636684
282433,0.4923280423280423
283848,0.3849206349206349
284807,0.3540564373897708
285723,0.34788359788359785
285727,0.3941798941798942
286276,0.49497354497354484
286975,0.291005291005291
287023,0.378747795414462
287097,0.29894179894179895
287602,0.22989417989417987
287792,1.0
288753,0.3208994708994709
289173,0.4068783068783069
289705,0.6275132275132276
290027,0.3553791887125221
291049,0.6931216931216931
291380,0.6349206349206348
291382,0.5365079365079364
291515,0.4232804232804232
292378,0.8296296296296295
292477,0.3743386243386243
292866,0.9333333333333333
293431,0.7746031746031744
294020,0.36331569664902996
294209,0.4047619047619047
294216,0.3698412698412698
294377,0.874074074074074
294434,0.9333333333333333
294469,0.8222222222222219
295007,0.5095238095238095
295122,1.0
296407,0.2594356261022928
296944,0.41084656084656074
297866,0.7301587301587302
299658,0.39109347442680775
300675,0.6708994708994708
300727,1.0
302253,0.281305114638448
302291,0.7502645502645501
302715,1.0
302973,0.40079365079365076
303174,0.2828042328042328
303763,0.447089947089947
303913,0.3205467372134039
303943,0.37433862433862425
304628,0.37301587301587297
304762,0.19744268077601415
306105,0.28721340388007055
307260,0.2156084656084656
307519,0.29409171075837737
307846,0.41798941798941774
307982,0.7291005291005291
308045,0.3941798941798941
308926,0.4883597883597883
309132,0.7851851851851851
309397,0.492768959435626
310305,0.5497354497354497
310345,0.35978835978835977
310445,0.2864197530864197
310753,0.7703703703703701
310995,0.39056437389770726
312028,0.4928571428571428
312043,0.5318342151675485
312250,0.8264550264550263
312371,0.2920634920634921
312669,0.7851851851851851
312699,0.6497354497354497
312850,0.7470899470899469
313225,0.6116402116402117
313432,0.43730158730158736
313529,0.3108465608465608
313667,1.0
313806,0.874074074074074
314183,1.0
314606,0.5523809523809522
315063,1.0
315332,0.29056437389770723
315394,0.2563492063492063
315426,1.0
317120,0.3076719576719577
317474,0.6063492063492064
317767,0.8169312169312167
318492,1.0
318493,0.6984126984126985
318844,0.4259259259259259
318858,0.7629629629629628
319005,0.2958553791887125
319697,0.539153439153439
320533,0.6148148148148149
320545,0.7851851851851849
320952,1.0
321860,0.33465608465608465
322022,0.38359788359788355
322118,0.35793650793650794
322507,0.36278659611992947
323354,0.5677248677248677
323475,0.3430335097001764
324075,0.3888888888888889
324210,0.8148148148148147
325549,0.3439153439153439
326200,0.5973544973544974
326495,0.390652557319224
326555,0.6941798941798942
326858,0.3346560846560847
327099,0.4007936507936507
327975,1.0
328840,0.2517636684303351
330518,0.3381834215167549
330643,0.7629629629629628
330832,0.41137566137566123
330903,0.8169312169312167
331276,0.7481481481481479
332442,1.0
333222,0.2336860670194003
333345,0.461111111111111
334283,0.5351851851851852
334913,0.3831569664902998
336026,1.0
336997,0.7174603174603175
337311,0.3888888888888888
337434,0.3262786596119929
338422,1.0
338824,0.3020282186948854
339605,0.3637566137566138
339667,0.30643738977072316
340208,0.3761022927689594
340791,0.3245149911816579
340909,0.47195767195767185
341796,0.41798941798941786
342884,0.3822751322751322
343094,0.7566137566137565
343134,0.45370370370370366
343470,0.5399470899470901
343492,0.531216931216931
344132,0.3010582010582011
345045,0.32275132275132273
345049,0.7999999999999998
345958,0.4716931216931217
346512,0.34700176366843033
347692,0.38359788359788355
348721,1.0
349133,0.42936507936507934
349327,0.40608465608465605
349529,0.6888888888888889
349906,1.0
349978,0.7999999999999998
350224,0.4134920634920635
350502,0.31305114638447973
351416,0.36640211640211645
351520,0.36904761904761896
351567,0.506084656084656
352016,0.6687830687830687
352456,0.41005291005291
353452,0.8296296296296294
354101,0.49074074074074064
355308,0.4087301587301587
355618,0.43862433862433853
355723,0.5105820105820105
356751,0.8116402116402114
357297,0.36243386243386244
357531,0.5851851851851851
358097,0.7629629629629628
358890,0.35185185185185186
359048,0.5915343915343914
359537,0.20370370370370372
359554,0.8814814814814813
359579,1.0
360387,0.8814814814814813
360939,0.39259259259259244
361519,1.0
361790,0.7999999999999997
361814,0.7925925925925925
362368,0.3822751322751322
363023,0.42275132275132266
363090,0.6708994708994709
363223,1.0
363736,1.0
363745,0.43597883597883585
364149,1.0
364474,1.0
364494,0.4140211640211639
364710,0.35185185185185186
364833,0.6211640211640213
365136,0.35537918871252205
365607,0.3888888888888888
365833,0.27821869488536155
366290,0.3218694885361552
367369,0.396384479717813
368802,0.3730158730158731
371681,0.43518518518518506
372582,0.3899470899470899
374398,0.3849206349206349
375921,0.35714285714285715
376460,0.47883597883597867
377181,0.29629629629629634
377200,0.5756613756613755
377720,0.7185185185185184
378460,0.39682539682539675
378630,0.3915343915343914
378868,1.0
378904,0.43156966490299814
379042,0.7629629629629628
379049,0.7999999999999998
379113,1.0
379409,0.2980599647266314
379791,0.26366843033509696
380316,0.6119047619047618
380676,0.6285714285714286
382053,0.9333333333333331
382878,0.3884479717813051
383181,0.3492063492063492
383315,0.4285714285714285
383354,0.7851851851851849
383426,0.5386243386243386
383599,1.0
383954,0.5084656084656083
384456,0.37698412698412703
385336,1.0
386217,1.0
386430,0.42857142857142855
386696,0.2523809523809524
386793,0.7851851851851851
387556,0.30864197530864196
388408,0.31613756613756616
388482,0.5449735449735449
390292,1.0
390395,1.0
392548,0.31305114638447973
393620,1.0
395416,0.2896825396825397
396344,1.0
396893,0.41084656084656085
397329,0.414021164021164
397403,0.7925925925925924
397478,0.7703703703703701
397490,0.4271604938271605
398799,1.0
400457,1.0
401886,0.33862433862433866
402004,0.7851851851851851
402197,0.6656084656084655
402380,1.0
402677,1.0
404377,0.6835978835978835
405784,0.3403880070546737
406035,0.3165784832451499
406095,0.6645502645502646
406393,1.0
407392,0.7851851851851849
407681,0.36331569664902996
408152,0.688888888888889
408593,0.32054673721340393
409353,0.4505291005291004
409474,1.0
410021,0.4064373897707231
410112,0.7798941798941798
410254,1.0
410740,0.7703703703703704
410845,0.8444444444444443
412248,0.3818342151675485
414454,0.726984126984127
414918,1.0
415165,1.0
415297,0.9333333333333331
415964,1.0
416934,0.41137566137566134
416984,0.40255731922398585
417478,0.40740740740740744
417634,0.34038800705467376
417696,1.0
418003,1.0
420193,1.0
421149,0.7629629629629628
421817,0.874074074074074
422128,0.6137566137566136
422518,0.8
423486,0.304673721340388
423710,0.8814814814814813
423824,0.4844797178130511
424076,0.6867724867724868
424233,1.0
424607,0.8444444444444444
425306,0.9333333333333333
426361,0.44576719576719565
426496,0.3862433862433862
427567,0.30970017636684305
428076,0.4603174603174602
428942,0.359347442680776
430855,0.2940917107583774
430879,0.3941798941798942
431138,0.4703703703703703
433136,0.34523809523809523
433298,0.6034391534391536
434271,0.3518518518518518
435047,1.0
435082,0.2892416225749559
435265,0.7999999999999997
435398,0.3813932980599647
435516,0.5365079365079365
435999,1.0
436016,0.332363315696649
436253,0.31790123456790126
437217,0.874074074074074
437515,1.0
437810,0.38051146384479717
438174,1.0
439451,1.0
440734,0.6349206349206348
440950,0.4359788359788358
440968,0.35008818342151676
442254,0.281305114638448
443482,0.35978835978835977
443627,0.41137566137566134
443890,0.38359788359788355
444547,0.7851851851851849
444581,0.6761904761904762
445619,0.7640211640211638
445828,0.29462081128747797
446683,0.3796296296296296
448174,0.30687830687830686
450197,1.0
450421,0.4563492063492062
450725,0.2504409171075838
450779,0.3818342151675485
451779,0.7999999999999998
452015,0.8222222222222219
452263,0.4047619047619046
452893,0.3915343915343914
453106,0.44523809523809516
454267,0.281305114638448
454565,0.27469135802469136
455558,0.41534391534391535
456521,1.0
457110,0.38924162257495576
457772,1.0
458156,0.29320987654320985
458210,0.31525573192239853
458435,0.3804232804232804
458576,0.706878306878307
459088,0.6529100529100529
459692,0.7999999999999998
459739,0.7534391534391532
460189,0.6740740740740742
460214,0.5386243386243387
460217,0.7470899470899468
460443,1.0
461083,0.36772486772486773
462813,0.3540564373897707
463354,0.4389770723104056
463389,1.0
464264,0.35714285714285715
464916,0.4087301587301587
465013,0.6433862433862433
465025,0.6148148148148149
465061,0.2874779541446208
465189,1.0
465399,0.32142857142857145
465523,0.4444444444444443
466524,0.32583774250440917
466908,0.8296296296296294
467947,0.6042328042328041
468844,0.24559082892416229
468943,1.0
469503,0.39682539682539675
470208,1.0
470293,0.7999999999999998
470325,0.7301587301587301
470562,0.4029100529100528
471104,1.0
471531,0.34126984126984133
472333,0.4703703703703703
472733,0.25767195767195766
473231,0.5830687830687828
473975,0.7851851851851849
474070,0.8814814814814813
474577,0.456084656084656
474715,0.3756613756613756
475209,0.6814814814814815
476206,1.0
476336,1.0
476676,0.43227513227513215
476835,1.0
477610,0.4206349206349206
477734,0.4378306878306877
477804,0.8148148148148147
478158,0.21825396825396826
478730,1.0
480588,0.3386243386243386
481014,0.8148148148148147
481737,0.8296296296296294
482959,0.8148148148148147
483707,0.8814814814814813
484737,0.688888888888889
485929,0.8222222222222221
486892,0.41269841269841256
486934,0.3002645502645503
487209,0.4783068783068782
487263,1.0
487387,0.36331569664903
488135,0.24999999999999997
488231,0.27998236331569665
488992,0.3849206349206349
489470,0.5597883597883597
489800,0.7798941798941795
490284,0.2940917107583774
490420,0.269400352733686
491715,0.6074074074074073
491728,1.0
492002,0.638095238095238
492969,1.0
493521,1.0
494286,0.8296296296296295
494413,0.35264550264550265
495591,0.62010582010582
496053,0.394179894179894
496791,0.7015873015873016
496970,0.3976190476190476
497795,1.0
498379,1.0
498583,0.31040564373897706
498647,0.7259259259259259
498915,0.8444444444444443
499022,0.8444444444444443
499151,0.7851851851851849
499280,0.5949735449735448
499490,0.7333333333333332
500197,0.7121693121693121
500247,0.8444444444444443
500277,0.3664021164021164
500639,0.5574074074074075
501343,0.4108465608465609
501715,0.39285714285714274
501916,0.46031746031746024
502356,0.3522927689594357
502711,0.7174603174603175
503052,1.0
504769,0.41798941798941774
507562,0.41534391534391524
507576,0.874074074074074
509162,0.36948853615520283
509759,0.7301587301587301
509950,0.4021164021164021
510614,0.3474426807760141
510672,0.3134920634920635
511057,0.34656084656084657
511838,0.8222222222222221
512234,0.5764550264550264
512406,0.2993827160493827
513915,0.5878306878306876
513948,0.7407407407407406
514169,0.9333333333333333
514378,0.3821869488536155
514487,0.4267195767195767
515246,0.3077601410934744
515335,0.42583774250440903
515574,0.4253968253968254
515837,0.3968253968253967
516812,0.32098765432098764
517291,0.332010582010582
517324,0.5716931216931216
517438,0.6529100529100528
517938,0.3955026455026454
518001,0.47301587301587283
518108,0.435185185185185
518911,0.4096119929453263
519101,0.3703703703703703
519731,0.6603174603174603
519793,0.43633156966490294
519990,1.0
520651,0.2729276895943563
520811,1.0
521292,1.0
521385,0.5825396825396824
521409,0.2955908289241622
521524,0.7703703703703701
521606,0.3214285714285714
521700,0.3536155202821869
521833,0.3721340388007054
522204,0.30599647266313934
522450,0.3796296296296296
522606,0.8222222222222222
522632,0.4391534391534391
524341,0.32054673721340393
524431,0.6455026455026455
524740,0.3156966490299824
524824,0.9333333333333333
525152,0.7629629629629628
525166,0.7999999999999998
525261,0.3201058201058201
525466,0.3743386243386243
527604,0.27469135802469136
527622,0.5238095238095237
528023,1.0
528258,0.26807760141093473
528901,0.35846560846560843
529044,1.0
529520,0.9333333333333331
529556,0.5006172839506172
530909,0.2808641975308642
531225,0.36904761904761907
531607,1.0
531733,0.33862433862433866
532195,0.35
532287,0.5801587301587302
532375,0.6063492063492062
533025,0.3126102292768959
533710,1.0
534876,1.0
535830,1.0
535970,1.0
537128,0.37830687830687826
537276,0.39232804232804236
537705,0.2970899470899471
537964,0.7629629629629627
537993,0.4514109347442681
538093,0.34700176366843033
538599,0.6095238095238096
539630,0.37698412698412703
540528,0.9333333333333333
541526,0.5896825396825397
541726,0.4087301587301587
541907,0.3249559082892416
542057,0.45546737213403876
542466,0.36278659611992936
542478,0.5312169312169311
542508,0.318342151675485
542957,0.3936507936507936
544187,0.5552910052910054
544602,0.6370370370370371
544810,0.32671957671957674
544974,0.45767195767195745
545075,0.6327160493827161
545791,0.33818342151675485
546990,1.0
547278,0.24753086419753087
547723,0.5396825396825397
547988,1.0
549022,0.28527336860670194
550193,0.6793650793650794
550265,0.41005291005291
550396,0.2588183421516755
552215,0.29629629629629634
554166,0.4259259259259259
555257,0.7703703703703704
555404,0.7851851851851849
556016,1.0
556032,1.0
557077,0.7999999999999998
557127,0.2848324514991182
557149,0.37169312169312163
557389,0.874074074074074
557903,0.9333333333333333
558168,0.5968253968253967
558395,0.6211640211640211
559195,0.41931216931216925
559359,0.8444444444444441
559418,1.0
559553,0.43121693121693117
559606,0.39232804232804225
559993,0.3756613756613757
560536,0.4050264550264549
561213,0.35361552028218696
561935,0.3439153439153439
562873,1.0
563135,0.2892416225749559
563562,0.31305114638447973
563636,0.4060846560846559
564150,0.37433862433862425
564226,0.4597883597883597
564802,1.0
565427,0.439153439153439
566199,0.8222222222222219
566348,0.7629629629629628
567518,0.508994708994709
567714,1.0
567877,0.6116402116402117
568399,0.46596119929453256
568838,0.5843915343915342
570118,0.7576719576719575
571598,0.19929453262786595
571642,0.6444444444444444
572379,0.36507936507936506
573111,0.3888888888888888
573424,0.3796296296296296
573771,0.5298941798941799
573880,1.0
574170,0.3849206349206349
576116,0.21428571428571425
576152,0.41137566137566134
577200,0.2967372134038801
577695,0.7343915343915343
578079,0.6021164021164022
578698,0.40608465608465605
579553,0.3853615520282187
579853,0.5373015873015872
579978,0.40511463844797174
581136,0.36719576719576713
581490,0.4404761904761903
582425,0.35582010582010576
582433,0.4346560846560846
582648,0.7999999999999998
582796,0.2887125220458554
583069,0.26014109347442677
583318,0.34656084656084657
583369,0.7629629629629631
584457,0.5642857142857143
584834,0.7703703703703704
585332,0.7291005291005289
585380,0.359347442680776
586218,0.5915343915343917
588010,0.5201058201058198
588054,0.3152557319223986
588844,0.3862433862433861
589312,1.0
589510,0.4038800705467372
589863,0.5603174603174602
590538,0.7629629629629628
590726,1.0
591248,0.3558201058201058
592051,0.6309523809523808
592647,0.3888888888888888
593418,0.487037037037037
593460,0.6116402116402117
593561,0.40343915343915326
593630,0.48359788359788347
593714,0.3139329805996473
594014,0.2879188712522046
595185,0.48015873015873
598293,1.0
599120,0.45238095238095233
599229,0.31084656084656087
599616,0.38359788359788355
599680,0.9333333333333331
599997,0.7999999999999997
601076,0.22945326278659614
601248,0.30776014109347444
601870,0.46675485008818335
602139,0.7185185185185186
603609,0.5788359788359789
604009,0.3514109347442681
604303,0.38756613756613745
604387,0.3461199294532628
604539,0.3862433862433862
605097,0.4563492063492062
608011,0.39682539682539675
611192,0.4822751322751323
611363,0.8148148148148147
612695,1.0
613099,0.3743386243386243
613326,0.31657848324514987
613991,0.7629629629629628
614266,0.2804232804232804
614472,1.0
615058,0.3981481481481481
615305,0.34003527336860667
617223,0.7851851851851849
618278,0.7037037037037037
618502,0.332010582010582
618663,1.0
619868,0.8222222222222221
619955,0.4483245149911816
621179,0.3791887125220458
621479,1.0
621707,1.0
621721,0.2627865961199295
622745,0.3253968253968254
623338,1.0
623373,0.4087301587301587
624337,0.517195767195767
625380,0.2830687830687831
625897,0.8296296296296294
626041,0.6888888888888888
626359,1.0
626557,0.3117283950617284
626936,0.5693121693121693
627642,0.3637566137566138
628503,0.3888888888888889
628867,0.2444444444444444
629734,1.0
629869,0.3619929453262787
630081,0.37248677248677253
630267,0.29056437389770723
630346,0.4378306878306877
630869,1.0
632131,0.7999999999999998
634085,0.27336860670194
634574,0.46111111111111114
634683,0.6349206349206349
635547,0.6804232804232803
636981,1.0
637590,0.553968253968254
638042,1.0
639924,0.5447089947089946
640704,0.670899470899471
641203,0.6264550264550265
641423,1.0
643020,0.2857142857142857
644030,1.0
644516,1.0
645490,0.7407407407407406
645824,0.34656084656084657
645970,1.0
647108,0.3558201058201058
647221,0.7037037037037037
648394,0.5873015873015873
648518,0.428042328042328
648720,0.414021164021164
648799,0.7999999999999998
649611,0.37910052910052905
650282,0.33686067019400356
651601,0.8222222222222221
651743,1.0
652157,0.3849206349206349
652478,0.7195767195767195
652768,0.874074074074074
652891,0.7851851851851849
653069,0.3558201058201058
653140,0.3849206349206349
654204,0.7999999999999998
654211,0.3328042328042328
654258,1.0
654276,0.8740740740740738
654496,0.3170194003527337
654659,0.9333333333333333
654908,0.8814814814814813
655627,0.26022927689594355
656860,0.7851851851851849
658282,0.32275132275132273
658852,0.8222222222222221
661309,0.6687830687830686
661657,0.6666666666666667
662079,0.48677248677248663
662125,0.33897707231040564
662490,1.0
663020,0.25396825396825395
663131,0.3827160493827161
665093,0.39109347442680775
665181,0.5224867724867724
665520,0.4166666666666667
665609,1.0
665639,1.0
667343,0.37433862433862425
667959,0.7164021164021163
668300,1.0
668437,0.41931216931216925
668596,0.3611111111111111
668972,0.3434744268077602
669816,1.0
671747,0.6645502645502644
671863,0.3756613756613756
672527,0.5735449735449735
672743,0.34523809523809523
673338,0.4055555555555555
674573,0.33906525573192237
675570,0.4421516754850087
675775,0.4214285714285713
675840,0.2976190476190476
675988,1.0
676095,1.0
676164,0.874074074074074
676553,0.5711640211640212
677383,1.0
677402,0.4544973544973544
677410,0.30952380952380953
677440,0.36904761904761907
677546,0.2993827160493827
677734,0.38756613756613745
678287,0.36243386243386244
678955,0.34567901234567905
679069,0.3968253968253967
679619,0.33483245149911817
680342,0.40211640211640204
681271,0.49285714285714277
681491,1.0
681628,0.8222222222222221
681904,0.7555555555555554
683028,0.18474426807760141
683559,0.47592592592592586
685076,0.6616402116402115
685101,0.5494708994708996
685591,1.0
685888,0.5883597883597883
686965,0.3835978835978836
687272,0.3650793650793651
687709,1.0
688091,0.3664021164021164
688116,0.5206349206349206
688353,0.45608465608465587
688491,0.36904761904761907
690668,0.7534391534391532
690954,0.6497354497354497
691115,0.3037918871252205
691430,0.7555555555555555
691842,1.0
692199,0.8222222222222219
692563,0.35670194003527333
692621,1.0
692937,1.0
692939,0.3804232804232804
693701,0.874074074074074
693916,0.326278659611993
695058,0.326278659611993
695638,0.7703703703703701
695843,0.27425044091710754
696696,0.4571428571428571
697064,0.3955026455026455
697275,0.652910052910053
697769,1.0
698426,0.8296296296296294
698783,0.48095238095238096
