true_label,sigma_fraction,shap_jaccard5,lime_jaccard5,pred_changed_rate,n
Benign,0.01,0.5325,0.5483730158730159,0.0,100
Benign,0.05,0.454563492063492,0.1173015873015873,0.01,100
Benign,0.1,0.4168253968253968,0.08892857142857143,0.09,100
Bot,0.01,0.29976190476190473,0.10686507936507937,0.94,100
Bot,0.05,0.37261904761904757,0.055674603174603175,1.0,100
Bot,0.1,0.3259920634920635,0.028888888888888888,0.98,100
Brute Force -Web,0.01,0.6435492801771872,0.4713455149501661,0.9186046511627907,86
Brute Force -Web,0.05,0.5769656699889257,0.4125599852344038,0.9651162790697675,86
Brute Force -Web,0.1,0.5494186046511628,0.3669250645994832,0.9767441860465116,86
Brute Force -XSS,0.01,0.6258116883116883,0.5309343434343434,0.8863636363636364,44
Brute Force -XSS,0.05,0.5362554112554112,0.51010101010101,1.0,44
Brute Force -XSS,0.1,0.522005772005772,0.5050505050505051,1.0,44
DDOS attack-HOIC,0.01,0.7142857142857143,0.11099206349206348,0.99,100
DDOS attack-HOIC,0.05,0.6633333333333333,0.061230158730158725,1.0,100
DDOS attack-HOIC,0.1,0.6414285714285713,0.025277777777777777,1.0,100
DDOS attack-LOIC-UDP,0.01,0.45154761904761903,1.0,0.43,100
DDOS attack-LOIC-UDP,0.05,0.4560714285714285,1.0,0.32,100
DDOS attack-LOIC-UDP,0.1,0.44027777777777777,1.0,0.32,100
DDoS attacks-LOIC-HTTP,0.01,0.40769841269841267,0.10444444444444445,0.89,100
DDoS attacks-LOIC-HTTP,0.05,0.37226190476190474,0.09742063492063492,0.97,100
DDoS attacks-LOIC-HTTP,0.1,0.3281746031746032,0.022777777777777775,0.95,100
DoS attacks-GoldenEye,0.01,0.5694047619047619,0.22484126984126984,0.78,100
DoS attacks-GoldenEye,0.05,0.49761904761904757,0.11543650793650792,0.95,100
DoS attacks-GoldenEye,0.1,0.4743650793650794,0.045396825396825394,0.95,100
DoS attacks-Hulk,0.01,0.4857142857142857,0.1767063492063492,1.0,100
DoS attacks-Hulk,0.05,0.44265873015873014,0.09444444444444444,0.97,100
DoS attacks-Hulk,0.1,0.44325396825396823,0.03583333333333333,1.0,100
DoS attacks-SlowHTTPTest,0.01,0.5211904761904761,0.13464285714285715,1.0,100
DoS attacks-SlowHTTPTest,0.05,0.5303571428571429,0.13103174603174603,1.0,100
DoS attacks-SlowHTTPTest,0.1,0.4980952380952381,0.041944444444444444,1.0,100
DoS attacks-Slowloris,0.01,0.6431349206349206,0.6780952380952381,0.34,100
DoS attacks-Slowloris,0.05,0.5894047619047619,0.3975793650793651,0.43,100
DoS attacks-Slowloris,0.1,0.5930555555555554,0.27484126984126983,0.41,100
FTP-BruteForce,0.01,0.5346428571428571,0.37607142857142856,0.77,100
FTP-BruteForce,0.05,0.5003571428571428,0.19765873015873014,0.86,100
FTP-BruteForce,0.1,0.5,0.10293650793650792,0.84,100
Infilteration,0.01,0.325,0.3004365079365079,0.9,100
Infilteration,0.05,0.2496428571428571,0.12718253968253967,0.94,100
Infilteration,0.1,0.24083333333333332,0.04190476190476191,0.99,100
SQL Injection,0.01,0.6772486772486772,0.37169312169312163,1.0,9
SQL Injection,0.05,0.5674603174603174,0.18783068783068782,1.0,9
SQL Injection,0.1,0.5939153439153438,0.11552028218694883,1.0,9
SSH-Bruteforce,0.01,0.46833333333333327,0.27146825396825397,0.91,100
SSH-Bruteforce,0.05,0.4851587301587301,0.37476190476190474,0.93,100
SSH-Bruteforce,0.1,0.4491269841269841,0.2111111111111111,0.95,100
