true_label,feature,abs_weight
Benign,FIN Flag Cnt,0.30842362157435915
Benign,Tot Fwd Pkts,0.1936169844161756
Benign,Fwd Act Data Pkts,0.06681174944105256
Benign,RST Flag Cnt,0.06657200661465291
Benign,CWE Flag Count,0.05821579148490675
Bot,Dst Port,0.02054742369010301
Bot,RST Flag Cnt,0.018606713562374942
Bot,Bwd IAT Min,0.007047041741073266
Bot,FIN Flag Cnt,0.005846514066480174
Bot,Fwd URG Flags,0.0055204763817142425
Brute Force -Web,RST Flag Cnt,0.0024777121240183
Brute Force -Web,Fwd Pkt Len Std,0.002184696014263715
Brute Force -Web,Bwd Pkts/s,0.001449268164296092
Brute Force -Web,Dst Port,0.0013303051473158034
Brute Force -Web,Fwd IAT Min,0.0013104735778298197
Brute Force -XSS,Bwd Pkts/s,0.0013374669970839818
Brute Force -XSS,Tot Fwd Pkts,0.0012115323187666183
Brute Force -XSS,Subflow Fwd Pkts,0.0011777464828548522
Brute Force -XSS,Fwd IAT Mean,0.0011719282388608044
Brute Force -XSS,Flow Duration,0.0011567169899276682
DDOS attack-HOIC,Init Fwd Win Byts,0.01697616754842547
DDOS attack-HOIC,Dst Port,0.007976634581543155
DDOS attack-HOIC,FIN Flag Cnt,0.004181964009556779
DDOS attack-HOIC,Flow IAT Max,0.0035460098136494587
DDOS attack-HOIC,CWE Flag Count,0.003318523026535458
DDOS attack-LOIC-UDP,Tot Fwd Pkts,0.35459191164859705
DDOS attack-LOIC-UDP,Fwd Act Data Pkts,0.13205631650911032
DDOS attack-LOIC-UDP,Fwd Header Len,0.09468762135732588
DDOS attack-LOIC-UDP,Flow Duration,0.08748025291900992
DDOS attack-LOIC-UDP,Fwd URG Flags,0.038875487464274446
DDoS attacks-LOIC-HTTP,Fwd Pkts/s,0.018439950893176446
DDoS attacks-LOIC-HTTP,Fwd IAT Std,0.016425351533950402
DDoS attacks-LOIC-HTTP,FIN Flag Cnt,0.016412009339970994
DDoS attacks-LOIC-HTTP,Fwd IAT Tot,0.015620876555376553
DDoS attacks-LOIC-HTTP,CWE Flag Count,0.014235305190795322
DoS attacks-GoldenEye,Fwd Seg Size Min,0.04719803593862162
DoS attacks-GoldenEye,Fwd URG Flags,0.012362972666027589
DoS attacks-GoldenEye,FIN Flag Cnt,0.009471400004649405
DoS attacks-GoldenEye,Bwd Pkt Len Std,0.00841888590089587
DoS attacks-GoldenEye,Dst Port,0.004885095500060422
DoS attacks-Hulk,FIN Flag Cnt,0.33673922588079586
DoS attacks-Hulk,Fwd Seg Size Min,0.013033680983300685
DoS attacks-Hulk,Dst Port,0.004445572515898783
DoS attacks-Hulk,Tot Bwd Pkts,0.0025206171920963637
DoS attacks-Hulk,Fwd PSH Flags,0.0022362654478286876
DoS attacks-SlowHTTPTest,Fwd Seg Size Min,0.001734645514840246
DoS attacks-SlowHTTPTest,Init Fwd Win Byts,0.001321645952257909
DoS attacks-SlowHTTPTest,Init Bwd Win Byts,0.000913174208412012
DoS attacks-SlowHTTPTest,Bwd Header Len,0.000911421620410949
DoS attacks-SlowHTTPTest,Flow IAT Min,0.000873986988325786
DoS attacks-Slowloris,FIN Flag Cnt,0.01242054210757886
DoS attacks-Slowloris,Fwd Seg Size Min,0.0077686489566696874
DoS attacks-Slowloris,Fwd PSH Flags,0.003530610782803467
DoS attacks-Slowloris,SYN Flag Cnt,0.00290718543979738
DoS attacks-Slowloris,Active Std,0.0027575547362888608
FTP-BruteForce,Fwd Seg Size Min,0.001832891567006638
FTP-BruteForce,Init Fwd Win Byts,0.001399311175181108
FTP-BruteForce,Init Bwd Win Byts,0.000989403306256346
FTP-BruteForce,Bwd Header Len,0.000979241549409224
FTP-BruteForce,Fwd Header Len,0.000944932535938288
Infilteration,Fwd URG Flags,0.05476666291279843
Infilteration,RST Flag Cnt,0.037080678324050355
Infilteration,ECE Flag Cnt,0.02653502842140928
Infilteration,Fwd Pkt Len Mean,0.025834515109454413
Infilteration,Idle Max,0.024107949094095776
SQL Injection,Bwd IAT Std,0.0019234738946360443
SQL Injection,Flow Byts/s,0.001651353076241789
SQL Injection,Bwd Pkts/s,0.0015530660223366777
SQL Injection,Bwd IAT Tot,0.0014249958761749443
SQL Injection,Tot Bwd Pkts,0.0013379547281996444
SSH-Bruteforce,Dst Port,0.02535847711556729
SSH-Bruteforce,Init Bwd Win Byts,0.022621734612606827
SSH-Bruteforce,Fwd Act Data Pkts,0.009668521851582582
SSH-Bruteforce,URG Flag Cnt,0.00597313439185164
SSH-Bruteforce,Fwd URG Flags,0.0056051514792730935
