true_class,explained_class,n_samples,rank_overall,feature,mean_abs_shap_raw,mean_signed_shap_raw,net_direction,rank_within_direction,is_top5_positive,is_top5_negative,run_scope
DoS attacks-Hulk,DoS attacks-Hulk,38760,1,Fwd Seg Size Min,6.493319336893142,6.485904725245032,positive,1,True,False,complete_input
DoS attacks-Hulk,DoS attacks-Hulk,38760,2,Init Fwd Win Byts,0.22546818779552716,0.19270164862494257,positive,2,True,False,complete_input
DoS attacks-Hulk,DoS attacks-Hulk,38760,3,Tot Bwd Pkts,0.22484743167197868,0.21539425340635363,positive,3,True,False,complete_input
DoS attacks-Hulk,DoS attacks-Hulk,38760,4,Fwd Pkt Len Max,0.2033978684391092,0.2033978684391092,positive,4,True,False,complete_input
DoS attacks-Hulk,DoS attacks-Hulk,38760,5,Fwd IAT Min,0.07957319825088992,0.07814366418661182,positive,5,True,False,complete_input
DoS attacks-Hulk,DoS attacks-Hulk,38760,6,Bwd Pkt Len Std,0.0702138261493753,0.022648388304881237,positive,6,False,False,complete_input
DoS attacks-Hulk,DoS attacks-Hulk,38760,7,Flow Duration,0.05265517234432216,0.04938503006195421,positive,7,False,False,complete_input
DoS attacks-Hulk,DoS attacks-Hulk,38760,8,FIN Flag Cnt,0.024404939195315157,0.009188434723365795,positive,8,False,False,complete_input
DoS attacks-Hulk,DoS attacks-Hulk,38760,9,Flow IAT Min,0.011804361422540351,0.011786442273504408,positive,9,False,False,complete_input
DoS attacks-Hulk,DoS attacks-Hulk,38760,10,TotLen Bwd Pkts,0.00882158356784075,0.00882158356784075,positive,10,False,False,complete_input
DoS attacks-Hulk,DoS attacks-Hulk,38760,11,Bwd IAT Min,0.008236951196049143,0.006036020379025254,positive,11,False,False,complete_input
DoS attacks-Hulk,DoS attacks-Hulk,38760,12,Dst Port,0.007615595386758585,0.007615595386758585,positive,12,False,False,complete_input
DoS attacks-Hulk,DoS attacks-Hulk,38760,13,Pkt Len Std,0.003292085613201022,-0.0018521350077557056,negative,1,False,True,complete_input
DoS attacks-Hulk,DoS attacks-Hulk,38760,14,Fwd Pkt Len Mean,0.002687614278143579,-0.0024728846720784327,negative,2,False,True,complete_input
DoS attacks-Hulk,DoS attacks-Hulk,38760,15,Fwd IAT Mean,0.002204089405019271,0.002185924308002256,positive,13,False,False,complete_input
DoS attacks-Hulk,DoS attacks-Hulk,38760,16,Fwd IAT Tot,0.002118400653036646,0.002115161089483631,positive,14,False,False,complete_input
DoS attacks-Hulk,DoS attacks-Hulk,38760,17,Fwd Pkts/s,0.0013819494321347038,0.0013415679105992287,positive,15,False,False,complete_input
DoS attacks-Hulk,DoS attacks-Hulk,38760,18,Fwd Pkt Len Std,0.0012307686028055055,-0.001143794790739633,negative,3,False,True,complete_input
DoS attacks-Hulk,DoS attacks-Hulk,38760,19,Tot Fwd Pkts,0.0012281698550353722,-0.0008359355914698237,negative,4,False,True,complete_input
DoS attacks-Hulk,DoS attacks-Hulk,38760,20,Bwd Pkts/s,0.0006419978548545389,-0.00047819500507273753,negative,5,False,True,complete_input
DoS attacks-Hulk,DoS attacks-Hulk,38760,21,Bwd IAT Std,0.0005917022833429497,-0.0005835336926845481,negative,6,False,False,complete_input
DoS attacks-Hulk,DoS attacks-Hulk,38760,22,Flow IAT Std,0.00047218315149809704,0.00031992730194926747,positive,16,False,False,complete_input
DoS attacks-Hulk,DoS attacks-Hulk,38760,23,Flow Byts/s,0.00046979664599701237,-0.000323069165073315,negative,7,False,False,complete_input
DoS attacks-Hulk,DoS attacks-Hulk,38760,24,Flow Pkts/s,0.00042641390951538157,-0.00040146533412789776,negative,8,False,False,complete_input
DoS attacks-Hulk,DoS attacks-Hulk,38760,25,Fwd Header Len,0.000324572813565306,0.00029854741769029937,positive,17,False,False,complete_input
DoS attacks-Hulk,DoS attacks-Hulk,38760,26,Bwd Pkt Len Mean,0.00024607433581140645,0.0002019296294628359,positive,18,False,False,complete_input
DoS attacks-Hulk,DoS attacks-Hulk,38760,27,Fwd IAT Std,0.00021445447779787087,-0.00013115817601069574,negative,9,False,False,complete_input
DoS attacks-Hulk,DoS attacks-Hulk,38760,28,Pkt Len Mean,0.00019056489870239034,-0.00017514477849555634,negative,10,False,False,complete_input
DoS attacks-Hulk,DoS attacks-Hulk,38760,29,Flow IAT Max,0.00010073313233705317,4.1806467484224846e-05,positive,19,False,False,complete_input
DoS attacks-Hulk,DoS attacks-Hulk,38760,30,Flow IAT Mean,5.336812329236518e-05,-1.8703259172725026e-05,negative,11,False,False,complete_input
DoS attacks-Hulk,DoS attacks-Hulk,38760,31,TotLen Fwd Pkts,4.850713708183283e-05,-4.4570863150806006e-05,negative,12,False,False,complete_input
DoS attacks-Hulk,DoS attacks-Hulk,38760,32,Active Mean,3.503666725987222e-05,3.503666725987222e-05,positive,20,False,False,complete_input
DoS attacks-Hulk,DoS attacks-Hulk,38760,33,Bwd IAT Tot,3.6504767480598263e-06,-1.5013390741063598e-06,negative,13,False,False,complete_input
DoS attacks-Hulk,DoS attacks-Hulk,38760,34,ACK Flag Cnt,0.0,0.0,zero,,False,False,complete_input
DoS attacks-Hulk,DoS attacks-Hulk,38760,35,Active Max,0.0,0.0,zero,,False,False,complete_input
DoS attacks-Hulk,DoS attacks-Hulk,38760,36,Active Min,0.0,0.0,zero,,False,False,complete_input
DoS attacks-Hulk,DoS attacks-Hulk,38760,37,Active Std,0.0,0.0,zero,,False,False,complete_input
DoS attacks-Hulk,DoS attacks-Hulk,38760,38,Bwd Blk Rate Avg,0.0,0.0,zero,,False,False,complete_input
DoS attacks-Hulk,DoS attacks-Hulk,38760,39,Bwd Byts/b Avg,0.0,0.0,zero,,False,False,complete_input
DoS attacks-Hulk,DoS attacks-Hulk,38760,40,Bwd Header Len,0.0,0.0,zero,,False,False,complete_input
DoS attacks-Hulk,DoS attacks-Hulk,38760,41,Bwd IAT Max,0.0,0.0,zero,,False,False,complete_input
DoS attacks-Hulk,DoS attacks-Hulk,38760,42,Bwd IAT Mean,0.0,0.0,zero,,False,False,complete_input
DoS attacks-Hulk,DoS attacks-Hulk,38760,43,Bwd PSH Flags,0.0,0.0,zero,,False,False,complete_input
DoS attacks-Hulk,DoS attacks-Hulk,38760,44,Bwd Pkt Len Max,0.0,0.0,zero,,False,False,complete_input
DoS attacks-Hulk,DoS attacks-Hulk,38760,45,Bwd Pkt Len Min,0.0,0.0,zero,,False,False,complete_input
DoS attacks-Hulk,DoS attacks-Hulk,38760,46,Bwd Pkts/b Avg,0.0,0.0,zero,,False,False,complete_input
DoS attacks-Hulk,DoS attacks-Hulk,38760,47,Bwd Seg Size Avg,0.0,0.0,zero,,False,False,complete_input
DoS attacks-Hulk,DoS attacks-Hulk,38760,48,Bwd URG Flags,0.0,0.0,zero,,False,False,complete_input
DoS attacks-Hulk,DoS attacks-Hulk,38760,49,CWE Flag Count,0.0,0.0,zero,,False,False,complete_input
DoS attacks-Hulk,DoS attacks-Hulk,38760,50,Down/Up Ratio,0.0,0.0,zero,,False,False,complete_input
DoS attacks-Hulk,DoS attacks-Hulk,38760,51,ECE Flag Cnt,0.0,0.0,zero,,False,False,complete_input
DoS attacks-Hulk,DoS attacks-Hulk,38760,52,Fwd Act Data Pkts,0.0,0.0,zero,,False,False,complete_input
DoS attacks-Hulk,DoS attacks-Hulk,38760,53,Fwd Blk Rate Avg,0.0,0.0,zero,,False,False,complete_input
DoS attacks-Hulk,DoS attacks-Hulk,38760,54,Fwd Byts/b Avg,0.0,0.0,zero,,False,False,complete_input
DoS attacks-Hulk,DoS attacks-Hulk,38760,55,Fwd IAT Max,0.0,0.0,zero,,False,False,complete_input
DoS attacks-Hulk,DoS attacks-Hulk,38760,56,Fwd PSH Flags,0.0,0.0,zero,,False,False,complete_input
DoS attacks-Hulk,DoS attacks-Hulk,38760,57,Fwd Pkt Len Min,0.0,0.0,zero,,False,False,complete_input
DoS attacks-Hulk,DoS attacks-Hulk,38760,58,Fwd Pkts/b Avg,0.0,0.0,zero,,False,False,complete_input
DoS attacks-Hulk,DoS attacks-Hulk,38760,59,Fwd Seg Size Avg,0.0,0.0,zero,,False,False,complete_input
DoS attacks-Hulk,DoS attacks-Hulk,38760,60,Fwd URG Flags,0.0,0.0,zero,,False,False,complete_input
DoS attacks-Hulk,DoS attacks-Hulk,38760,61,Idle Max,0.0,0.0,zero,,False,False,complete_input
DoS attacks-Hulk,DoS attacks-Hulk,38760,62,Idle Mean,0.0,0.0,zero,,False,False,complete_input
DoS attacks-Hulk,DoS attacks-Hulk,38760,63,Idle Min,0.0,0.0,zero,,False,False,complete_input
DoS attacks-Hulk,DoS attacks-Hulk,38760,64,Idle Std,0.0,0.0,zero,,False,False,complete_input
DoS attacks-Hulk,DoS attacks-Hulk,38760,65,Init Bwd Win Byts,0.0,0.0,zero,,False,False,complete_input
DoS attacks-Hulk,DoS attacks-Hulk,38760,66,PSH Flag Cnt,0.0,0.0,zero,,False,False,complete_input
DoS attacks-Hulk,DoS attacks-Hulk,38760,67,Pkt Len Max,0.0,0.0,zero,,False,False,complete_input
DoS attacks-Hulk,DoS attacks-Hulk,38760,68,Pkt Len Min,0.0,0.0,zero,,False,False,complete_input
DoS attacks-Hulk,DoS attacks-Hulk,38760,69,Pkt Len Var,0.0,0.0,zero,,False,False,complete_input
DoS attacks-Hulk,DoS attacks-Hulk,38760,70,Pkt Size Avg,0.0,0.0,zero,,False,False,complete_input
DoS attacks-Hulk,DoS attacks-Hulk,38760,71,Protocol,0.0,0.0,zero,,False,False,complete_input
DoS attacks-Hulk,DoS attacks-Hulk,38760,72,RST Flag Cnt,0.0,0.0,zero,,False,False,complete_input
DoS attacks-Hulk,DoS attacks-Hulk,38760,73,SYN Flag Cnt,0.0,0.0,zero,,False,False,complete_input
DoS attacks-Hulk,DoS attacks-Hulk,38760,74,Subflow Bwd Byts,0.0,0.0,zero,,False,False,complete_input
DoS attacks-Hulk,DoS attacks-Hulk,38760,75,Subflow Bwd Pkts,0.0,0.0,zero,,False,False,complete_input
DoS attacks-Hulk,DoS attacks-Hulk,38760,76,Subflow Fwd Byts,0.0,0.0,zero,,False,False,complete_input
DoS attacks-Hulk,DoS attacks-Hulk,38760,77,Subflow Fwd Pkts,0.0,0.0,zero,,False,False,complete_input
DoS attacks-Hulk,DoS attacks-Hulk,38760,78,URG Flag Cnt,0.0,0.0,zero,,False,False,complete_input
