flow_id,true_label,pred_label,explained_for,class_explained,shap_top5,shap_top5_concentration,lime_top5,lime_local_r2,shap_lime_jaccard5,n_env_features_in_shap_top5
1771,Bot,Benign,predicted,Benign,Dst Port;Flow IAT Min;Fwd Pkt Len Max;Fwd Pkt Len Mean;Init Fwd Win Byts,0.7770118117332458,Fwd Pkt Len Max;Fwd Pkt Len Mean;Fwd Pkts/s;Fwd URG Flags;Idle Mean,0.19645940487791802,0.25,2
1771,Bot,Benign,true,Bot,Dst Port;Fwd IAT Min;Fwd IAT Std;Protocol;Tot Fwd Pkts,0.9187896251678467,Dst Port;Fwd IAT Max;PSH Flag Cnt;RST Flag Cnt;Subflow Bwd Byts,0.1362170204411074,0.1111111111111111,1
2097,DDoS attacks-LOIC-HTTP,DDOS attack-LOIC-UDP,predicted,DDOS attack-LOIC-UDP,Flow IAT Min;Fwd Act Data Pkts;Fwd Header Len;Fwd IAT Tot;Tot Fwd Pkts,0.9275726675987244,Dst Port;Flow Duration;Protocol;Tot Bwd Pkts;Tot Fwd Pkts,1.0,0.1111111111111111,0
2097,DDoS attacks-LOIC-HTTP,DDOS attack-LOIC-UDP,true,DDoS attacks-LOIC-HTTP,Fwd Act Data Pkts;Fwd IAT Tot;Fwd Pkts/s;Init Fwd Win Byts;Tot Fwd Pkts,0.8457119464874268,Dst Port;Flow Duration;Protocol;Tot Bwd Pkts;Tot Fwd Pkts,1.0,0.1111111111111111,1
3906,Benign,Infilteration,predicted,Infilteration,Dst Port;Fwd Header Len;Fwd Pkt Len Max;Fwd Seg Size Min;PSH Flag Cnt,0.8295579552650452,Fwd Pkt Len Max;Fwd URG Flags;Init Fwd Win Byts;Pkt Len Mean;Pkt Size Avg,0.35360777373673524,0.1111111111111111,2
3906,Benign,Infilteration,true,Benign,Dst Port;Flow IAT Min;Fwd Pkt Len Max;Fwd Pkt Len Mean;Fwd Seg Size Min,0.5963320136070251,Bwd Pkt Len Std;Bwd Pkts/s;Dst Port;Fwd Pkt Len Max;Init Fwd Win Byts,0.274820996423632,0.25,2
5966,DDOS attack-LOIC-UDP,Benign,predicted,Benign,Bwd Pkt Len Mean;Fwd Header Len;Fwd Pkt Len Max;Tot Fwd Pkts;TotLen Fwd Pkts,0.6798965334892273,Dst Port;Flow Duration;Protocol;Tot Bwd Pkts;Tot Fwd Pkts,1.0,0.1111111111111111,0
5966,DDOS attack-LOIC-UDP,Benign,true,DDOS attack-LOIC-UDP,Flow Duration;Flow IAT Max;Fwd Act Data Pkts;Fwd Header Len;Tot Fwd Pkts,0.9572605490684509,Dst Port;Flow Duration;Protocol;Tot Bwd Pkts;Tot Fwd Pkts,1.0,0.25,0
12970,Brute Force -Web,SQL Injection,predicted,SQL Injection,Dst Port;Flow IAT Min;Fwd Pkt Len Std;Fwd Pkts/s;Init Fwd Win Byts,0.8891990184783936,ACK Flag Cnt;Fwd Pkt Len Mean;PSH Flag Cnt;Pkt Len Mean;Pkt Size Avg,0.4324613174468305,0.0,2
12970,Brute Force -Web,SQL Injection,true,Brute Force -Web,Bwd Pkts/s;Dst Port;Fwd Pkts/s;Init Bwd Win Byts;Init Fwd Win Byts,0.7406771779060364,ACK Flag Cnt;Bwd Pkt Len Std;Fwd Seg Size Avg;Pkt Len Mean;Protocol,0.3882018914436055,0.0,2
21007,FTP-BruteForce,DoS attacks-SlowHTTPTest,predicted,DoS attacks-SlowHTTPTest,Bwd Pkts/s;Flow Duration;Flow IAT Max;Flow IAT Mean;Fwd Seg Size Min,0.9698904156684875,Bwd Pkt Len Std;Bwd Pkts/s;Flow Pkts/s;Fwd Seg Size Min;Pkt Len Std,0.8629727638607461,0.25,1
21007,FTP-BruteForce,DoS attacks-SlowHTTPTest,true,FTP-BruteForce,Flow IAT Max;Flow IAT Mean;Flow IAT Min;Flow Pkts/s;Fwd Seg Size Min,0.9544366002082825,Bwd Pkts/s;Flow Pkts/s;Fwd Pkts/s;Fwd Seg Size Min;Pkt Len Max,0.843785673851763,0.25,1
32605,DoS attacks-SlowHTTPTest,FTP-BruteForce,predicted,FTP-BruteForce,Flow IAT Max;Flow IAT Mean;Flow IAT Min;Flow Pkts/s;Fwd Seg Size Min,0.9680131077766418,Bwd Pkts/s;Flow Pkts/s;Fwd Pkts/s;Fwd Seg Size Min;PSH Flag Cnt,0.9883670318536867,0.25,1
32605,DoS attacks-SlowHTTPTest,FTP-BruteForce,true,DoS attacks-SlowHTTPTest,Bwd Pkts/s;Flow Duration;Flow IAT Max;Flow IAT Min;Fwd Seg Size Min,0.9771498441696167,Bwd Pkts/s;Flow Pkts/s;Fwd Pkts/s;Fwd Seg Size Min;PSH Flag Cnt,0.9855864328144318,0.25,1
49559,Infilteration,Benign,predicted,Benign,Bwd IAT Min;Dst Port;Fwd IAT Std;Fwd Pkt Len Max;Init Fwd Win Byts,0.6339853405952454,Dst Port;Fwd IAT Tot;Fwd Pkt Len Mean;Init Bwd Win Byts;Init Fwd Win Byts,0.2121558538980336,0.25,2
49559,Infilteration,Benign,true,Infilteration,Bwd IAT Min;Dst Port;Flow IAT Max;Fwd Header Len;Fwd Pkt Len Mean,0.44641607999801636,Dst Port;Fwd Pkt Len Mean;Fwd URG Flags;Init Bwd Win Byts;Init Fwd Win Byts,0.30764937172707374,0.25,1
52991,DoS attacks-SlowHTTPTest,FTP-BruteForce,predicted,FTP-BruteForce,Flow Duration;Flow IAT Max;Flow IAT Min;Flow Pkts/s;Fwd Seg Size Min,0.9651005864143372,Fwd Seg Size Min;Init Fwd Win Byts;PSH Flag Cnt;Pkt Len Std;Tot Fwd Pkts,0.6096173584791407,0.1111111111111111,1
52991,DoS attacks-SlowHTTPTest,FTP-BruteForce,true,DoS attacks-SlowHTTPTest,Bwd Pkts/s;Dst Port;Flow Duration;Flow IAT Min;Fwd Seg Size Min,0.9518668055534363,Fwd Pkt Len Mean;Fwd Seg Size Min;Init Fwd Win Byts;PSH Flag Cnt;Pkt Len Var,0.669157220416227,0.1111111111111111,2
58039,DDoS attacks-LOIC-HTTP,DDOS attack-LOIC-UDP,predicted,DDOS attack-LOIC-UDP,Flow IAT Std;Fwd Act Data Pkts;Fwd Header Len;Fwd IAT Tot;Tot Fwd Pkts,0.9246894717216492,Dst Port;Flow Duration;Protocol;Tot Bwd Pkts;Tot Fwd Pkts,1.0,0.1111111111111111,0
58039,DDoS attacks-LOIC-HTTP,DDOS attack-LOIC-UDP,true,DDoS attacks-LOIC-HTTP,Fwd IAT Std;Fwd IAT Tot;Fwd Pkts/s;Init Fwd Win Byts;Tot Fwd Pkts,0.8500482439994812,Dst Port;Flow Duration;Protocol;Tot Bwd Pkts;Tot Fwd Pkts,1.0,0.1111111111111111,1
59485,SQL Injection,Brute Force -Web,predicted,Brute Force -Web,Bwd Pkts/s;Dst Port;Fwd IAT Min;Fwd Pkts/s;Init Fwd Win Byts,0.7833943367004395,ACK Flag Cnt;Fwd Pkt Len Std;Fwd Pkts/s;PSH Flag Cnt;Pkt Len Std,0.4934973167130047,0.1111111111111111,2
59485,SQL Injection,Brute Force -Web,true,SQL Injection,Dst Port;Flow IAT Min;Fwd IAT Min;Fwd Pkts/s;Init Fwd Win Byts,0.8611534833908081,ACK Flag Cnt;Bwd Pkt Len Std;Fwd Pkt Len Mean;Fwd Pkt Len Std;Pkt Size Avg,0.47928218067713213,0.0,2
63181,Brute Force -Web,Benign,predicted,Benign,Bwd Pkt Len Mean;Dst Port;Fwd IAT Std;Fwd Pkt Len Mean;Pkt Len Mean,0.5350530743598938,Fwd Pkt Len Mean;Fwd Pkt Len Min;Fwd Seg Size Avg;Idle Std;Pkt Len Min,0.0,0.1111111111111111,1
63181,Brute Force -Web,Benign,true,Brute Force -Web,Bwd Pkts/s;Fwd IAT Min;Fwd Pkt Len Max;Fwd Pkt Len Mean;Idle Min,0.8534693121910095,Fwd Pkt Len Mean;Fwd Pkt Len Min;Fwd Seg Size Avg;Idle Std;Pkt Len Min,0.0,0.1111111111111111,0
66886,Infilteration,Benign,predicted,Benign,Dst Port;Fwd Pkt Len Max;Fwd Pkt Len Mean;Fwd Seg Size Min;Init Fwd Win Byts,0.7380102872848511,Bwd Pkts/s;Dst Port;Flow IAT Min;Flow Pkts/s;Fwd Pkts/s,0.6902449108103251,0.1111111111111111,3
66886,Infilteration,Benign,true,Infilteration,Bwd Pkts/s;Dst Port;Fwd Header Len;Fwd Seg Size Min;PSH Flag Cnt,0.7713102102279663,Bwd Pkts/s;Flow Pkts/s;Fwd Pkts/s;Fwd URG Flags;PSH Flag Cnt,0.8722104507119284,0.25,2
71068,DDoS attacks-LOIC-HTTP,DDOS attack-LOIC-UDP,predicted,DDOS attack-LOIC-UDP,Flow IAT Std;Fwd Act Data Pkts;Fwd Header Len;Fwd IAT Tot;Tot Fwd Pkts,0.9141196608543396,Dst Port;Flow Duration;Protocol;Tot Bwd Pkts;Tot Fwd Pkts,1.0,0.1111111111111111,0
71068,DDoS attacks-LOIC-HTTP,DDOS attack-LOIC-UDP,true,DDoS attacks-LOIC-HTTP,Fwd Act Data Pkts;Fwd IAT Tot;Fwd Pkts/s;Init Fwd Win Byts;Tot Fwd Pkts,0.8497194647789001,Dst Port;Flow Duration;Protocol;Tot Bwd Pkts;Tot Fwd Pkts,1.0,0.1111111111111111,1
72209,DDoS attacks-LOIC-HTTP,DDOS attack-LOIC-UDP,predicted,DDOS attack-LOIC-UDP,Fwd Act Data Pkts;Fwd Header Len;Fwd IAT Tot;Fwd Pkts/s;Tot Fwd Pkts,0.9345965385437012,Dst Port;Flow Duration;Protocol;Tot Bwd Pkts;Tot Fwd Pkts,1.0,0.1111111111111111,0
72209,DDoS attacks-LOIC-HTTP,DDOS attack-LOIC-UDP,true,DDoS attacks-LOIC-HTTP,Fwd Act Data Pkts;Fwd IAT Tot;Fwd Pkts/s;Init Fwd Win Byts;Tot Fwd Pkts,0.843914806842804,Dst Port;Flow Duration;Protocol;Tot Bwd Pkts;Tot Fwd Pkts,1.0,0.1111111111111111,1
74289,SQL Injection,Brute Force -Web,predicted,Brute Force -Web,Bwd Pkts/s;Dst Port;Flow IAT Min;Fwd Pkts/s;Init Fwd Win Byts,0.7835375666618347,ACK Flag Cnt;Bwd Pkt Len Mean;Bwd Pkt Len Std;Fwd Pkt Len Mean;Fwd Seg Size Avg,0.45903210430047614,0.0,2
74289,SQL Injection,Brute Force -Web,true,SQL Injection,Dst Port;Flow IAT Min;Fwd IAT Min;Fwd Pkts/s;Init Fwd Win Byts,0.7256757020950317,Bwd IAT Mean;Down/Up Ratio;Flow IAT Min;Fwd IAT Mean;Fwd Pkts/b Avg,0.041708728448596966,0.1111111111111111,2
77993,FTP-BruteForce,DoS attacks-SlowHTTPTest,predicted,DoS attacks-SlowHTTPTest,Bwd Pkts/s;Flow Duration;Flow IAT Max;Flow IAT Min;Fwd Seg Size Min,0.9605045318603516,Bwd Pkt Len Mean;Fwd Seg Size Min;Init Fwd Win Byts;PSH Flag Cnt;Pkt Size Avg,0.6625769034927742,0.1111111111111111,1
77993,FTP-BruteForce,DoS attacks-SlowHTTPTest,true,FTP-BruteForce,Dst Port;Flow IAT Max;Flow IAT Min;Flow Pkts/s;Fwd Seg Size Min,0.9923790097236633,Bwd Pkt Len Max;Fwd Seg Size Avg;Fwd Seg Size Min;Init Fwd Win Byts;PSH Flag Cnt,0.647803147710099,0.1111111111111111,2
81969,Brute Force -Web,Benign,predicted,Benign,ECE Flag Cnt;Fwd IAT Std;Fwd Pkt Len Max;Init Fwd Win Byts;RST Flag Cnt,0.6692032814025879,Bwd Pkt Len Mean;Pkt Len Mean;Pkt Len Std;Pkt Len Var;Pkt Size Avg,4.5152770411505116e-13,0.0,1
81969,Brute Force -Web,Benign,true,Brute Force -Web,Bwd Pkt Len Std;Bwd Pkts/s;Dst Port;Fwd Pkt Len Std;Init Bwd Win Byts,0.6411880850791931,Bwd Pkt Len Mean;Bwd Seg Size Avg;Pkt Len Mean;Pkt Len Var;Pkt Size Avg,3.519962099574059e-12,0.0,1
88665,DoS attacks-SlowHTTPTest,FTP-BruteForce,predicted,FTP-BruteForce,Flow IAT Max;Flow IAT Mean;Flow IAT Min;Flow Pkts/s;Fwd Seg Size Min,0.9740664958953857,Bwd Pkt Len Max;Bwd Pkt Len Mean;Fwd Seg Size Min;Init Fwd Win Byts;PSH Flag Cnt,0.6760293583487351,0.1111111111111111,1
88665,DoS attacks-SlowHTTPTest,FTP-BruteForce,true,DoS attacks-SlowHTTPTest,Bwd Pkts/s;Flow Duration;Flow IAT Max;Flow Pkts/s;Fwd Seg Size Min,0.9551523923873901,Bwd Pkts/s;Fwd Pkt Len Max;Fwd Seg Size Min;Init Fwd Win Byts;PSH Flag Cnt,0.6632970599062987,0.25,1
89072,DDoS attacks-LOIC-HTTP,DDOS attack-LOIC-UDP,predicted,DDOS attack-LOIC-UDP,Fwd Act Data Pkts;Fwd Header Len;Fwd IAT Mean;Fwd IAT Tot;Tot Fwd Pkts,0.9153669476509094,Dst Port;Flow Duration;Protocol;Tot Bwd Pkts;Tot Fwd Pkts,1.0,0.1111111111111111,0
89072,DDoS attacks-LOIC-HTTP,DDOS attack-LOIC-UDP,true,DDoS attacks-LOIC-HTTP,Fwd Act Data Pkts;Fwd IAT Tot;Fwd Pkts/s;Init Fwd Win Byts;Tot Fwd Pkts,0.8499041199684143,Dst Port;Flow Duration;Protocol;Tot Bwd Pkts;Tot Fwd Pkts,1.0,0.1111111111111111,1
91364,FTP-BruteForce,DoS attacks-SlowHTTPTest,predicted,DoS attacks-SlowHTTPTest,Bwd Pkts/s;Flow Duration;Flow IAT Max;Flow IAT Mean;Fwd Seg Size Min,0.958850085735321,Bwd Pkts/s;Flow Pkts/s;Fwd Pkts/s;Fwd Seg Size Min;PSH Flag Cnt,0.7629527557778834,0.25,1
91364,FTP-BruteForce,DoS attacks-SlowHTTPTest,true,FTP-BruteForce,Flow IAT Max;Flow IAT Mean;Flow IAT Min;Flow Pkts/s;Fwd Seg Size Min,0.9567510485649109,Bwd Pkts/s;Flow Pkts/s;Fwd Seg Size Min;PSH Flag Cnt;Pkt Size Avg,0.7752121806407049,0.25,1
94926,DDOS attack-LOIC-UDP,DDoS attacks-LOIC-HTTP,predicted,DDoS attacks-LOIC-HTTP,Fwd Act Data Pkts;Fwd IAT Tot;Fwd Pkts/s;Init Fwd Win Byts;Tot Fwd Pkts,0.8476945161819458,Dst Port;Flow Duration;Protocol;Tot Bwd Pkts;Tot Fwd Pkts,1.0,0.1111111111111111,1
94926,DDOS attack-LOIC-UDP,DDoS attacks-LOIC-HTTP,true,DDOS attack-LOIC-UDP,Fwd Act Data Pkts;Fwd Header Len;Fwd IAT Mean;Fwd IAT Tot;Tot Fwd Pkts,0.9220945835113525,Dst Port;Flow Duration;Protocol;Tot Bwd Pkts;Tot Fwd Pkts,1.0,0.1111111111111111,0
95532,DoS attacks-SlowHTTPTest,FTP-BruteForce,predicted,FTP-BruteForce,Flow IAT Max;Flow IAT Mean;Flow IAT Min;Flow Pkts/s;Fwd Seg Size Min,0.9680131077766418,Bwd Pkts/s;Flow Pkts/s;Fwd Pkts/s;Fwd Seg Size Min;PSH Flag Cnt,0.9878524269328772,0.25,1
95532,DoS attacks-SlowHTTPTest,FTP-BruteForce,true,DoS attacks-SlowHTTPTest,Bwd Pkts/s;Flow Duration;Flow IAT Max;Flow IAT Min;Fwd Seg Size Min,0.9771498441696167,Bwd Pkts/s;Flow Pkts/s;Fwd Pkts/s;Fwd Seg Size Min;PSH Flag Cnt,0.9871066089402619,0.25,1
97260,DDoS attacks-LOIC-HTTP,Benign,predicted,Benign,Bwd Pkt Len Mean;Fwd Header Len;Fwd Pkt Len Max;Tot Fwd Pkts;TotLen Fwd Pkts,0.6811679601669312,Dst Port;Flow Duration;Protocol;Tot Bwd Pkts;Tot Fwd Pkts,1.0,0.1111111111111111,0
97260,DDoS attacks-LOIC-HTTP,Benign,true,DDoS attacks-LOIC-HTTP,Dst Port;Fwd Act Data Pkts;Fwd IAT Std;Fwd Pkts/s;Init Fwd Win Byts,0.6968502402305603,Dst Port;Flow Duration;Protocol;Tot Bwd Pkts;Tot Fwd Pkts,1.0,0.1111111111111111,2
98675,DoS attacks-SlowHTTPTest,FTP-BruteForce,predicted,FTP-BruteForce,Flow IAT Max;Flow IAT Mean;Flow IAT Min;Flow Pkts/s;Fwd Seg Size Min,0.9675496220588684,Bwd Pkts/s;Flow Pkts/s;Fwd Header Len;Fwd Pkts/s;Fwd Seg Size Min,0.9660316033328734,0.25,1
98675,DoS attacks-SlowHTTPTest,FTP-BruteForce,true,DoS attacks-SlowHTTPTest,Bwd Pkts/s;Flow Duration;Flow IAT Max;Flow IAT Min;Fwd Seg Size Min,0.975196361541748,Bwd Pkts/s;Flow Pkts/s;Fwd Pkts/s;Fwd Seg Size Min;PSH Flag Cnt,0.96359722639403,0.25,1
106461,Brute Force -Web,Benign,predicted,Benign,Bwd Pkt Len Mean;Dst Port;Fwd IAT Std;Fwd Pkt Len Mean;Pkt Len Mean,0.5350630283355713,Fwd Pkt Len Mean;Fwd Pkt Len Min;Fwd Seg Size Avg;Idle Std;Pkt Len Min,0.0,0.1111111111111111,1
106461,Brute Force -Web,Benign,true,Brute Force -Web,Bwd Pkts/s;Fwd IAT Min;Fwd Pkt Len Max;Fwd Pkt Len Mean;Idle Mean,0.851931631565094,Fwd Pkt Len Mean;Fwd Pkt Len Min;Fwd Seg Size Avg;Idle Std;Pkt Len Min,0.0,0.1111111111111111,0
110222,DoS attacks-SlowHTTPTest,FTP-BruteForce,predicted,FTP-BruteForce,Flow Duration;Flow IAT Max;Flow IAT Min;Flow Pkts/s;Fwd Seg Size Min,0.9784039258956909,Bwd Pkts/s;Flow Pkts/s;Fwd Pkts/s;Fwd Seg Size Min;Init Fwd Win Byts,0.0001179457381820237,0.25,1
110222,DoS attacks-SlowHTTPTest,FTP-BruteForce,true,DoS attacks-SlowHTTPTest,Bwd Pkts/s;Flow Duration;Flow IAT Max;Fwd Header Len;Fwd Seg Size Min,0.9715315103530884,Bwd Pkts/s;Bwd URG Flags;Flow Pkts/s;Fwd Pkts/s;Fwd Seg Size Min,0.00021034926386720443,0.25,1
118540,Infilteration,Benign,predicted,Benign,Dst Port;Fwd Pkt Len Max;Init Fwd Win Byts;RST Flag Cnt;Tot Bwd Pkts,0.694259762763977,Bwd Pkts/s;Dst Port;Fwd Seg Size Min;Init Bwd Win Byts;Init Fwd Win Byts,0.1948281538516029,0.25,2
118540,Infilteration,Benign,true,Infilteration,Bwd Pkt Len Min;Dst Port;Fwd Header Len;Init Fwd Win Byts;PSH Flag Cnt,0.6776940226554871,Dst Port;Fwd Pkt Len Mean;Fwd URG Flags;Init Bwd Win Byts;Init Fwd Win Byts,0.24583041747193846,0.25,2
132776,Benign,Infilteration,predicted,Infilteration,Dst Port;Fwd Header Len;Fwd Pkt Len Max;Fwd Seg Size Min;PSH Flag Cnt,0.8331679105758667,Dst Port;Fwd Pkt Len Max;Fwd URG Flags;Init Fwd Win Byts;Pkt Len Mean,0.2958922039061904,0.25,2
132776,Benign,Infilteration,true,Benign,Dst Port;Flow IAT Min;Fwd Pkt Len Max;Fwd Pkt Len Mean;Fwd Seg Size Min,0.6617914438247681,Dst Port;FIN Flag Cnt;Fwd Pkt Len Max;Init Fwd Win Byts;Pkt Len Mean,0.3046573899785775,0.25,2
132918,DDOS attack-LOIC-UDP,DDoS attacks-LOIC-HTTP,predicted,DDoS attacks-LOIC-HTTP,Fwd Act Data Pkts;Fwd IAT Tot;Fwd Pkts/s;Init Fwd Win Byts;Tot Fwd Pkts,0.8500256538391113,Dst Port;Flow Duration;Protocol;Tot Bwd Pkts;Tot Fwd Pkts,1.0,0.1111111111111111,1
132918,DDOS attack-LOIC-UDP,DDoS attacks-LOIC-HTTP,true,DDOS attack-LOIC-UDP,Flow IAT Mean;Fwd Act Data Pkts;Fwd Header Len;Fwd IAT Tot;Tot Fwd Pkts,0.9476298689842224,Dst Port;Flow Duration;Protocol;Tot Bwd Pkts;Tot Fwd Pkts,1.0,0.1111111111111111,0
136053,DDOS attack-LOIC-UDP,DDoS attacks-LOIC-HTTP,predicted,DDoS attacks-LOIC-HTTP,Fwd Act Data Pkts;Fwd IAT Tot;Fwd Pkts/s;Init Fwd Win Byts;Tot Fwd Pkts,0.8519260287284851,Dst Port;Flow Duration;Protocol;Tot Bwd Pkts;Tot Fwd Pkts,1.0,0.1111111111111111,1
136053,DDOS attack-LOIC-UDP,DDoS attacks-LOIC-HTTP,true,DDOS attack-LOIC-UDP,Flow IAT Mean;Fwd Act Data Pkts;Fwd Header Len;Fwd IAT Tot;Tot Fwd Pkts,0.9484306573867798,Dst Port;Flow Duration;Protocol;Tot Bwd Pkts;Tot Fwd Pkts,1.0,0.1111111111111111,0
139193,DDoS attacks-LOIC-HTTP,DDOS attack-LOIC-UDP,predicted,DDOS attack-LOIC-UDP,Flow IAT Std;Fwd Act Data Pkts;Fwd Header Len;Fwd IAT Tot;Tot Fwd Pkts,0.9298985600471497,Dst Port;Flow Duration;Protocol;Tot Bwd Pkts;Tot Fwd Pkts,1.0,0.1111111111111111,0
139193,DDoS attacks-LOIC-HTTP,DDOS attack-LOIC-UDP,true,DDoS attacks-LOIC-HTTP,Fwd Act Data Pkts;Fwd IAT Tot;Fwd Pkts/s;Init Fwd Win Byts;Tot Fwd Pkts,0.8508867621421814,Dst Port;Flow Duration;Protocol;Tot Bwd Pkts;Tot Fwd Pkts,1.0,0.1111111111111111,1
140769,FTP-BruteForce,DoS attacks-SlowHTTPTest,predicted,DoS attacks-SlowHTTPTest,Bwd Pkts/s;Flow Duration;Flow IAT Max;Flow IAT Mean;Fwd Seg Size Min,0.9698904156684875,Bwd Pkts/s;Flow Pkts/s;Fwd Pkts/s;Fwd Seg Size Min;Init Fwd Win Byts,0.8512960000280847,0.25,1
140769,FTP-BruteForce,DoS attacks-SlowHTTPTest,true,FTP-BruteForce,Flow IAT Max;Flow IAT Mean;Flow IAT Min;Flow Pkts/s;Fwd Seg Size Min,0.9544366002082825,Bwd Pkts/s;Flow Pkts/s;Fwd Seg Size Min;Pkt Len Mean;Pkt Len Var,0.7716086792471747,0.25,1
143251,DoS attacks-SlowHTTPTest,FTP-BruteForce,predicted,FTP-BruteForce,Dst Port;Flow IAT Max;Flow IAT Min;Flow Pkts/s;Fwd Seg Size Min,0.9799783229827881,Fwd Pkt Len Mean;Fwd Seg Size Avg;Fwd Seg Size Min;Init Fwd Win Byts;PSH Flag Cnt,0.6961647237856625,0.1111111111111111,2
143251,DoS attacks-SlowHTTPTest,FTP-BruteForce,true,DoS attacks-SlowHTTPTest,Bwd Pkts/s;Dst Port;Flow Duration;Flow IAT Max;Fwd Seg Size Min,0.9638105630874634,Bwd Pkts/s;Fwd Seg Size Avg;Fwd Seg Size Min;Init Fwd Win Byts;PSH Flag Cnt,0.6670918783712838,0.25,2
150944,FTP-BruteForce,DoS attacks-SlowHTTPTest,predicted,DoS attacks-SlowHTTPTest,Bwd Pkts/s;Flow Duration;Flow IAT Max;Flow IAT Mean;Fwd Seg Size Min,0.958850085735321,Bwd Pkts/s;Flow Pkts/s;Fwd Seg Size Min;Init Fwd Win Byts;PSH Flag Cnt,0.7731734859729296,0.25,1
150944,FTP-BruteForce,DoS attacks-SlowHTTPTest,true,FTP-BruteForce,Flow IAT Max;Flow IAT Mean;Flow IAT Min;Flow Pkts/s;Fwd Seg Size Min,0.9567510485649109,Bwd Pkts/s;Flow Pkts/s;Fwd Seg Size Min;Init Fwd Win Byts;Pkt Len Max,0.7173240832947747,0.25,1
151885,Infilteration,Benign,predicted,Benign,Dst Port;Fwd IAT Tot;Fwd Pkt Len Max;Init Fwd Win Byts;RST Flag Cnt,0.6014553904533386,Dst Port;Fwd IAT Mean;Fwd Pkt Len Max;Fwd Pkt Len Mean;Init Fwd Win Byts,0.22789133924051563,0.42857142857142855,2
151885,Infilteration,Benign,true,Infilteration,Dst Port;Flow Duration;Fwd Header Len;Init Fwd Win Byts;Pkt Len Mean,0.6403357982635498,Dst Port;Fwd URG Flags;Idle Max;Init Bwd Win Byts;Subflow Fwd Pkts,0.20772208295644912,0.1111111111111111,2
153948,Benign,Infilteration,predicted,Infilteration,Bwd IAT Min;Bwd IAT Std;Dst Port;Flow IAT Std;Tot Bwd Pkts,0.6024887561798096,Dst Port;Fwd Seg Size Min;Init Fwd Win Byts;Pkt Len Max;Protocol,0.43203771967010696,0.1111111111111111,1
153948,Benign,Infilteration,true,Benign,Bwd Pkts/s;Dst Port;Fwd IAT Mean;Fwd Pkt Len Max;Fwd Pkt Len Mean,0.706993579864502,Dst Port;Fwd Seg Size Min;Fwd URG Flags;Init Fwd Win Byts;PSH Flag Cnt,0.35668109477890375,0.1111111111111111,1
154647,DoS attacks-SlowHTTPTest,FTP-BruteForce,predicted,FTP-BruteForce,Flow IAT Max;Flow IAT Mean;Flow IAT Min;Flow Pkts/s;Fwd Seg Size Min,0.9680131077766418,Bwd Pkts/s;Flow Pkts/s;Fwd Pkts/s;Fwd Seg Size Min;PSH Flag Cnt,0.9869990538815334,0.25,1
154647,DoS attacks-SlowHTTPTest,FTP-BruteForce,true,DoS attacks-SlowHTTPTest,Bwd Pkts/s;Flow Duration;Flow IAT Max;Flow IAT Min;Fwd Seg Size Min,0.9771498441696167,Bwd Pkts/s;Flow Pkts/s;Fwd Pkts/s;Fwd Seg Size Min;PSH Flag Cnt,0.9855857740252818,0.25,1
158360,SQL Injection,Brute Force -Web,predicted,Brute Force -Web,Bwd Pkts/s;Dst Port;Fwd IAT Min;Fwd Pkts/s;Init Fwd Win Byts,0.785893976688385,ACK Flag Cnt;Bwd Pkt Len Max;PSH Flag Cnt;Pkt Len Max;Pkt Len Std,0.44828698446903104,0.0,2
158360,SQL Injection,Brute Force -Web,true,SQL Injection,Dst Port;Flow IAT Min;Fwd IAT Min;Fwd Pkts/s;Init Fwd Win Byts,0.858171820640564,ACK Flag Cnt;ECE Flag Cnt;Fwd Pkt Len Max;Fwd Seg Size Avg;RST Flag Cnt,0.4462632157171146,0.0,2
161608,DDoS attacks-LOIC-HTTP,DDOS attack-LOIC-UDP,predicted,DDOS attack-LOIC-UDP,Flow IAT Std;Fwd Act Data Pkts;Fwd IAT Mean;Fwd IAT Tot;Tot Fwd Pkts,0.888145387172699,Dst Port;Flow Duration;Protocol;Tot Bwd Pkts;Tot Fwd Pkts,1.0,0.1111111111111111,0
161608,DDoS attacks-LOIC-HTTP,DDOS attack-LOIC-UDP,true,DDoS attacks-LOIC-HTTP,Fwd IAT Std;Fwd IAT Tot;Fwd Pkts/s;Init Fwd Win Byts;Tot Fwd Pkts,0.8248727321624756,Dst Port;Flow Duration;Protocol;Tot Bwd Pkts;Tot Fwd Pkts,1.0,0.1111111111111111,1
162102,DDoS attacks-LOIC-HTTP,Benign,predicted,Benign,Dst Port;Flow Duration;Fwd IAT Tot;Fwd Pkt Len Max;Fwd Pkt Len Mean,0.7876772284507751,Dst Port;Fwd IAT Tot;Fwd Pkt Len Max;Init Fwd Win Byts;Pkt Len Mean,0.25410827167374117,0.42857142857142855,1
162102,DDoS attacks-LOIC-HTTP,Benign,true,DDoS attacks-LOIC-HTTP,Flow IAT Max;Flow IAT Min;Fwd IAT Std;Fwd Pkts/s;Init Fwd Win Byts,0.8992558717727661,Fwd IAT Tot;Fwd Pkt Len Max;Fwd Pkt Len Mean;Fwd Pkts/s;Pkt Len Max,0.3202275053662952,0.1111111111111111,1
176584,DDOS attack-LOIC-UDP,DDoS attacks-LOIC-HTTP,predicted,DDoS attacks-LOIC-HTTP,Fwd Act Data Pkts;Fwd IAT Tot;Fwd Pkts/s;Init Fwd Win Byts;Tot Fwd Pkts,0.8543069362640381,Dst Port;Flow Duration;Protocol;Tot Bwd Pkts;Tot Fwd Pkts,1.0,0.1111111111111111,1
176584,DDOS attack-LOIC-UDP,DDoS attacks-LOIC-HTTP,true,DDOS attack-LOIC-UDP,Flow IAT Std;Fwd Act Data Pkts;Fwd Header Len;Fwd IAT Tot;Tot Fwd Pkts,0.9325849413871765,Dst Port;Flow Duration;Protocol;Tot Bwd Pkts;Tot Fwd Pkts,1.0,0.1111111111111111,0
179232,Benign,Infilteration,predicted,Infilteration,Flow Duration;Flow IAT Std;Fwd Header Len;Fwd Seg Size Min;PSH Flag Cnt,0.7880116701126099,Bwd Seg Size Avg;Dst Port;Init Fwd Win Byts;PSH Flag Cnt;Pkt Len Mean,0.3694490367104437,0.1111111111111111,1
179232,Benign,Infilteration,true,Benign,Dst Port;Fwd Pkt Len Max;Fwd Pkt Len Mean;Fwd Seg Size Min;Init Fwd Win Byts,0.6482441425323486,Dst Port;Fwd IAT Std;Fwd Pkt Len Max;Fwd URG Flags;Init Fwd Win Byts,0.30971959580526476,0.42857142857142855,3
184035,DDOS attack-LOIC-UDP,DDoS attacks-LOIC-HTTP,predicted,DDoS attacks-LOIC-HTTP,Fwd Act Data Pkts;Fwd IAT Tot;Fwd Pkts/s;Init Fwd Win Byts;Tot Fwd Pkts,0.8343783617019653,Dst Port;Flow Duration;Protocol;Tot Bwd Pkts;Tot Fwd Pkts,1.0,0.1111111111111111,1
184035,DDOS attack-LOIC-UDP,DDoS attacks-LOIC-HTTP,true,DDOS attack-LOIC-UDP,Flow Byts/s;Flow IAT Min;Fwd Act Data Pkts;Fwd IAT Tot;Tot Fwd Pkts,0.8695293068885803,Dst Port;Flow Duration;Protocol;Tot Bwd Pkts;Tot Fwd Pkts,1.0,0.1111111111111111,0
200769,Benign,Infilteration,predicted,Infilteration,Dst Port;Fwd Header Len;Fwd Pkt Len Max;Fwd Seg Size Min;PSH Flag Cnt,0.830350935459137,Dst Port;Fwd Pkt Len Max;Init Fwd Win Byts;Pkt Len Max;Pkt Len Std,0.30862470113831764,0.25,2
200769,Benign,Infilteration,true,Benign,Dst Port;Flow IAT Min;Fwd Pkt Len Max;Fwd Pkt Len Mean;Fwd Seg Size Min,0.670651912689209,Dst Port;Fwd Pkt Len Max;Fwd Seg Size Avg;Pkt Len Var;TotLen Bwd Pkts,0.3172695089118358,0.25,2
211181,SQL Injection,Brute Force -Web,predicted,Brute Force -Web,Bwd Pkts/s;Dst Port;Fwd IAT Min;Fwd Pkts/s;Init Fwd Win Byts,0.7833943367004395,ACK Flag Cnt;Bwd Pkt Len Max;Flow Pkts/s;Fwd Seg Size Avg;Pkt Size Avg,0.48462829666769947,0.0,2
211181,SQL Injection,Brute Force -Web,true,SQL Injection,Dst Port;Flow IAT Min;Fwd IAT Min;Fwd Pkts/s;Init Fwd Win Byts,0.8611534833908081,ACK Flag Cnt;Fwd Pkt Len Std;Fwd Pkts/s;Fwd Seg Size Avg;Pkt Size Avg,0.4361536848157235,0.1111111111111111,2
215157,Infilteration,Benign,predicted,Benign,Dst Port;Fwd IAT Tot;Fwd Pkt Len Max;Init Fwd Win Byts;RST Flag Cnt,0.5960827469825745,Bwd Pkts/s;Dst Port;Flow Duration;Fwd URG Flags;Init Bwd Win Byts,0.24877632129410399,0.1111111111111111,2
215157,Infilteration,Benign,true,Infilteration,Dst Port;Fwd Header Len;Fwd Pkt Len Max;Init Fwd Win Byts;PSH Flag Cnt,0.6983803510665894,Dst Port;Fwd Pkt Len Max;Fwd URG Flags;Idle Max;Init Fwd Win Byts,0.2444019792385418,0.42857142857142855,2
215895,FTP-BruteForce,DoS attacks-SlowHTTPTest,predicted,DoS attacks-SlowHTTPTest,Bwd Pkts/s;Flow Duration;Flow IAT Max;Flow IAT Mean;Fwd Seg Size Min,0.9698904156684875,Bwd Pkts/s;Flow Pkts/s;Fwd Seg Size Min;PSH Flag Cnt;Pkt Len Std,0.8379834411324829,0.25,1
215895,FTP-BruteForce,DoS attacks-SlowHTTPTest,true,FTP-BruteForce,Flow IAT Max;Flow IAT Mean;Flow IAT Min;Flow Pkts/s;Fwd Seg Size Min,0.9544366002082825,Bwd Pkts/s;Flow Pkts/s;Fwd Seg Size Min;Init Fwd Win Byts;PSH Flag Cnt,0.8461849137726285,0.25,1
218077,SSH-Bruteforce,FTP-BruteForce,predicted,FTP-BruteForce,Flow Duration;Flow IAT Max;Flow IAT Min;Flow Pkts/s;Fwd Seg Size Min,0.9641161561012268,Bwd Seg Size Avg;Fwd Seg Size Avg;Fwd Seg Size Min;PSH Flag Cnt;Pkt Len Std,0.613046972847054,0.1111111111111111,1
218077,SSH-Bruteforce,FTP-BruteForce,true,SSH-Bruteforce,Dst Port;Flow IAT Min;Flow Pkts/s;Fwd Seg Size Min;Init Bwd Win Byts,0.9702046513557434,Dst Port;Flow IAT Std;Fwd Pkts/s;Init Bwd Win Byts;Pkt Len Min,0.18993566273954576,0.25,2
224390,Infilteration,Benign,predicted,Benign,Dst Port;Fwd IAT Tot;Fwd Pkt Len Max;Init Fwd Win Byts;RST Flag Cnt,0.6269469857215881,Dst Port;Fwd IAT Std;Fwd URG Flags;Idle Max;Pkt Len Mean,0.28722795850435656,0.1111111111111111,2
224390,Infilteration,Benign,true,Infilteration,Dst Port;Fwd Header Len;Init Fwd Win Byts;PSH Flag Cnt;Pkt Len Max,0.6639769673347473,Bwd Pkt Len Min;Dst Port;Fwd Pkt Len Max;Fwd URG Flags;Init Fwd Win Byts,0.23418897845915077,0.25,2
225404,Brute Force -Web,Benign,predicted,Benign,Dst Port;Flow Duration;Fwd Pkt Len Max;Fwd Pkt Len Mean;Init Fwd Win Byts,0.7380789518356323,Flow IAT Mean;Flow IAT Min;Fwd IAT Min;Fwd IAT Tot;Idle Mean,0.29037972354030084,0.0,2
225404,Brute Force -Web,Benign,true,Brute Force -Web,Bwd Pkts/s;Dst Port;Flow Pkts/s;Idle Max;Protocol,0.5870658159255981,Flow IAT Mean;Flow IAT Min;Fwd IAT Mean;Fwd IAT Min;Idle Min,0.949037572810192,0.0,1
228050,DoS attacks-Hulk,DoS attacks-GoldenEye,predicted,DoS attacks-GoldenEye,Bwd Pkt Len Mean;Bwd Pkt Len Std;Flow IAT Mean;Fwd IAT Max;Fwd Seg Size Min,0.9092199206352234,Bwd Pkt Len Mean;Bwd Pkt Len Std;Bwd Seg Size Avg;Fwd Seg Size Min;PSH Flag Cnt,0.6611127550482154,0.42857142857142855,1
228050,DoS attacks-Hulk,DoS attacks-GoldenEye,true,DoS attacks-Hulk,Bwd IAT Min;Bwd Pkt Len Mean;Bwd Pkt Len Std;Fwd Seg Size Min;Init Fwd Win Byts,0.8884484171867371,Bwd Pkt Len Std;Bwd Seg Size Avg;Fwd Seg Size Min;PSH Flag Cnt;Pkt Len Max,0.6724550027157077,0.25,2
232435,Brute Force -Web,Benign,predicted,Benign,Bwd Pkt Len Mean;Dst Port;Fwd IAT Std;Fwd Pkt Len Mean;Pkt Len Mean,0.5350630283355713,Fwd Pkt Len Mean;Fwd Pkt Len Min;Fwd Seg Size Avg;Idle Std;Pkt Len Min,0.0,0.1111111111111111,1
232435,Brute Force -Web,Benign,true,Brute Force -Web,Bwd Pkts/s;Fwd IAT Min;Fwd Pkt Len Max;Fwd Pkt Len Mean;Idle Std,0.8460964560508728,Fwd Pkt Len Mean;Fwd Pkt Len Min;Fwd Seg Size Avg;Idle Std;Pkt Len Min,0.0,0.25,0
235209,Brute Force -Web,Benign,predicted,Benign,Bwd Pkt Len Mean;Dst Port;Flow Duration;Fwd IAT Std;Pkt Len Mean,0.5352224111557007,Fwd Pkt Len Mean;Fwd Pkt Len Min;Fwd Seg Size Avg;Idle Std;Pkt Len Min,0.0,0.0,1
235209,Brute Force -Web,Benign,true,Brute Force -Web,Bwd Pkts/s;Dst Port;Fwd Pkt Len Max;Fwd Pkt Len Mean;Idle Std,0.7961398363113403,Fwd Pkt Len Mean;Fwd Pkt Len Min;Fwd Seg Size Avg;Idle Std;Pkt Len Min,0.0,0.25,1
239166,SQL Injection,Brute Force -Web,predicted,Brute Force -Web,Bwd Pkts/s;Dst Port;Fwd Pkt Len Std;Pkt Len Mean;TotLen Fwd Pkts,0.6831097602844238,ECE Flag Cnt;Fwd Pkt Len Mean;Fwd Pkt Len Std;Fwd Seg Size Avg;RST Flag Cnt,0.6552771501952664,0.1111111111111111,1
239166,SQL Injection,Brute Force -Web,true,SQL Injection,Bwd Pkt Len Max;Dst Port;Flow Duration;Flow IAT Std;Fwd IAT Min,0.6167170405387878,ECE Flag Cnt;Fwd Pkt Len Mean;Fwd Pkt Len Std;Fwd Seg Size Avg;RST Flag Cnt,0.6533706345684274,0.0,1
240663,Infilteration,Benign,predicted,Benign,Dst Port;Fwd Pkt Len Max;Fwd Pkt Len Mean;Fwd Seg Size Min;Init Fwd Win Byts,0.7378135919570923,Bwd Pkts/s;Dst Port;Flow Pkts/s;Fwd Pkts/s;Fwd URG Flags,0.7272936688067748,0.1111111111111111,3
240663,Infilteration,Benign,true,Infilteration,Bwd Pkts/s;Dst Port;Fwd Header Len;Fwd Seg Size Min;PSH Flag Cnt,0.7696864008903503,Bwd Pkts/s;Flow Pkts/s;Fwd Pkt Len Max;Fwd Pkts/s;PSH Flag Cnt,0.8320195255832048,0.25,2
241533,FTP-BruteForce,DoS attacks-SlowHTTPTest,predicted,DoS attacks-SlowHTTPTest,Flow Duration;Flow IAT Max;Flow IAT Min;Flow Pkts/s;Fwd Seg Size Min,0.9536402225494385,Fwd Pkt Len Mean;Fwd Seg Size Min;PSH Flag Cnt;Pkt Len Mean;Tot Fwd Pkts,0.6230138996404802,0.1111111111111111,1
241533,FTP-BruteForce,DoS attacks-SlowHTTPTest,true,FTP-BruteForce,Dst Port;Flow IAT Max;Flow IAT Min;Flow Pkts/s;Fwd Seg Size Min,0.966698944568634,Fwd Seg Size Min;Init Fwd Win Byts;PSH Flag Cnt;Pkt Len Mean;Subflow Fwd Pkts,0.6499441035148532,0.1111111111111111,2
243975,Infilteration,Benign,predicted,Benign,Dst Port;Fwd IAT Tot;Fwd Pkt Len Max;Fwd Pkt Len Std;Init Fwd Win Byts,0.6251130700111389,Bwd Pkts/s;Dst Port;Fwd Pkt Len Max;Fwd Pkt Len Mean;Init Fwd Win Byts,0.3278329723003409,0.42857142857142855,2
243975,Infilteration,Benign,true,Infilteration,Dst Port;ECE Flag Cnt;Flow IAT Min;Fwd Seg Size Min;Init Fwd Win Byts,0.5940256118774414,Flow IAT Min;Fwd Pkt Len Max;Fwd URG Flags;Idle Max;Init Fwd Win Byts,0.24272175534961837,0.25,3
256104,Infilteration,Benign,predicted,Benign,Dst Port;Fwd IAT Tot;Fwd Pkt Len Max;Fwd Pkt Len Mean;URG Flag Cnt,0.6275996565818787,Dst Port;Fwd IAT Std;Fwd Pkt Len Max;Fwd URG Flags;Init Fwd Win Byts,0.23807625860714088,0.25,1
256104,Infilteration,Benign,true,Infilteration,Dst Port;Flow IAT Max;Flow IAT Min;Fwd Header Len;TotLen Bwd Pkts,0.6259207725524902,Bwd IAT Tot;Dst Port;Fwd URG Flags;Idle Max;Init Fwd Win Byts,0.24488512651672245,0.1111111111111111,1
258576,FTP-BruteForce,DoS attacks-SlowHTTPTest,predicted,DoS attacks-SlowHTTPTest,Flow Duration;Flow IAT Max;Flow IAT Min;Flow Pkts/s;Fwd Seg Size Min,0.9535021781921387,Fwd Seg Size Avg;Fwd Seg Size Min;Init Fwd Win Byts;PSH Flag Cnt;Pkt Len Mean,0.6883972593942249,0.1111111111111111,1
258576,FTP-BruteForce,DoS attacks-SlowHTTPTest,true,FTP-BruteForce,Dst Port;Flow IAT Max;Flow IAT Min;Flow Pkts/s;Fwd Seg Size Min,0.9938145875930786,Fwd Pkt Len Mean;Fwd Seg Size Avg;Fwd Seg Size Min;Init Fwd Win Byts;RST Flag Cnt,0.6494702273279325,0.1111111111111111,2
260305,Brute Force -XSS,Benign,predicted,Benign,Dst Port;Fwd IAT Tot;Fwd Pkt Len Max;Fwd Pkt Len Mean;Init Fwd Win Byts,0.7956263422966003,Dst Port;Flow IAT Mean;Fwd URG Flags;Idle Max;Init Fwd Win Byts,0.18486885381516127,0.25,2
260305,Brute Force -XSS,Benign,true,Brute Force -XSS,Bwd Pkts/s;Dst Port;Fwd IAT Min;Fwd Pkts/s;Init Fwd Win Byts,0.6197770237922668,Bwd Header Len;Bwd IAT Std;Flow IAT Std;Fwd Byts/b Avg;Fwd URG Flags,0.06871290628933813,0.0,2
261999,Infilteration,Benign,predicted,Benign,Bwd Pkt Len Std;Dst Port;Fwd IAT Std;Fwd Pkt Len Max;Init Fwd Win Byts,0.6498622298240662,Dst Port;Fwd IAT Std;Fwd Pkt Len Max;Init Fwd Win Byts;Pkt Len Std,0.27690761610866477,0.6666666666666666,2
261999,Infilteration,Benign,true,Infilteration,Dst Port;Fwd Header Len;Init Fwd Win Byts;Pkt Len Mean;RST Flag Cnt,0.3856171667575836,Fwd Header Len;Fwd Pkt Len Max;Idle Max;Init Fwd Win Byts;Pkt Len Max,0.22659738336212198,0.25,2
262793,Benign,Infilteration,predicted,Infilteration,Dst Port;Flow Duration;Fwd Pkt Len Max;Fwd Pkts/s;Init Fwd Win Byts,0.7863314747810364,ACK Flag Cnt;Dst Port;Flow Duration;Fwd Pkt Len Max;Init Fwd Win Byts,0.4823053065084838,0.6666666666666666,2
262793,Benign,Infilteration,true,Benign,Dst Port;Fwd IAT Tot;Fwd Pkt Len Max;Fwd Pkt Len Mean;Init Fwd Win Byts,0.6299810409545898,Fwd Pkt Len Max;Init Bwd Win Byts;Init Fwd Win Byts;Pkt Len Max;Pkt Len Mean,0.3640895571526257,0.25,2
265648,SQL Injection,Benign,predicted,Benign,Dst Port;Fwd IAT Tot;Fwd Pkt Len Max;Fwd Pkt Len Mean;Init Fwd Win Byts,0.7989011406898499,Bwd Pkts/s;Dst Port;Fwd Pkt Len Max;Fwd URG Flags;Init Fwd Win Byts,0.2834098491027083,0.42857142857142855,2
265648,SQL Injection,Benign,true,SQL Injection,Dst Port;Flow IAT Min;Fwd IAT Min;Fwd Pkts/s;Init Fwd Win Byts,0.7728326916694641,Bwd Blk Rate Avg;Dst Port;Flow Duration;Fwd Blk Rate Avg;TotLen Fwd Pkts,0.08711985444490977,0.1111111111111111,2
270470,Infilteration,Benign,predicted,Benign,Dst Port;Fwd IAT Tot;Fwd Pkt Len Mean;Init Fwd Win Byts;URG Flag Cnt,0.5599653720855713,Dst Port;Fwd IAT Mean;Fwd Pkt Len Mean;Fwd URG Flags;Init Fwd Win Byts,0.23508098634022845,0.42857142857142855,2
270470,Infilteration,Benign,true,Infilteration,Dst Port;Flow IAT Max;Flow IAT Min;Fwd Header Len;TotLen Bwd Pkts,0.7181583046913147,Dst Port;Fwd Pkt Len Std;Fwd URG Flags;Idle Max;Init Fwd Win Byts,0.2551373308088134,0.1111111111111111,1
270879,Benign,Infilteration,predicted,Infilteration,Dst Port;Fwd Header Len;Fwd Pkt Len Max;Fwd Seg Size Min;PSH Flag Cnt,0.8351824879646301,Fwd Pkt Len Max;Fwd URG Flags;Init Fwd Win Byts;Pkt Len Max;Pkt Len Var,0.32214587494716695,0.1111111111111111,2
270879,Benign,Infilteration,true,Benign,Flow IAT Min;Fwd IAT Min;Fwd Pkt Len Max;Fwd Pkt Len Mean;Fwd Seg Size Min,0.6245879530906677,Dst Port;Flow Duration;Fwd IAT Tot;Init Fwd Win Byts;Pkt Size Avg,0.28127953228747427,0.0,1
289197,FTP-BruteForce,DoS attacks-SlowHTTPTest,predicted,DoS attacks-SlowHTTPTest,Bwd Pkts/s;Flow Duration;Flow IAT Max;Flow IAT Mean;Fwd Seg Size Min,0.9698904156684875,Bwd Pkts/s;Flow Pkts/s;Fwd IAT Max;Fwd Seg Size Min;PSH Flag Cnt,0.843359838459972,0.25,1
289197,FTP-BruteForce,DoS attacks-SlowHTTPTest,true,FTP-BruteForce,Flow IAT Max;Flow IAT Mean;Flow IAT Min;Flow Pkts/s;Fwd Seg Size Min,0.9544366002082825,Bwd Pkts/s;Flow Pkts/s;Fwd Seg Size Min;Init Fwd Win Byts;PSH Flag Cnt,0.872891637386386,0.25,1
292102,Brute Force -Web,Benign,predicted,Benign,Bwd Pkt Len Mean;Dst Port;Fwd IAT Std;Fwd Pkt Len Mean;Pkt Len Mean,0.5350630283355713,Fwd Pkt Len Mean;Fwd Pkt Len Min;Fwd Seg Size Avg;Idle Std;Pkt Len Min,0.0,0.1111111111111111,1
292102,Brute Force -Web,Benign,true,Brute Force -Web,Bwd Pkts/s;Fwd IAT Min;Fwd Pkt Len Max;Fwd Pkt Len Mean;Idle Std,0.8460964560508728,Fwd Pkt Len Mean;Fwd Pkt Len Min;Fwd Seg Size Avg;Idle Std;Pkt Len Min,0.0,0.25,0
292261,Bot,Benign,predicted,Benign,Dst Port;Fwd Header Len;Fwd Pkt Len Max;Fwd Pkt Len Mean;Init Fwd Win Byts,0.76833575963974,Bwd Pkts/s;Dst Port;Fwd IAT Tot;Fwd Pkt Len Mean;Fwd URG Flags,0.21678588013038613,0.25,2
292261,Bot,Benign,true,Bot,Dst Port;Flow IAT Mean;Fwd IAT Min;Fwd IAT Std;Protocol,0.827700138092041,Fwd Pkt Len Mean;Fwd Seg Size Min;Pkt Len Var;Protocol;Tot Fwd Pkts,0.5353074619571432,0.1111111111111111,1
295905,DoS attacks-SlowHTTPTest,FTP-BruteForce,predicted,FTP-BruteForce,Flow Duration;Flow IAT Max;Flow IAT Min;Flow Pkts/s;Fwd Seg Size Min,0.9622107744216919,Bwd Pkts/s;Flow Pkts/s;Fwd Pkt Len Std;Fwd Seg Size Min;PSH Flag Cnt,0.7224048090165778,0.25,1
295905,DoS attacks-SlowHTTPTest,FTP-BruteForce,true,DoS attacks-SlowHTTPTest,Bwd Pkts/s;Flow Duration;Flow IAT Max;Flow IAT Min;Fwd Seg Size Min,0.9504930377006531,Bwd Pkts/s;Fwd Seg Size Min;PSH Flag Cnt;Pkt Len Max;Pkt Len Mean,0.743150587229803,0.25,1
296097,DoS attacks-SlowHTTPTest,FTP-BruteForce,predicted,FTP-BruteForce,Flow IAT Max;Flow IAT Mean;Flow IAT Min;Flow Pkts/s;Fwd Seg Size Min,0.9675496220588684,Bwd Pkts/s;Flow Pkts/s;Fwd Pkt Len Max;Fwd Pkts/s;Fwd Seg Size Min,0.9601985128620771,0.25,1
296097,DoS attacks-SlowHTTPTest,FTP-BruteForce,true,DoS attacks-SlowHTTPTest,Bwd Pkts/s;Flow Duration;Flow IAT Max;Flow IAT Min;Fwd Seg Size Min,0.975196361541748,Bwd Pkts/s;Flow Pkts/s;Fwd Pkts/s;Fwd Seg Size Min;PSH Flag Cnt,0.9598258594290416,0.25,1
304076,DDoS attacks-LOIC-HTTP,DDOS attack-LOIC-UDP,predicted,DDOS attack-LOIC-UDP,Flow IAT Std;Fwd Act Data Pkts;Fwd IAT Mean;Fwd IAT Std;Tot Fwd Pkts,0.8465054035186768,Dst Port;Flow Duration;Protocol;Tot Bwd Pkts;Tot Fwd Pkts,1.0,0.1111111111111111,0
304076,DDoS attacks-LOIC-HTTP,DDOS attack-LOIC-UDP,true,DDoS attacks-LOIC-HTTP,Flow Pkts/s;Fwd Act Data Pkts;Fwd IAT Tot;Init Fwd Win Byts;Tot Fwd Pkts,0.6923930644989014,Dst Port;Flow Duration;Protocol;Tot Bwd Pkts;Tot Fwd Pkts,1.0,0.1111111111111111,1
310877,DDoS attacks-LOIC-HTTP,DDOS attack-LOIC-UDP,predicted,DDOS attack-LOIC-UDP,Flow IAT Max;Flow IAT Std;Fwd Act Data Pkts;Fwd IAT Tot;Tot Fwd Pkts,0.8888399004936218,Dst Port;Flow Duration;Protocol;Tot Bwd Pkts;Tot Fwd Pkts,1.0,0.1111111111111111,0
310877,DDoS attacks-LOIC-HTTP,DDOS attack-LOIC-UDP,true,DDoS attacks-LOIC-HTTP,Fwd Act Data Pkts;Fwd IAT Tot;Fwd Pkts/s;Init Fwd Win Byts;Tot Fwd Pkts,0.8042051792144775,Dst Port;Flow Duration;Protocol;Tot Bwd Pkts;Tot Fwd Pkts,1.0,0.1111111111111111,1
315738,Bot,Benign,predicted,Benign,Dst Port;Flow IAT Min;Fwd Pkt Len Max;Fwd Pkt Len Mean;Init Fwd Win Byts,0.7617868781089783,Fwd Pkt Len Max;Fwd Pkts/s;Fwd Seg Size Min;Fwd URG Flags;Init Fwd Win Byts,0.22206447659897022,0.25,2
315738,Bot,Benign,true,Bot,Dst Port;Flow IAT Mean;Flow Pkts/s;Fwd IAT Min;Protocol,0.9195362329483032,Bwd IAT Min;Pkt Len Var;RST Flag Cnt;Subflow Bwd Byts;Tot Bwd Pkts,0.1039082077376754,0.0,1
316564,Benign,Infilteration,predicted,Infilteration,ACK Flag Cnt;Dst Port;Flow IAT Max;Init Fwd Win Byts;Pkt Len Mean,0.5041478872299194,Fwd Pkt Len Max;Fwd Seg Size Min;Fwd URG Flags;Idle Std;Init Fwd Win Byts,0.7159842305670878,0.1111111111111111,2
316564,Benign,Infilteration,true,Benign,Dst Port;Flow IAT Max;Fwd Pkt Len Max;Fwd Pkt Len Mean;Fwd Seg Size Min,0.7165783047676086,Active Min;Dst Port;Fwd Seg Size Min;Idle Std;Init Fwd Win Byts,0.6180520131788307,0.25,2
318128,FTP-BruteForce,DoS attacks-SlowHTTPTest,predicted,DoS attacks-SlowHTTPTest,Dst Port;Flow Duration;Flow IAT Max;Flow IAT Min;Fwd Seg Size Min,0.958528459072113,Bwd Pkt Len Max;Bwd Seg Size Avg;Fwd Pkt Len Max;Fwd Seg Size Min;PSH Flag Cnt,0.6213382764587688,0.1111111111111111,2
318128,FTP-BruteForce,DoS attacks-SlowHTTPTest,true,FTP-BruteForce,Dst Port;Flow IAT Max;Flow IAT Min;Flow Pkts/s;Fwd Seg Size Min,0.9641172289848328,Bwd Pkt Len Mean;Bwd Pkt Len Std;Fwd Seg Size Min;PSH Flag Cnt;Subflow Fwd Byts,0.6603672351120142,0.1111111111111111,2
323564,DoS attacks-SlowHTTPTest,FTP-BruteForce,predicted,FTP-BruteForce,Flow IAT Max;Flow IAT Mean;Flow IAT Min;Flow Pkts/s;Fwd Seg Size Min,0.9694873094558716,Fwd Seg Size Avg;Fwd Seg Size Min;Init Fwd Win Byts;PSH Flag Cnt;Pkt Size Avg,0.6551081106977379,0.1111111111111111,1
323564,DoS attacks-SlowHTTPTest,FTP-BruteForce,true,DoS attacks-SlowHTTPTest,Bwd Pkts/s;Flow IAT Max;Flow IAT Min;Flow Pkts/s;Fwd Seg Size Min,0.946125864982605,Bwd Pkts/s;Fwd Pkt Len Mean;Fwd Seg Size Min;PSH Flag Cnt;Pkt Len Std,0.64701088314747,0.25,1
330543,Benign,Infilteration,predicted,Infilteration,Dst Port;Fwd Header Len;Fwd Pkt Len Max;Fwd Seg Size Min;PSH Flag Cnt,0.8329244256019592,Dst Port;Flow Duration;Fwd Pkt Len Max;Fwd URG Flags;Init Fwd Win Byts,0.3241418616652557,0.25,2
330543,Benign,Infilteration,true,Benign,Dst Port;Flow IAT Min;Fwd Pkt Len Max;Fwd Pkt Len Mean;Fwd Seg Size Min,0.6619134545326233,Dst Port;Fwd Pkt Len Max;Fwd URG Flags;Pkt Len Max;Pkt Size Avg,0.3121436367989574,0.25,2
331543,Brute Force -Web,Benign,predicted,Benign,Bwd Pkt Len Mean;Dst Port;Fwd IAT Std;Fwd Pkt Len Mean;Pkt Len Mean,0.5350630283355713,Fwd Pkt Len Mean;Fwd Pkt Len Min;Fwd Seg Size Avg;Idle Std;Pkt Len Min,0.0,0.1111111111111111,1
331543,Brute Force -Web,Benign,true,Brute Force -Web,Bwd Pkts/s;Fwd IAT Min;Fwd Pkt Len Max;Fwd Pkt Len Mean;Idle Std,0.85898357629776,Fwd Pkt Len Mean;Fwd Pkt Len Min;Fwd Seg Size Avg;Idle Std;Pkt Len Min,0.0,0.25,0
332160,DoS attacks-SlowHTTPTest,FTP-BruteForce,predicted,FTP-BruteForce,Flow IAT Max;Flow IAT Mean;Flow IAT Min;Flow Pkts/s;Fwd Seg Size Min,0.9680131077766418,Bwd Pkts/s;Flow Pkts/s;Fwd Pkts/s;Fwd Seg Size Min;PSH Flag Cnt,0.9878902009450146,0.25,1
332160,DoS attacks-SlowHTTPTest,FTP-BruteForce,true,DoS attacks-SlowHTTPTest,Bwd Pkts/s;Flow Duration;Flow IAT Max;Flow IAT Min;Fwd Seg Size Min,0.9771498441696167,Bwd Pkts/s;Flow Pkts/s;Fwd Pkts/s;Fwd Seg Size Min;PSH Flag Cnt,0.9871575177267343,0.25,1
332620,Brute Force -Web,Benign,predicted,Benign,ECE Flag Cnt;Fwd IAT Std;Fwd Pkt Len Max;Fwd Pkt Len Mean;RST Flag Cnt,0.6393427848815918,Dst Port;Fwd Pkt Len Mean;Fwd URG Flags;Init Bwd Win Byts;Init Fwd Win Byts,0.24703380031883104,0.1111111111111111,0
332620,Brute Force -Web,Benign,true,Brute Force -Web,Bwd Pkts/s;Dst Port;Fwd IAT Min;Fwd Pkt Len Std;Init Bwd Win Byts,0.7342455983161926,Bwd Pkt Len Max;ECE Flag Cnt;Init Bwd Win Byts;PSH Flag Cnt;RST Flag Cnt,0.5692735198495631,0.1111111111111111,1
347358,Infilteration,Benign,predicted,Benign,Bwd IAT Min;Dst Port;Fwd IAT Std;Fwd Pkt Len Max;Init Fwd Win Byts,0.6352246999740601,Bwd IAT Min;Dst Port;Fwd URG Flags;Idle Max;Init Fwd Win Byts,0.3046297202205478,0.42857142857142855,2
347358,Infilteration,Benign,true,Infilteration,Bwd IAT Min;Dst Port;Flow IAT Max;Fwd Header Len;Fwd Pkt Len Mean,0.4467453956604004,Dst Port;Flow IAT Max;Fwd Pkt Len Mean;Fwd Pkt Len Std;Init Fwd Win Byts,0.33307128176822454,0.42857142857142855,1
351886,Brute Force -Web,Benign,predicted,Benign,Bwd Pkt Len Std;Dst Port;Fwd IAT Std;Fwd Pkt Len Max;RST Flag Cnt,0.5508418083190918,Fwd PSH Flags;Fwd Pkt Len Mean;Fwd Seg Size Avg;SYN Flag Cnt;Subflow Fwd Byts,0.0008134839334842381,0.0,1
351886,Brute Force -Web,Benign,true,Brute Force -Web,Bwd Pkts/s;Dst Port;Fwd Pkt Len Max;Fwd Pkt Len Mean;Init Fwd Win Byts,0.7395709156990051,Fwd PSH Flags;Fwd Pkt Len Mean;Fwd Seg Size Avg;Pkt Len Mean;SYN Flag Cnt,8.426569556574393e-07,0.1111111111111111,2
365494,SSH-Bruteforce,Benign,predicted,Benign,Bwd IAT Min;Dst Port;Fwd Pkts/s;Fwd Seg Size Min;Init Fwd Win Byts,0.8281259536743164,Dst Port;Fwd Seg Size Min;PSH Flag Cnt;Pkt Len Var;Tot Fwd Pkts,0.40321923767716994,0.25,3
365494,SSH-Bruteforce,Benign,true,SSH-Bruteforce,Bwd Pkts/s;Dst Port;Flow IAT Mean;Fwd Pkts/s;Fwd Seg Size Min,0.8969244956970215,Bwd Pkts/s;Dst Port;Fwd Act Data Pkts;Fwd Header Len;Fwd Seg Size Min,0.5136622681091023,0.42857142857142855,2
368106,Infilteration,Benign,predicted,Benign,Dst Port;Flow Duration;Fwd Pkt Len Max;Fwd Pkt Len Mean;Idle Max,0.7106777429580688,Flow IAT Min;Fwd IAT Mean;Idle Max;Idle Mean;Init Fwd Win Byts,0.07480308576243899,0.1111111111111111,1
368106,Infilteration,Benign,true,Infilteration,Dst Port;Fwd Header Len;Fwd IAT Tot;Fwd Pkts/s;Idle Max,0.5987081527709961,Flow IAT Mean;Flow IAT Min;Fwd IAT Min;Idle Max;Idle Mean,0.16145960215724753,0.1111111111111111,1
369222,DDoS attacks-LOIC-HTTP,DDOS attack-LOIC-UDP,predicted,DDOS attack-LOIC-UDP,Flow IAT Std;Fwd Act Data Pkts;Fwd Header Len;Fwd IAT Tot;Tot Fwd Pkts,0.9351352453231812,Dst Port;Flow Duration;Protocol;Tot Bwd Pkts;Tot Fwd Pkts,1.0,0.1111111111111111,0
369222,DDoS attacks-LOIC-HTTP,DDOS attack-LOIC-UDP,true,DDoS attacks-LOIC-HTTP,Fwd Act Data Pkts;Fwd IAT Tot;Fwd Pkts/s;Init Fwd Win Byts;Tot Fwd Pkts,0.8497879505157471,Dst Port;Flow Duration;Protocol;Tot Bwd Pkts;Tot Fwd Pkts,1.0,0.1111111111111111,1
371708,Brute Force -Web,Benign,predicted,Benign,Dst Port;Flow Duration;Fwd Pkt Len Max;Fwd Pkt Len Mean;Init Fwd Win Byts,0.7381037473678589,Flow IAT Max;Flow IAT Mean;Fwd IAT Mean;Fwd IAT Min;Idle Mean,0.30830335063582237,0.0,2
371708,Brute Force -Web,Benign,true,Brute Force -Web,Bwd Pkts/s;Dst Port;Flow Pkts/s;Idle Max;Protocol,0.5908108949661255,Flow IAT Mean;Flow IAT Min;Fwd IAT Mean;Fwd IAT Min;Idle Min,0.9550449563656115,0.0,1
379235,DoS attacks-SlowHTTPTest,FTP-BruteForce,predicted,FTP-BruteForce,Flow IAT Max;Flow IAT Mean;Flow IAT Min;Flow Pkts/s;Fwd Seg Size Min,0.9694873094558716,Bwd Seg Size Avg;Fwd Pkt Len Mean;Fwd Pkt Len Std;Fwd Seg Size Min;PSH Flag Cnt,0.6659184295549248,0.1111111111111111,1
379235,DoS attacks-SlowHTTPTest,FTP-BruteForce,true,DoS attacks-SlowHTTPTest,Bwd Pkts/s;Flow IAT Max;Flow IAT Min;Flow Pkts/s;Fwd Seg Size Min,0.946125864982605,Bwd Pkt Len Max;Fwd Seg Size Min;Init Fwd Win Byts;PSH Flag Cnt;Pkt Len Max,0.6646281260305538,0.1111111111111111,1
384672,Infilteration,Benign,predicted,Benign,Dst Port;Fwd IAT Tot;Fwd Pkt Len Max;Init Fwd Win Byts;RST Flag Cnt,0.6138836145401001,Bwd Pkt Len Std;Dst Port;Fwd IAT Tot;Fwd URG Flags;Init Bwd Win Byts,0.24964004562576492,0.25,2
384672,Infilteration,Benign,true,Infilteration,Bwd Pkt Len Max;Dst Port;Flow Duration;Fwd Header Len;Init Fwd Win Byts,0.6242994666099548,Bwd Header Len;Dst Port;Fwd Pkt Len Mean;Fwd URG Flags;Init Bwd Win Byts,0.24323498042880454,0.1111111111111111,2
386717,FTP-BruteForce,DoS attacks-SlowHTTPTest,predicted,DoS attacks-SlowHTTPTest,Bwd Pkts/s;Flow Duration;Flow IAT Max;Flow IAT Mean;Fwd Seg Size Min,0.9698904156684875,Bwd Pkts/s;Flow Pkts/s;Fwd Pkts/s;Fwd Seg Size Min;PSH Flag Cnt,0.8634440007199022,0.25,1
386717,FTP-BruteForce,DoS attacks-SlowHTTPTest,true,FTP-BruteForce,Flow IAT Max;Flow IAT Mean;Flow IAT Min;Flow Pkts/s;Fwd Seg Size Min,0.9544366002082825,Bwd Pkts/s;Flow Pkts/s;Fwd IAT Tot;Fwd Seg Size Min;PSH Flag Cnt,0.8457096793609226,0.25,1
388666,Benign,Infilteration,predicted,Infilteration,ACK Flag Cnt;Dst Port;Flow IAT Max;Fwd Seg Size Min;Pkt Len Mean,0.5351854562759399,Bwd IAT Std;ECE Flag Cnt;Idle Max;Idle Std;Init Fwd Win Byts,0.7860214181986802,0.0,2
388666,Benign,Infilteration,true,Benign,Dst Port;Flow IAT Max;Fwd Pkt Len Max;Fwd Pkt Len Mean;Fwd Seg Size Min,0.7080230712890625,Dst Port;ECE Flag Cnt;Fwd Pkt Len Max;Idle Std;RST Flag Cnt,0.6753379562169317,0.25,2
394927,Brute Force -Web,Benign,predicted,Benign,Bwd Pkt Len Mean;Dst Port;Flow Duration;Fwd IAT Std;Pkt Len Mean,0.5352224111557007,Fwd Pkt Len Mean;Fwd Pkt Len Min;Fwd Seg Size Avg;Idle Std;Pkt Len Min,0.0,0.0,1
394927,Brute Force -Web,Benign,true,Brute Force -Web,Bwd Pkts/s;Dst Port;Fwd Pkt Len Max;Fwd Pkt Len Mean;Idle Std,0.7961398363113403,Fwd Pkt Len Mean;Fwd Pkt Len Min;Fwd Seg Size Avg;Idle Std;Pkt Len Min,0.0,0.25,1
396621,Benign,Infilteration,predicted,Infilteration,Dst Port;Fwd Header Len;Fwd Pkt Len Max;Fwd Seg Size Min;PSH Flag Cnt,0.8298852443695068,Fwd Pkt Len Max;Fwd URG Flags;Init Fwd Win Byts;Pkt Len Mean;Subflow Fwd Pkts,0.32321173083528776,0.1111111111111111,2
396621,Benign,Infilteration,true,Benign,Dst Port;Flow IAT Min;Fwd Pkt Len Max;Fwd Pkt Len Mean;Fwd Seg Size Min,0.6066220998764038,Fwd Header Len;Fwd IAT Tot;Fwd Pkt Len Max;Init Fwd Win Byts;Pkt Len Max,0.31236550438196087,0.1111111111111111,2
404988,SQL Injection,Brute Force -Web,predicted,Brute Force -Web,Bwd Pkts/s;Dst Port;Fwd IAT Min;Fwd Pkts/s;Init Fwd Win Byts,0.7770336866378784,ACK Flag Cnt;Bwd Seg Size Avg;Fwd Pkt Len Max;Pkt Len Max;Pkt Size Avg,0.4516805875942628,0.0,2
404988,SQL Injection,Brute Force -Web,true,SQL Injection,Dst Port;Flow IAT Min;Fwd IAT Min;Fwd Pkts/s;Init Fwd Win Byts,0.8561230301856995,ACK Flag Cnt;Bwd Pkt Len Max;Bwd Seg Size Avg;Fwd Pkt Len Mean;Pkt Size Avg,0.4542186768302102,0.0,2
411296,FTP-BruteForce,DoS attacks-SlowHTTPTest,predicted,DoS attacks-SlowHTTPTest,Bwd Pkts/s;Flow Duration;Flow IAT Max;Flow IAT Mean;Fwd Seg Size Min,0.9676334857940674,Bwd Pkts/s;Flow Pkts/s;Fwd Seg Size Min;Init Fwd Win Byts;PSH Flag Cnt,0.7934295343316449,0.25,1
411296,FTP-BruteForce,DoS attacks-SlowHTTPTest,true,FTP-BruteForce,Flow IAT Max;Flow IAT Mean;Flow IAT Min;Flow Pkts/s;Fwd Seg Size Min,0.9520521759986877,Bwd Pkt Len Mean;Bwd Pkts/s;Flow Pkts/s;Fwd Seg Size Min;PSH Flag Cnt,0.7899242558526389,0.25,1
412151,DDoS attacks-LOIC-HTTP,DDOS attack-LOIC-UDP,predicted,DDOS attack-LOIC-UDP,Flow IAT Min;Fwd Act Data Pkts;Fwd Header Len;Fwd IAT Tot;Tot Fwd Pkts,0.8865171074867249,Dst Port;Flow Duration;Protocol;Tot Bwd Pkts;Tot Fwd Pkts,1.0,0.1111111111111111,0
412151,DDoS attacks-LOIC-HTTP,DDOS attack-LOIC-UDP,true,DDoS attacks-LOIC-HTTP,Fwd Act Data Pkts;Fwd IAT Tot;Fwd Pkts/s;Init Fwd Win Byts;Tot Fwd Pkts,0.8407618403434753,Dst Port;Flow Duration;Protocol;Tot Bwd Pkts;Tot Fwd Pkts,1.0,0.1111111111111111,1
419587,DDoS attacks-LOIC-HTTP,DDOS attack-LOIC-UDP,predicted,DDOS attack-LOIC-UDP,Flow IAT Min;Fwd Act Data Pkts;Fwd Header Len;Fwd IAT Tot;Tot Fwd Pkts,0.9208232164382935,Dst Port;Flow Duration;Protocol;Tot Bwd Pkts;Tot Fwd Pkts,1.0,0.1111111111111111,0
419587,DDoS attacks-LOIC-HTTP,DDOS attack-LOIC-UDP,true,DDoS attacks-LOIC-HTTP,Fwd Act Data Pkts;Fwd IAT Tot;Fwd Pkts/s;Init Fwd Win Byts;Tot Fwd Pkts,0.8411220908164978,Dst Port;Flow Duration;Protocol;Tot Bwd Pkts;Tot Fwd Pkts,1.0,0.1111111111111111,1
421918,DDOS attack-LOIC-UDP,DDoS attacks-LOIC-HTTP,predicted,DDoS attacks-LOIC-HTTP,Fwd Act Data Pkts;Fwd IAT Tot;Fwd Pkts/s;Init Fwd Win Byts;Tot Fwd Pkts,0.8259102702140808,Dst Port;Flow Duration;Protocol;Tot Bwd Pkts;Tot Fwd Pkts,1.0,0.1111111111111111,1
421918,DDOS attack-LOIC-UDP,DDoS attacks-LOIC-HTTP,true,DDOS attack-LOIC-UDP,Flow IAT Std;Fwd Act Data Pkts;Fwd Header Len;Fwd IAT Tot;Tot Fwd Pkts,0.9198349118232727,Dst Port;Flow Duration;Protocol;Tot Bwd Pkts;Tot Fwd Pkts,1.0,0.1111111111111111,0
422538,FTP-BruteForce,DoS attacks-SlowHTTPTest,predicted,DoS attacks-SlowHTTPTest,Bwd Pkts/s;Flow Duration;Flow IAT Max;Flow IAT Min;Fwd Seg Size Min,0.9605045318603516,Bwd Seg Size Avg;Fwd Pkt Len Mean;Fwd Seg Size Min;Init Fwd Win Byts;PSH Flag Cnt,0.6652172019296796,0.1111111111111111,1
422538,FTP-BruteForce,DoS attacks-SlowHTTPTest,true,FTP-BruteForce,Dst Port;Flow IAT Max;Flow IAT Min;Flow Pkts/s;Fwd Seg Size Min,0.9923790097236633,Bwd Pkt Len Max;Fwd Seg Size Min;PSH Flag Cnt;Pkt Len Max;Pkt Size Avg,0.6556329078788372,0.1111111111111111,2
425341,Benign,Infilteration,predicted,Infilteration,Bwd Pkts/s;Dst Port;Fwd Header Len;Fwd Seg Size Min;PSH Flag Cnt,0.8340134620666504,Dst Port;Fwd Pkt Len Max;Init Fwd Win Byts;Pkt Len Std;Pkt Size Avg,0.31878803163136604,0.1111111111111111,2
425341,Benign,Infilteration,true,Benign,Dst Port;Flow IAT Min;Fwd Pkt Len Max;Fwd Pkt Len Mean;Fwd Seg Size Min,0.6613622307777405,Dst Port;Fwd Pkt Len Max;Init Fwd Win Byts;Subflow Fwd Byts;TotLen Bwd Pkts,0.31381033625690247,0.25,2
432055,DoS attacks-SlowHTTPTest,FTP-BruteForce,predicted,FTP-BruteForce,Flow Duration;Flow IAT Max;Flow IAT Min;Flow Pkts/s;Fwd Seg Size Min,0.9784039258956909,Bwd Pkts/s;Flow Pkts/s;Fwd Pkts/s;Fwd Seg Size Min;PSH Flag Cnt,0.00011685502345837318,0.25,1
432055,DoS attacks-SlowHTTPTest,FTP-BruteForce,true,DoS attacks-SlowHTTPTest,Bwd Pkts/s;Flow Duration;Flow IAT Max;Fwd Header Len;Fwd Seg Size Min,0.9715315103530884,Bwd Pkts/s;Flow Pkts/s;Fwd Pkts/s;Fwd Seg Size Min;PSH Flag Cnt,9.995402722207114e-05,0.25,1
450593,Benign,Infilteration,predicted,Infilteration,Dst Port;Fwd Header Len;Fwd Pkt Len Max;Fwd Seg Size Min;PSH Flag Cnt,0.8336262106895447,Bwd Pkt Len Max;Fwd Pkt Len Max;Init Fwd Win Byts;PSH Flag Cnt;Pkt Len Mean,0.3523635829095978,0.25,2
450593,Benign,Infilteration,true,Benign,Dst Port;Flow IAT Min;Fwd Pkt Len Max;Fwd Pkt Len Mean;Fwd Seg Size Min,0.6692312359809875,Dst Port;Fwd IAT Tot;Fwd Pkt Len Max;Init Fwd Win Byts;Pkt Len Mean,0.29386948877684116,0.25,2
456603,FTP-BruteForce,DoS attacks-SlowHTTPTest,predicted,DoS attacks-SlowHTTPTest,Dst Port;Flow Duration;Flow IAT Max;Flow IAT Min;Fwd Seg Size Min,0.958528459072113,Fwd Seg Size Min;PSH Flag Cnt;Pkt Len Max;Pkt Len Std;Pkt Size Avg,0.6180869469419044,0.1111111111111111,2
456603,FTP-BruteForce,DoS attacks-SlowHTTPTest,true,FTP-BruteForce,Dst Port;Flow IAT Max;Flow IAT Min;Flow Pkts/s;Fwd Seg Size Min,0.9641172289848328,Fwd Seg Size Min;Init Fwd Win Byts;PSH Flag Cnt;Pkt Len Std;Pkt Size Avg,0.6540337339723129,0.1111111111111111,2
461126,Infilteration,Benign,predicted,Benign,Bwd Pkt Len Max;Dst Port;ECE Flag Cnt;Fwd Pkt Len Max;RST Flag Cnt,0.5553815364837646,Bwd IAT Tot;Dst Port;Fwd Act Data Pkts;Fwd Pkt Len Max;Pkt Len Std,0.47983923868827116,0.25,1
461126,Infilteration,Benign,true,Infilteration,Dst Port;ECE Flag Cnt;Flow IAT Max;Fwd IAT Max;Idle Max,0.5770206451416016,Bwd IAT Tot;ECE Flag Cnt;Flow Duration;Fwd Act Data Pkts;Fwd IAT Tot,0.6487129147391004,0.1111111111111111,1
474363,Brute Force -Web,Benign,predicted,Benign,Bwd Pkt Len Mean;Dst Port;Fwd IAT Std;Fwd Pkt Len Mean;Pkt Len Mean,0.5350630283355713,Fwd Pkt Len Mean;Fwd Pkt Len Min;Fwd Seg Size Avg;Idle Std;Pkt Len Min,0.0,0.1111111111111111,1
474363,Brute Force -Web,Benign,true,Brute Force -Web,Bwd Pkts/s;Fwd IAT Min;Fwd Pkt Len Max;Fwd Pkt Len Mean;Idle Mean,0.851931631565094,Fwd Pkt Len Mean;Fwd Pkt Len Min;Fwd Seg Size Avg;Idle Std;Pkt Len Min,0.0,0.1111111111111111,0
479750,FTP-BruteForce,DoS attacks-SlowHTTPTest,predicted,DoS attacks-SlowHTTPTest,Flow Duration;Flow IAT Max;Flow IAT Min;Flow Pkts/s;Fwd Seg Size Min,0.9535021781921387,Bwd Pkt Len Max;Fwd Pkt Len Mean;Fwd Seg Size Min;PSH Flag Cnt;Pkt Len Mean,0.6320079636780052,0.1111111111111111,1
479750,FTP-BruteForce,DoS attacks-SlowHTTPTest,true,FTP-BruteForce,Dst Port;Flow IAT Max;Flow IAT Min;Flow Pkts/s;Fwd Seg Size Min,0.9938145875930786,Bwd Pkt Len Max;Bwd Pkt Len Std;Fwd Seg Size Min;PSH Flag Cnt;Subflow Fwd Pkts,0.636069810427299,0.1111111111111111,2
488878,Benign,Infilteration,predicted,Infilteration,Dst Port;Fwd Header Len;Fwd Pkt Len Max;Fwd Seg Size Min;PSH Flag Cnt,0.8302815556526184,Dst Port;Fwd Pkt Len Max;Fwd URG Flags;Init Fwd Win Byts;Pkt Len Max,0.40400454926409557,0.25,2
488878,Benign,Infilteration,true,Benign,Dst Port;Flow IAT Min;Fwd Pkt Len Max;Fwd Pkt Len Mean;Fwd Seg Size Min,0.6120232343673706,Bwd Pkt Len Mean;Flow Duration;Fwd Pkt Len Max;Init Fwd Win Byts;Pkt Len Mean,0.30978226470048154,0.1111111111111111,2
489164,DoS attacks-SlowHTTPTest,FTP-BruteForce,predicted,FTP-BruteForce,Dst Port;Flow IAT Max;Flow IAT Min;Flow Pkts/s;Fwd Seg Size Min,0.9748876690864563,Bwd Pkts/s;Fwd Seg Size Min;Init Fwd Win Byts;PSH Flag Cnt;Pkt Len Max,0.6291520377601576,0.1111111111111111,2
489164,DoS attacks-SlowHTTPTest,FTP-BruteForce,true,DoS attacks-SlowHTTPTest,Bwd Pkts/s;Dst Port;Flow Duration;Flow IAT Max;Fwd Seg Size Min,0.9586737751960754,Fwd Pkt Len Max;Fwd Seg Size Avg;Fwd Seg Size Min;Init Fwd Win Byts;Pkt Size Avg,0.6550493915438309,0.1111111111111111,2
496226,Brute Force -XSS,SQL Injection,predicted,SQL Injection,Dst Port;Flow IAT Min;Fwd Pkt Len Std;Fwd Pkts/s;Init Fwd Win Byts,0.8816735148429871,ACK Flag Cnt;Bwd Seg Size Avg;Fwd Pkt Len Mean;Fwd Seg Size Avg;Pkt Size Avg,0.4297247842690669,0.0,2
496226,Brute Force -XSS,SQL Injection,true,Brute Force -XSS,Dst Port;Flow IAT Max;Flow IAT Min;Fwd Pkts/s;Init Fwd Win Byts,0.8225696086883545,ACK Flag Cnt;Fwd Pkt Len Mean;PSH Flag Cnt;Pkt Len Max;Pkt Len Mean,0.43943243020989686,0.0,2
504315,DDOS attack-LOIC-UDP,DDoS attacks-LOIC-HTTP,predicted,DDoS attacks-LOIC-HTTP,Fwd Act Data Pkts;Fwd IAT Tot;Fwd Pkts/s;Init Fwd Win Byts;Tot Fwd Pkts,0.8388619422912598,Dst Port;Flow Duration;Protocol;Tot Bwd Pkts;Tot Fwd Pkts,1.0,0.1111111111111111,1
504315,DDOS attack-LOIC-UDP,DDoS attacks-LOIC-HTTP,true,DDOS attack-LOIC-UDP,Flow Byts/s;Flow Pkts/s;Fwd Act Data Pkts;Fwd IAT Tot;Tot Fwd Pkts,0.8819065690040588,Dst Port;Flow Duration;Protocol;Tot Bwd Pkts;Tot Fwd Pkts,1.0,0.1111111111111111,0
504577,Infilteration,Benign,predicted,Benign,Bwd Pkt Len Max;Dst Port;ECE Flag Cnt;Fwd Pkt Len Max;RST Flag Cnt,0.7683435678482056,Dst Port;Flow IAT Max;Fwd Pkt Len Max;Fwd Pkt Len Mean;Init Fwd Win Byts,0.251609474006793,0.25,1
504577,Infilteration,Benign,true,Infilteration,Bwd Pkt Len Std;Dst Port;ECE Flag Cnt;Flow IAT Max;Pkt Len Max,0.48305392265319824,Dst Port;Flow IAT Min;Idle Max;Init Fwd Win Byts;TotLen Bwd Pkts,0.18583029379897098,0.1111111111111111,1
505835,Benign,Infilteration,predicted,Infilteration,Dst Port;Flow Pkts/s;Fwd Pkt Len Max;Fwd Pkts/s;Init Fwd Win Byts,0.7736576795578003,ACK Flag Cnt;Fwd Pkt Len Max;Init Fwd Win Byts;Pkt Len Max;TotLen Bwd Pkts,0.41333890703524934,0.25,2
505835,Benign,Infilteration,true,Benign,Dst Port;Fwd IAT Tot;Fwd Pkt Len Max;Fwd Pkt Len Mean;Init Fwd Win Byts,0.618773341178894,Bwd Pkt Len Max;Flow Duration;Fwd Pkt Len Max;Fwd URG Flags;Init Fwd Win Byts,0.362970892278187,0.25,2
514970,SQL Injection,Brute Force -Web,predicted,Brute Force -Web,Bwd Pkts/s;Dst Port;Fwd IAT Min;Fwd Pkts/s;Init Fwd Win Byts,0.7833943367004395,ACK Flag Cnt;Bwd Pkt Len Max;Bwd Pkt Len Std;Flow Pkts/s;PSH Flag Cnt,0.44957972603364815,0.0,2
514970,SQL Injection,Brute Force -Web,true,SQL Injection,Dst Port;Flow IAT Min;Fwd IAT Min;Fwd Pkts/s;Init Fwd Win Byts,0.8611534833908081,ACK Flag Cnt;Fwd Pkts/s;Fwd Seg Size Avg;PSH Flag Cnt;Pkt Len Min,0.47851920714054275,0.1111111111111111,2
518402,Benign,Infilteration,predicted,Infilteration,Bwd Pkts/s;Fwd Header Len;Fwd Pkt Len Max;Fwd Seg Size Min;PSH Flag Cnt,0.8350180387496948,Dst Port;Flow IAT Max;Init Fwd Win Byts;PSH Flag Cnt;Pkt Len Mean,0.328243171499629,0.1111111111111111,1
518402,Benign,Infilteration,true,Benign,Dst Port;Flow IAT Min;Fwd Pkt Len Max;Fwd Pkt Len Mean;Fwd Seg Size Min,0.6670939922332764,Dst Port;Fwd Pkt Len Max;Fwd Seg Size Min;Init Fwd Win Byts;Pkt Size Avg,0.2574071583588293,0.42857142857142855,2
519663,DDOS attack-LOIC-UDP,DDoS attacks-LOIC-HTTP,predicted,DDoS attacks-LOIC-HTTP,Fwd Act Data Pkts;Fwd IAT Tot;Fwd Pkts/s;Init Fwd Win Byts;Tot Fwd Pkts,0.8500256538391113,Dst Port;Flow Duration;Protocol;Tot Bwd Pkts;Tot Fwd Pkts,1.0,0.1111111111111111,1
519663,DDOS attack-LOIC-UDP,DDoS attacks-LOIC-HTTP,true,DDOS attack-LOIC-UDP,Flow IAT Mean;Fwd Act Data Pkts;Fwd Header Len;Fwd IAT Tot;Tot Fwd Pkts,0.9476298689842224,Dst Port;Flow Duration;Protocol;Tot Bwd Pkts;Tot Fwd Pkts,1.0,0.1111111111111111,0
525488,DDOS attack-LOIC-UDP,DDoS attacks-LOIC-HTTP,predicted,DDoS attacks-LOIC-HTTP,Fwd Act Data Pkts;Fwd IAT Tot;Fwd Pkts/s;Init Fwd Win Byts;Tot Fwd Pkts,0.8392981886863708,Dst Port;Flow Duration;Protocol;Tot Bwd Pkts;Tot Fwd Pkts,1.0,0.1111111111111111,1
525488,DDOS attack-LOIC-UDP,DDoS attacks-LOIC-HTTP,true,DDOS attack-LOIC-UDP,Flow Byts/s;Flow Pkts/s;Fwd Act Data Pkts;Fwd IAT Tot;Tot Fwd Pkts,0.883667528629303,Dst Port;Flow Duration;Protocol;Tot Bwd Pkts;Tot Fwd Pkts,1.0,0.1111111111111111,0
527307,DoS attacks-SlowHTTPTest,FTP-BruteForce,predicted,FTP-BruteForce,Flow IAT Max;Flow IAT Mean;Flow IAT Min;Flow Pkts/s;Fwd Seg Size Min,0.9739573001861572,ACK Flag Cnt;Bwd Pkts/s;Fwd Seg Size Avg;Fwd Seg Size Min;PSH Flag Cnt,0.6631250177482733,0.1111111111111111,1
527307,DoS attacks-SlowHTTPTest,FTP-BruteForce,true,DoS attacks-SlowHTTPTest,Bwd Pkts/s;Flow Duration;Flow IAT Min;Flow Pkts/s;Fwd Seg Size Min,0.8860960006713867,Fwd Pkt Len Mean;Fwd Seg Size Min;Init Fwd Win Byts;PSH Flag Cnt;Pkt Size Avg,0.6387844810361307,0.1111111111111111,1
539438,DDoS attacks-LOIC-HTTP,DDOS attack-LOIC-UDP,predicted,DDOS attack-LOIC-UDP,Flow IAT Std;Fwd Act Data Pkts;Fwd Header Len;Fwd IAT Tot;Tot Fwd Pkts,0.891482412815094,Dst Port;Flow Duration;Protocol;Tot Bwd Pkts;Tot Fwd Pkts,1.0,0.1111111111111111,0
539438,DDoS attacks-LOIC-HTTP,DDOS attack-LOIC-UDP,true,DDoS attacks-LOIC-HTTP,Fwd Act Data Pkts;Fwd IAT Tot;Fwd Pkts/s;Init Fwd Win Byts;Tot Fwd Pkts,0.8406143188476562,Dst Port;Flow Duration;Protocol;Tot Bwd Pkts;Tot Fwd Pkts,1.0,0.1111111111111111,1
539629,DDoS attacks-LOIC-HTTP,DDOS attack-LOIC-UDP,predicted,DDOS attack-LOIC-UDP,Flow IAT Min;Fwd Act Data Pkts;Fwd Header Len;Fwd IAT Tot;Tot Fwd Pkts,0.9032657742500305,Dst Port;Flow Duration;Protocol;Tot Bwd Pkts;Tot Fwd Pkts,1.0,0.1111111111111111,0
539629,DDoS attacks-LOIC-HTTP,DDOS attack-LOIC-UDP,true,DDoS attacks-LOIC-HTTP,Fwd Act Data Pkts;Fwd IAT Tot;Fwd Pkts/s;Init Fwd Win Byts;Tot Fwd Pkts,0.8365344405174255,Dst Port;Flow Duration;Protocol;Tot Bwd Pkts;Tot Fwd Pkts,1.0,0.1111111111111111,1
541174,FTP-BruteForce,DoS attacks-SlowHTTPTest,predicted,DoS attacks-SlowHTTPTest,Bwd Pkts/s;Flow Duration;Flow IAT Max;Flow IAT Mean;Fwd Seg Size Min,0.9698904156684875,Bwd Pkts/s;Flow Pkts/s;Fwd Seg Size Min;Init Fwd Win Byts;PSH Flag Cnt,0.8484473996951425,0.25,1
541174,FTP-BruteForce,DoS attacks-SlowHTTPTest,true,FTP-BruteForce,Flow IAT Max;Flow IAT Mean;Flow IAT Min;Flow Pkts/s;Fwd Seg Size Min,0.9544366002082825,Bwd Pkts/s;Flow Pkts/s;Fwd Pkts/s;Fwd Seg Size Min;Init Fwd Win Byts,0.8399734504389845,0.25,1
542775,FTP-BruteForce,DoS attacks-SlowHTTPTest,predicted,DoS attacks-SlowHTTPTest,Bwd Pkts/s;Flow Duration;Flow IAT Max;Flow IAT Mean;Fwd Seg Size Min,0.9698904156684875,Bwd Pkts/s;Flow Pkts/s;Fwd Pkts/s;Fwd Seg Size Avg;Fwd Seg Size Min,0.8544989285895778,0.25,1
542775,FTP-BruteForce,DoS attacks-SlowHTTPTest,true,FTP-BruteForce,Flow IAT Max;Flow IAT Mean;Flow IAT Min;Flow Pkts/s;Fwd Seg Size Min,0.9544366002082825,Bwd Pkts/s;Flow Pkts/s;Fwd Pkts/s;Fwd Seg Size Min;PSH Flag Cnt,0.838384111136532,0.25,1
546700,Infilteration,Benign,predicted,Benign,Dst Port;Fwd IAT Tot;Fwd Pkt Len Max;Fwd Pkt Len Mean;Init Fwd Win Byts,0.6796000003814697,Bwd Pkts/s;Dst Port;Fwd Pkt Len Mean;Fwd Pkts/s;URG Flag Cnt,0.21615607556395733,0.25,2
546700,Infilteration,Benign,true,Infilteration,Dst Port;Fwd Seg Size Min;Init Fwd Win Byts;Pkt Len Max;Pkt Len Std,0.6748650074005127,Dst Port;Flow IAT Min;Fwd Pkt Len Mean;Fwd URG Flags;Init Bwd Win Byts,0.17146877329713273,0.1111111111111111,3
547236,DDoS attacks-LOIC-HTTP,DDOS attack-LOIC-UDP,predicted,DDOS attack-LOIC-UDP,Flow IAT Min;Fwd Act Data Pkts;Fwd Header Len;Fwd IAT Tot;Tot Fwd Pkts,0.9275726675987244,Dst Port;Flow Duration;Protocol;Tot Bwd Pkts;Tot Fwd Pkts,1.0,0.1111111111111111,0
547236,DDoS attacks-LOIC-HTTP,DDOS attack-LOIC-UDP,true,DDoS attacks-LOIC-HTTP,Fwd Act Data Pkts;Fwd IAT Tot;Fwd Pkts/s;Init Fwd Win Byts;Tot Fwd Pkts,0.8457119464874268,Dst Port;Flow Duration;Protocol;Tot Bwd Pkts;Tot Fwd Pkts,1.0,0.1111111111111111,1
551503,FTP-BruteForce,DoS attacks-SlowHTTPTest,predicted,DoS attacks-SlowHTTPTest,Bwd Pkts/s;Flow Duration;Flow IAT Max;Flow IAT Min;Fwd Seg Size Min,0.9605045318603516,ACK Flag Cnt;Fwd Seg Size Avg;Fwd Seg Size Min;PSH Flag Cnt;Pkt Len Mean,0.6338666330371667,0.1111111111111111,1
551503,FTP-BruteForce,DoS attacks-SlowHTTPTest,true,FTP-BruteForce,Dst Port;Flow IAT Max;Flow IAT Min;Flow Pkts/s;Fwd Seg Size Min,0.9923790097236633,ACK Flag Cnt;Fwd Seg Size Min;Init Fwd Win Byts;PSH Flag Cnt;Pkt Size Avg,0.6589402126086799,0.1111111111111111,2
575393,DoS attacks-SlowHTTPTest,FTP-BruteForce,predicted,FTP-BruteForce,Flow IAT Max;Flow IAT Mean;Flow IAT Min;Flow Pkts/s;Fwd Seg Size Min,0.9675496220588684,Bwd Pkts/s;Flow Pkts/s;Fwd Pkts/s;Fwd Seg Size Min;PSH Flag Cnt,0.9654637623933253,0.25,1
575393,DoS attacks-SlowHTTPTest,FTP-BruteForce,true,DoS attacks-SlowHTTPTest,Bwd Pkts/s;Flow Duration;Flow IAT Max;Flow IAT Min;Fwd Seg Size Min,0.975196361541748,Bwd Pkts/s;Flow Pkts/s;Fwd Pkts/s;Fwd Seg Size Min;PSH Flag Cnt,0.9618780326603994,0.25,1
578547,DDoS attacks-LOIC-HTTP,DDOS attack-LOIC-UDP,predicted,DDOS attack-LOIC-UDP,Flow IAT Std;Fwd Act Data Pkts;Fwd Header Len;Fwd IAT Tot;Tot Fwd Pkts,0.90972900390625,Dst Port;Flow Duration;Protocol;Tot Bwd Pkts;Tot Fwd Pkts,1.0,0.1111111111111111,0
578547,DDoS attacks-LOIC-HTTP,DDOS attack-LOIC-UDP,true,DDoS attacks-LOIC-HTTP,Fwd Act Data Pkts;Fwd IAT Tot;Fwd Pkts/s;Init Fwd Win Byts;Tot Fwd Pkts,0.8500049710273743,Dst Port;Flow Duration;Protocol;Tot Bwd Pkts;Tot Fwd Pkts,1.0,0.1111111111111111,1
584169,Benign,Infilteration,predicted,Infilteration,Dst Port;Fwd IAT Min;Fwd Pkt Len Max;Fwd Pkts/s;Init Fwd Win Byts,0.7807071805000305,ACK Flag Cnt;Fwd Pkt Len Max;Init Fwd Win Byts;Pkt Len Mean;Pkt Size Avg,0.40408678238684537,0.25,2
584169,Benign,Infilteration,true,Benign,Dst Port;Flow IAT Min;Fwd Pkt Len Max;Fwd Pkt Len Mean;Fwd Pkts/s,0.6636685132980347,ACK Flag Cnt;Fwd Pkt Len Max;Idle Max;Init Fwd Win Byts;Pkt Size Avg,0.3101538356857163,0.1111111111111111,1
589500,Bot,Benign,predicted,Benign,Dst Port;Flow Duration;Fwd IAT Std;Fwd Pkt Len Max;Fwd Pkt Len Mean,0.6472337245941162,Flow Duration;Fwd IAT Tot;Fwd Seg Size Min;Subflow Fwd Pkts;Tot Fwd Pkts,0.5568319864436904,0.1111111111111111,1
589500,Bot,Benign,true,Bot,Active Mean;Dst Port;Fwd IAT Min;Fwd IAT Std;Protocol,0.7265025973320007,Flow Duration;Fwd IAT Tot;Fwd Seg Size Min;Subflow Fwd Pkts;Tot Fwd Pkts,0.8396122516692338,0.0,1
590448,Brute Force -Web,Benign,predicted,Benign,Bwd Pkt Len Mean;Dst Port;Fwd IAT Std;Fwd Pkt Len Mean;Pkt Len Mean,0.5350630283355713,Fwd Pkt Len Min;Fwd Seg Size Avg;Idle Std;Pkt Len Min;Subflow Fwd Byts,0.0,0.0,1
590448,Brute Force -Web,Benign,true,Brute Force -Web,Bwd Pkts/s;Fwd IAT Min;Fwd Pkt Len Max;Fwd Pkt Len Mean;Idle Std,0.8637157082557678,Fwd Pkt Len Mean;Fwd Pkt Len Min;Fwd Seg Size Avg;Idle Std;Pkt Len Min,0.0,0.25,0
595438,Bot,Benign,predicted,Benign,Dst Port;Fwd IAT Std;Fwd Pkt Len Max;Fwd Pkt Len Mean;Init Fwd Win Byts,0.7060138583183289,Bwd Pkts/s;FIN Flag Cnt;Flow IAT Mean;Flow IAT Min;Init Fwd Win Byts,0.2988700693803459,0.1111111111111111,2
595438,Bot,Benign,true,Bot,Dst Port;Fwd IAT Max;Fwd IAT Std;Protocol;Tot Fwd Pkts,0.8083971738815308,Bwd IAT Min;Fwd Seg Size Min;Idle Max;Idle Std;RST Flag Cnt,0.14294542183908399,0.0,1
599379,DoS attacks-SlowHTTPTest,FTP-BruteForce,predicted,FTP-BruteForce,Flow IAT Max;Flow IAT Mean;Flow IAT Min;Flow Pkts/s;Fwd Seg Size Min,0.9680131077766418,Bwd Pkts/s;Flow Pkts/s;Fwd Pkts/s;Fwd Seg Size Min;PSH Flag Cnt,0.9863836050103578,0.25,1
599379,DoS attacks-SlowHTTPTest,FTP-BruteForce,true,DoS attacks-SlowHTTPTest,Bwd Pkts/s;Flow Duration;Flow IAT Max;Flow IAT Min;Fwd Seg Size Min,0.9771498441696167,Bwd Pkt Len Max;Bwd Pkts/s;Flow Pkts/s;Fwd Pkts/s;Fwd Seg Size Min,0.988464611828423,0.25,1
602757,DDOS attack-LOIC-UDP,DDoS attacks-LOIC-HTTP,predicted,DDoS attacks-LOIC-HTTP,Fwd Act Data Pkts;Fwd IAT Tot;Fwd Pkts/s;Init Fwd Win Byts;Tot Fwd Pkts,0.8535495400428772,Dst Port;Flow Duration;Protocol;Tot Bwd Pkts;Tot Fwd Pkts,1.0,0.1111111111111111,1
602757,DDOS attack-LOIC-UDP,DDoS attacks-LOIC-HTTP,true,DDOS attack-LOIC-UDP,Fwd Act Data Pkts;Fwd Header Len;Fwd IAT Std;Fwd IAT Tot;Tot Fwd Pkts,0.9489379525184631,Dst Port;Flow Duration;Protocol;Tot Bwd Pkts;Tot Fwd Pkts,1.0,0.1111111111111111,0
602949,Infilteration,Benign,predicted,Benign,Dst Port;Fwd IAT Tot;Fwd Pkt Len Max;Fwd Pkt Len Mean;Fwd Seg Size Min,0.6728203892707825,Bwd Pkts/s;Dst Port;Flow Pkts/s;Fwd Pkts/s;Fwd URG Flags,0.7637296854686199,0.1111111111111111,2
602949,Infilteration,Benign,true,Infilteration,Bwd Pkts/s;Fwd Header Len;Fwd IAT Min;Fwd Seg Size Min;PSH Flag Cnt,0.7770319581031799,Bwd Pkts/s;Flow Pkts/s;Fwd Pkts/s;Init Fwd Win Byts;TotLen Bwd Pkts,0.8409586876507444,0.1111111111111111,1
604866,Benign,Infilteration,predicted,Infilteration,Dst Port;Fwd Header Len;Fwd Pkt Len Max;Fwd Seg Size Min;PSH Flag Cnt,0.8365316390991211,Dst Port;Fwd Pkt Len Max;Init Fwd Win Byts;Pkt Len Mean;Tot Fwd Pkts,0.3434940032548971,0.25,2
604866,Benign,Infilteration,true,Benign,Dst Port;Flow IAT Min;Fwd Pkt Len Max;Fwd Pkt Len Mean;Fwd Seg Size Min,0.6635344624519348,Bwd Pkt Len Max;Dst Port;Fwd IAT Tot;Fwd URG Flags;Pkt Len Mean,0.32909598130869977,0.1111111111111111,2
607742,FTP-BruteForce,DoS attacks-SlowHTTPTest,predicted,DoS attacks-SlowHTTPTest,Flow Duration;Flow IAT Max;Flow IAT Min;Flow Pkts/s;Fwd Seg Size Min,0.9535021781921387,Fwd Seg Size Min;Init Fwd Win Byts;PSH Flag Cnt;Pkt Len Max;Subflow Fwd Pkts,0.6269021792669809,0.1111111111111111,1
607742,FTP-BruteForce,DoS attacks-SlowHTTPTest,true,FTP-BruteForce,Dst Port;Flow IAT Max;Flow IAT Min;Flow Pkts/s;Fwd Seg Size Min,0.9938145875930786,Fwd Pkt Len Max;Fwd Seg Size Min;PSH Flag Cnt;Pkt Size Avg;Subflow Fwd Pkts,0.6358812453175188,0.1111111111111111,2
624217,Brute Force -Web,Benign,predicted,Benign,Bwd Pkt Len Mean;Dst Port;Fwd IAT Std;Fwd Pkt Len Mean;Pkt Len Mean,0.5350530743598938,Fwd Pkt Len Mean;Fwd Pkt Len Min;Fwd Seg Size Avg;Idle Std;Pkt Len Min,0.0,0.1111111111111111,1
624217,Brute Force -Web,Benign,true,Brute Force -Web,Bwd Pkts/s;Fwd IAT Min;Fwd Pkt Len Max;Fwd Pkt Len Mean;Idle Min,0.8534693121910095,Fwd Pkt Len Mean;Fwd Pkt Len Min;Fwd Seg Size Avg;Idle Std;Pkt Len Min,0.0,0.1111111111111111,0
631883,Brute Force -Web,Benign,predicted,Benign,Bwd Pkt Len Mean;Dst Port;Fwd IAT Std;Fwd Pkt Len Mean;Pkt Len Mean,0.5350630283355713,Fwd Pkt Len Mean;Fwd Pkt Len Min;Fwd Seg Size Avg;Idle Std;Pkt Len Min,0.0,0.1111111111111111,1
631883,Brute Force -Web,Benign,true,Brute Force -Web,Bwd Pkts/s;Fwd IAT Min;Fwd Pkt Len Max;Fwd Pkt Len Mean;Idle Std,0.8546941876411438,Fwd Pkt Len Mean;Fwd Pkt Len Min;Fwd Seg Size Avg;Idle Std;Pkt Len Min,0.0,0.25,0
632388,Brute Force -Web,Benign,predicted,Benign,Dst Port;Flow Duration;Fwd Pkt Len Max;Fwd Pkt Len Mean;Init Fwd Win Byts,0.7380789518356323,Flow IAT Mean;Flow IAT Min;Fwd IAT Mean;Fwd IAT Tot;Idle Mean,0.3329559163933735,0.0,2
632388,Brute Force -Web,Benign,true,Brute Force -Web,Bwd Pkts/s;Dst Port;Flow Pkts/s;Idle Max;Protocol,0.5797332525253296,Flow IAT Mean;Flow IAT Min;Fwd IAT Mean;Fwd IAT Min;Idle Mean,0.9501206399296162,0.0,1
650449,Benign,Infilteration,predicted,Infilteration,Dst Port;ECE Flag Cnt;Flow IAT Max;Fwd IAT Max;Fwd IAT Std,0.49575117230415344,Bwd IAT Tot;ECE Flag Cnt;Fwd Act Data Pkts;Fwd IAT Tot;Subflow Fwd Pkts,0.8506194960085669,0.1111111111111111,1
650449,Benign,Infilteration,true,Benign,Dst Port;ECE Flag Cnt;Flow Duration;Fwd Pkt Len Max;RST Flag Cnt,0.5872366428375244,Bwd IAT Tot;Flow Duration;Fwd Act Data Pkts;RST Flag Cnt;Tot Fwd Pkts,0.7981064950423535,0.25,1
652568,Benign,Infilteration,predicted,Infilteration,Bwd Pkts/s;Dst Port;Fwd Header Len;Fwd Seg Size Min;PSH Flag Cnt,0.8260900974273682,Fwd Pkt Len Max;Fwd URG Flags;Init Fwd Win Byts;PSH Flag Cnt;Pkt Len Std,0.2404767958486601,0.1111111111111111,2
652568,Benign,Infilteration,true,Benign,Dst Port;Flow IAT Min;Fwd Pkt Len Max;Fwd Pkt Len Mean;Fwd Seg Size Min,0.5935971736907959,Fwd URG Flags;Init Fwd Win Byts;Pkt Len Max;Tot Bwd Pkts;TotLen Bwd Pkts,0.22356634091777894,0.0,2
654736,DDOS attack-LOIC-UDP,DDoS attacks-LOIC-HTTP,predicted,DDoS attacks-LOIC-HTTP,Fwd Act Data Pkts;Fwd IAT Tot;Fwd Pkts/s;Init Fwd Win Byts;Tot Fwd Pkts,0.8451992869377136,Dst Port;Flow Duration;Protocol;Tot Bwd Pkts;Tot Fwd Pkts,1.0,0.1111111111111111,1
654736,DDOS attack-LOIC-UDP,DDoS attacks-LOIC-HTTP,true,DDOS attack-LOIC-UDP,Flow IAT Mean;Fwd Act Data Pkts;Fwd Header Len;Fwd IAT Tot;Tot Fwd Pkts,0.9490134119987488,Dst Port;Flow Duration;Protocol;Tot Bwd Pkts;Tot Fwd Pkts,1.0,0.1111111111111111,0
655409,DDoS attacks-LOIC-HTTP,DDOS attack-LOIC-UDP,predicted,DDOS attack-LOIC-UDP,Flow IAT Std;Fwd Act Data Pkts;Fwd Header Len;Fwd IAT Tot;Tot Fwd Pkts,0.9298985600471497,Dst Port;Flow Duration;Protocol;Tot Bwd Pkts;Tot Fwd Pkts,1.0,0.1111111111111111,0
655409,DDoS attacks-LOIC-HTTP,DDOS attack-LOIC-UDP,true,DDoS attacks-LOIC-HTTP,Fwd Act Data Pkts;Fwd IAT Tot;Fwd Pkts/s;Init Fwd Win Byts;Tot Fwd Pkts,0.8508867621421814,Dst Port;Flow Duration;Protocol;Tot Bwd Pkts;Tot Fwd Pkts,1.0,0.1111111111111111,1
665585,Brute Force -Web,Benign,predicted,Benign,Bwd Pkt Len Mean;Dst Port;Flow Duration;Fwd IAT Std;Pkt Len Mean,0.5340431332588196,Fwd Pkt Len Min;Fwd Seg Size Avg;Idle Std;Pkt Len Min;Pkt Size Avg,0.0,0.0,1
665585,Brute Force -Web,Benign,true,Brute Force -Web,Bwd Pkts/s;Fwd Pkt Len Max;Fwd Pkt Len Mean;Idle Mean;Idle Std,0.831125795841217,Fwd Pkt Len Mean;Fwd Pkt Len Min;Fwd Seg Size Avg;Idle Std;Pkt Len Min,0.0,0.25,0
668673,FTP-BruteForce,DoS attacks-SlowHTTPTest,predicted,DoS attacks-SlowHTTPTest,Bwd Pkts/s;Flow Duration;Flow IAT Max;Flow IAT Min;Fwd Seg Size Min,0.9626639485359192,Bwd Pkts/s;Bwd Seg Size Avg;Fwd Seg Size Min;PSH Flag Cnt;Pkt Size Avg,0.7166716147145409,0.25,1
668673,FTP-BruteForce,DoS attacks-SlowHTTPTest,true,FTP-BruteForce,Flow Duration;Flow IAT Max;Flow IAT Min;Flow Pkts/s;Fwd Seg Size Min,0.9575308561325073,Bwd Pkt Len Max;Bwd Pkts/s;Fwd Pkt Len Mean;Fwd Seg Size Min;PSH Flag Cnt,0.707769672822792,0.1111111111111111,1
675233,DoS attacks-SlowHTTPTest,FTP-BruteForce,predicted,FTP-BruteForce,Flow IAT Max;Flow IAT Mean;Flow IAT Min;Flow Pkts/s;Fwd Seg Size Min,0.9736672043800354,Bwd Pkts/s;Flow Pkts/s;Fwd Pkts/s;Fwd Seg Size Min;Init Fwd Win Byts,0.9075365538281447,0.25,1
675233,DoS attacks-SlowHTTPTest,FTP-BruteForce,true,DoS attacks-SlowHTTPTest,Bwd Pkts/s;Flow Duration;Flow IAT Max;Flow IAT Min;Fwd Seg Size Min,0.9597972631454468,Bwd Pkts/s;Flow Pkts/s;Fwd Pkts/s;Fwd Seg Size Min;PSH Flag Cnt,0.9152257986860898,0.25,1
675762,Infilteration,Benign,predicted,Benign,Dst Port;ECE Flag Cnt;Fwd IAT Tot;Fwd Pkt Len Max;Init Fwd Win Byts,0.5978573560714722,Dst Port;Flow Byts/s;Fwd IAT Tot;Idle Max;Pkt Size Avg,0.23880689629592622,0.25,2
675762,Infilteration,Benign,true,Infilteration,Bwd Pkt Len Min;Dst Port;Fwd Header Len;Init Fwd Win Byts;Pkt Len Max,0.6694697141647339,ECE Flag Cnt;Fwd URG Flags;Idle Max;Init Bwd Win Byts;Init Fwd Win Byts,0.26231742258539814,0.1111111111111111,2
676188,Infilteration,Benign,predicted,Benign,Dst Port;Fwd IAT Tot;Fwd Pkt Len Max;Fwd Pkt Len Mean;URG Flag Cnt,0.6358091235160828,Bwd Header Len;Dst Port;Fwd IAT Std;Fwd URG Flags;Idle Max,0.23028296963334272,0.1111111111111111,1
676188,Infilteration,Benign,true,Infilteration,Dst Port;Flow IAT Max;Flow IAT Min;Fwd Header Len;TotLen Bwd Pkts,0.6611934900283813,Dst Port;Flow IAT Min;Fwd Pkt Len Max;Fwd URG Flags;Init Bwd Win Byts,0.21796280060182793,0.25,1
685405,DDOS attack-LOIC-UDP,DDoS attacks-LOIC-HTTP,predicted,DDoS attacks-LOIC-HTTP,Fwd Act Data Pkts;Fwd IAT Tot;Fwd Pkts/s;Init Fwd Win Byts;Tot Fwd Pkts,0.8476945161819458,Dst Port;Flow Duration;Protocol;Tot Bwd Pkts;Tot Fwd Pkts,1.0,0.1111111111111111,1
685405,DDOS attack-LOIC-UDP,DDoS attacks-LOIC-HTTP,true,DDOS attack-LOIC-UDP,Fwd Act Data Pkts;Fwd Header Len;Fwd IAT Mean;Fwd IAT Tot;Tot Fwd Pkts,0.9212841391563416,Dst Port;Flow Duration;Protocol;Tot Bwd Pkts;Tot Fwd Pkts,1.0,0.1111111111111111,0
686310,Brute Force -Web,Benign,predicted,Benign,Bwd Pkt Len Mean;Dst Port;Fwd IAT Std;Fwd Pkt Len Mean;Pkt Len Mean,0.5350630283355713,Fwd Pkt Len Mean;Fwd Pkt Len Min;Fwd Seg Size Avg;Idle Std;Pkt Len Min,0.0,0.1111111111111111,1
686310,Brute Force -Web,Benign,true,Brute Force -Web,Bwd Pkts/s;Fwd IAT Min;Fwd Pkt Len Max;Fwd Pkt Len Mean;Idle Std,0.857816219329834,Fwd Pkt Len Mean;Fwd Pkt Len Min;Fwd Seg Size Avg;Idle Std;Pkt Len Min,0.0,0.25,0
687595,DDoS attacks-LOIC-HTTP,DDOS attack-LOIC-UDP,predicted,DDOS attack-LOIC-UDP,Flow IAT Min;Fwd Act Data Pkts;Fwd Header Len;Fwd IAT Tot;Tot Fwd Pkts,0.9336674213409424,Dst Port;Flow Duration;Protocol;Tot Bwd Pkts;Tot Fwd Pkts,1.0,0.1111111111111111,0
687595,DDoS attacks-LOIC-HTTP,DDOS attack-LOIC-UDP,true,DDoS attacks-LOIC-HTTP,Fwd Act Data Pkts;Fwd IAT Tot;Fwd Pkts/s;Init Fwd Win Byts;Tot Fwd Pkts,0.8491065502166748,Dst Port;Flow Duration;Protocol;Tot Bwd Pkts;Tot Fwd Pkts,1.0,0.1111111111111111,1
693883,DoS attacks-SlowHTTPTest,FTP-BruteForce,predicted,FTP-BruteForce,Flow IAT Max;Flow IAT Mean;Flow IAT Min;Flow Pkts/s;Fwd Seg Size Min,0.9694873094558716,Fwd Seg Size Min;Init Fwd Win Byts;PSH Flag Cnt;Pkt Len Max;Pkt Size Avg,0.667381783772687,0.1111111111111111,1
693883,DoS attacks-SlowHTTPTest,FTP-BruteForce,true,DoS attacks-SlowHTTPTest,Bwd Pkts/s;Flow IAT Max;Flow IAT Min;Flow Pkts/s;Fwd Seg Size Min,0.946125864982605,Bwd Pkts/s;Fwd Pkt Len Max;Fwd Pkt Len Mean;Fwd Seg Size Min;PSH Flag Cnt,0.6469471289785061,0.25,1
