sample_id,true_label
30494,Benign
44615,Benign
47536,Benign
53524,Benign
60185,Benign
62519,Benign
64530,Benign
65941,Benign
68041,Benign
89608,Benign
90857,Benign
97737,Benign
107855,Benign
112382,Benign
115515,Benign
127737,Benign
132592,Benign
136157,Benign
141031,Benign
158748,Benign
158954,Benign
167490,Benign
193452,Benign
201691,Benign
218539,Benign
227976,Benign
231084,Benign
248229,Benign
254778,Benign
256740,Benign
259401,Benign
259614,Benign
271317,Benign
281657,Benign
287611,Benign
303191,Benign
304773,Benign
306115,Benign
307273,Benign
310460,Benign
312057,Benign
315340,Benign
315405,Benign
324215,Benign
326870,Benign
328846,Benign
333229,Benign
348726,Benign
350511,Benign
359556,Benign
368816,Benign
382065,Benign
382888,Benign
388416,Benign
395421,Benign
440965,Benign
442249,Benign
445821,Benign
450718,Benign
458140,Benign
468836,Benign
474565,Benign
477782,Benign
478129,Benign
480566,Benign
488114,Benign
490267,Benign
490402,Benign
502336,Benign
515236,Benign
520643,Benign
521602,Benign
530908,Benign
532192,Benign
533020,Benign
537698,Benign
541910,Benign
545079,Benign
547283,Benign
550403,Benign
557142,Benign
563564,Benign
576124,Benign
579563,Benign
582808,Benign
583078,Benign
588062,Benign
589521,Benign
601078,Benign
601254,Benign
621731,Benign
625391,Benign
628883,Benign
634090,Benign
645819,Benign
648787,Benign
658274,Benign
677415,Benign
679623,Benign
683031,Benign
14173,Bot
16360,Bot
30548,Bot
46299,Bot
56216,Bot
59199,Bot
60182,Bot
67293,Bot
68662,Bot
73646,Bot
91415,Bot
99758,Bot
102683,Bot
107435,Bot
113993,Bot
119747,Bot
122949,Bot
123816,Bot
126309,Bot
132210,Bot
141904,Bot
183491,Bot
185504,Bot
187617,Bot
188726,Bot
191740,Bot
194338,Bot
200364,Bot
207430,Bot
211126,Bot
214885,Bot
216754,Bot
231694,Bot
233709,Bot
243609,Bot
256618,Bot
291403,Bot
293431,Bot
302253,Bot
307519,Bot
309132,Bot
312250,Bot
312713,Bot
313806,Bot
317767,Bot
318998,Bot
323358,Bot
326555,Bot
330877,Bot
336988,Bot
340208,Bot
343077,Bot
344132,Bot
345039,Bot
345049,Bot
363090,Bot
377181,Bot
379049,Bot
379341,Bot
397490,Bot
402197,Bot
404377,Bot
406035,Bot
408593,Bot
410845,Bot
424607,Bot
435398,Bot
436253,Bot
450779,Bot
458210,Bot
459739,Bot
466558,Bot
470293,Bot
484737,Bot
488249,Bot
496800,Bot
499022,Bot
500197,Bot
510651,Bot
524766,Bot
525284,Bot
528273,Bot
538116,Bot
542520,Bot
544866,Bot
545812,Bot
550240,Bot
560539,Bot
561240,Bot
590538,Bot
593714,Bot
626470,Bot
629865,Bot
643020,Bot
652891,Bot
665093,Bot
667959,Bot
668300,Bot
674573,Bot
690668,Bot
1582,Brute Force -Web
4054,Brute Force -Web
12970,Brute Force -Web
20922,Brute Force -Web
26662,Brute Force -Web
29535,Brute Force -Web
42573,Brute Force -Web
49728,Brute Force -Web
63181,Brute Force -Web
63228,Brute Force -Web
68427,Brute Force -Web
81969,Brute Force -Web
86164,Brute Force -Web
88816,Brute Force -Web
92264,Brute Force -Web
106461,Brute Force -Web
147870,Brute Force -Web
149080,Brute Force -Web
149794,Brute Force -Web
182417,Brute Force -Web
201841,Brute Force -Web
211898,Brute Force -Web
225404,Brute Force -Web
235209,Brute Force -Web
243512,Brute Force -Web
244749,Brute Force -Web
245086,Brute Force -Web
246629,Brute Force -Web
247717,Brute Force -Web
250642,Brute Force -Web
252676,Brute Force -Web
253046,Brute Force -Web
254715,Brute Force -Web
262898,Brute Force -Web
292102,Brute Force -Web
297866,Brute Force -Web
302291,Brute Force -Web
307982,Brute Force -Web
315063,Brute Force -Web
315736,Brute Force -Web
318492,Brute Force -Web
322974,Brute Force -Web
332620,Brute Force -Web
335757,Brute Force -Web
339667,Brute Force -Web
349906,Brute Force -Web
351886,Brute Force -Web
360489,Brute Force -Web
365833,Brute Force -Web
366290,Brute Force -Web
371708,Brute Force -Web
383599,Brute Force -Web
385336,Brute Force -Web
387556,Brute Force -Web
392548,Brute Force -Web
394927,Brute Force -Web
417634,Brute Force -Web
421817,Brute Force -Web
430855,Brute Force -Web
432334,Brute Force -Web
435082,Brute Force -Web
438174,Brute Force -Web
445619,Brute Force -Web
462813,Brute Force -Web
465061,Brute Force -Web
469032,Brute Force -Web
470325,Brute Force -Web
474363,Brute Force -Web
498379,Brute Force -Web
498647,Brute Force -Web
512591,Brute Force -Web
514378,Brute Force -Web
517291,Brute Force -Web
519990,Brute Force -Web
524341,Brute Force -Web
527604,Brute Force -Web
549022,Brute Force -Web
559290,Brute Force -Web
563547,Brute Force -Web
567714,Brute Force -Web
590448,Brute Force -Web
594394,Brute Force -Web
612695,Brute Force -Web
614266,Brute Force -Web
614472,Brute Force -Web
624217,Brute Force -Web
625897,Brute Force -Web
629919,Brute Force -Web
631883,Brute Force -Web
632388,Brute Force -Web
647185,Brute Force -Web
654276,Brute Force -Web
662079,Brute Force -Web
663020,Brute Force -Web
665585,Brute Force -Web
665639,Brute Force -Web
676095,Brute Force -Web
685591,Brute Force -Web
691430,Brute Force -Web
697769,Brute Force -Web
4725,Brute Force -XSS
15658,Brute Force -XSS
19068,Brute Force -XSS
20056,Brute Force -XSS
27421,Brute Force -XSS
40324,Brute Force -XSS
108720,Brute Force -XSS
131703,Brute Force -XSS
157284,Brute Force -XSS
183932,Brute Force -XSS
204165,Brute Force -XSS
214964,Brute Force -XSS
220146,Brute Force -XSS
225548,Brute Force -XSS
241153,Brute Force -XSS
252600,Brute Force -XSS
260305,Brute Force -XSS
286975,Brute Force -XSS
288753,Brute Force -XSS
313529,Brute Force -XSS
314183,Brute Force -XSS
317120,Brute Force -XSS
320952,Brute Force -XSS
338824,Brute Force -XSS
346512,Brute Force -XSS
374398,Brute Force -XSS
390292,Brute Force -XSS
423486,Brute Force -XSS
434271,Brute Force -XSS
460443,Brute Force -XSS
476206,Brute Force -XSS
476336,Brute Force -XSS
496226,Brute Force -XSS
503052,Brute Force -XSS
521700,Brute Force -XSS
522204,Brute Force -XSS
556032,Brute Force -XSS
559418,Brute Force -XSS
572379,Brute Force -XSS
573424,Brute Force -XSS
598293,Brute Force -XSS
630081,Brute Force -XSS
651743,Brute Force -XSS
669816,Brute Force -XSS
695058,Brute Force -XSS
695843,Brute Force -XSS
24329,DDOS attack-HOIC
42365,DDOS attack-HOIC
50260,DDOS attack-HOIC
58795,DDOS attack-HOIC
62692,DDOS attack-HOIC
66148,DDOS attack-HOIC
91477,DDOS attack-HOIC
92938,DDOS attack-HOIC
95181,DDOS attack-HOIC
96758,DDOS attack-HOIC
115327,DDOS attack-HOIC
118474,DDOS attack-HOIC
123673,DDOS attack-HOIC
127991,DDOS attack-HOIC
141671,DDOS attack-HOIC
141707,DDOS attack-HOIC
163104,DDOS attack-HOIC
165151,DDOS attack-HOIC
175192,DDOS attack-HOIC
178043,DDOS attack-HOIC
186764,DDOS attack-HOIC
201783,DDOS attack-HOIC
207926,DDOS attack-HOIC
226533,DDOS attack-HOIC
229680,DDOS attack-HOIC
230336,DDOS attack-HOIC
237013,DDOS attack-HOIC
256795,DDOS attack-HOIC
257574,DDOS attack-HOIC
265943,DDOS attack-HOIC
269640,DDOS attack-HOIC
285515,DDOS attack-HOIC
292418,DDOS attack-HOIC
303787,DDOS attack-HOIC
303976,DDOS attack-HOIC
311918,DDOS attack-HOIC
322303,DDOS attack-HOIC
323615,DDOS attack-HOIC
334211,DDOS attack-HOIC
336288,DDOS attack-HOIC
342417,DDOS attack-HOIC
352439,DDOS attack-HOIC
353341,DDOS attack-HOIC
359209,DDOS attack-HOIC
366133,DDOS attack-HOIC
372872,DDOS attack-HOIC
374461,DDOS attack-HOIC
374681,DDOS attack-HOIC
387090,DDOS attack-HOIC
406304,DDOS attack-HOIC
415528,DDOS attack-HOIC
417893,DDOS attack-HOIC
422384,DDOS attack-HOIC
429876,DDOS attack-HOIC
430648,DDOS attack-HOIC
435041,DDOS attack-HOIC
438484,DDOS attack-HOIC
442759,DDOS attack-HOIC
445271,DDOS attack-HOIC
447343,DDOS attack-HOIC
449431,DDOS attack-HOIC
456876,DDOS attack-HOIC
469980,DDOS attack-HOIC
480797,DDOS attack-HOIC
480944,DDOS attack-HOIC
487667,DDOS attack-HOIC
506935,DDOS attack-HOIC
507814,DDOS attack-HOIC
509229,DDOS attack-HOIC
515271,DDOS attack-HOIC
516611,DDOS attack-HOIC
517885,DDOS attack-HOIC
537566,DDOS attack-HOIC
540301,DDOS attack-HOIC
545497,DDOS attack-HOIC
545809,DDOS attack-HOIC
548836,DDOS attack-HOIC
549118,DDOS attack-HOIC
555702,DDOS attack-HOIC
558089,DDOS attack-HOIC
561797,DDOS attack-HOIC
564126,DDOS attack-HOIC
578498,DDOS attack-HOIC
583919,DDOS attack-HOIC
594330,DDOS attack-HOIC
598141,DDOS attack-HOIC
600130,DDOS attack-HOIC
602770,DDOS attack-HOIC
641626,DDOS attack-HOIC
643744,DDOS attack-HOIC
651780,DDOS attack-HOIC
655073,DDOS attack-HOIC
662130,DDOS attack-HOIC
663687,DDOS attack-HOIC
666562,DDOS attack-HOIC
671185,DDOS attack-HOIC
671925,DDOS attack-HOIC
671935,DDOS attack-HOIC
675677,DDOS attack-HOIC
697160,DDOS attack-HOIC
861,DDOS attack-LOIC-UDP
4691,DDOS attack-LOIC-UDP
5712,DDOS attack-LOIC-UDP
5966,DDOS attack-LOIC-UDP
12235,DDOS attack-LOIC-UDP
14881,DDOS attack-LOIC-UDP
16063,DDOS attack-LOIC-UDP
17866,DDOS attack-LOIC-UDP
29423,DDOS attack-LOIC-UDP
34755,DDOS attack-LOIC-UDP
41161,DDOS attack-LOIC-UDP
54845,DDOS attack-LOIC-UDP
63033,DDOS attack-LOIC-UDP
76270,DDOS attack-LOIC-UDP
76830,DDOS attack-LOIC-UDP
83841,DDOS attack-LOIC-UDP
89459,DDOS attack-LOIC-UDP
99717,DDOS attack-LOIC-UDP
107048,DDOS attack-LOIC-UDP
125172,DDOS attack-LOIC-UDP
133135,DDOS attack-LOIC-UDP
134124,DDOS attack-LOIC-UDP
136921,DDOS attack-LOIC-UDP
143637,DDOS attack-LOIC-UDP
145983,DDOS attack-LOIC-UDP
147287,DDOS attack-LOIC-UDP
148018,DDOS attack-LOIC-UDP
150353,DDOS attack-LOIC-UDP
150894,DDOS attack-LOIC-UDP
160738,DDOS attack-LOIC-UDP
167503,DDOS attack-LOIC-UDP
178197,DDOS attack-LOIC-UDP
197033,DDOS attack-LOIC-UDP
210208,DDOS attack-LOIC-UDP
219679,DDOS attack-LOIC-UDP
251124,DDOS attack-LOIC-UDP
252162,DDOS attack-LOIC-UDP
274707,DDOS attack-LOIC-UDP
281156,DDOS attack-LOIC-UDP
287792,DDOS attack-LOIC-UDP
294997,DDOS attack-LOIC-UDP
349516,DDOS attack-LOIC-UDP
364922,DDOS attack-LOIC-UDP
376923,DDOS attack-LOIC-UDP
378868,DDOS attack-LOIC-UDP
379323,DDOS attack-LOIC-UDP
381582,DDOS attack-LOIC-UDP
384140,DDOS attack-LOIC-UDP
398799,DDOS attack-LOIC-UDP
400457,DDOS attack-LOIC-UDP
412307,DDOS attack-LOIC-UDP
419496,DDOS attack-LOIC-UDP
421353,DDOS attack-LOIC-UDP
424072,DDOS attack-LOIC-UDP
452004,DDOS attack-LOIC-UDP
453905,DDOS attack-LOIC-UDP
464247,DDOS attack-LOIC-UDP
468192,DDOS attack-LOIC-UDP
468943,DDOS attack-LOIC-UDP
476835,DDOS attack-LOIC-UDP
486614,DDOS attack-LOIC-UDP
487263,DDOS attack-LOIC-UDP
490210,DDOS attack-LOIC-UDP
491728,DDOS attack-LOIC-UDP
492815,DDOS attack-LOIC-UDP
492969,DDOS attack-LOIC-UDP
493029,DDOS attack-LOIC-UDP
495050,DDOS attack-LOIC-UDP
497795,DDOS attack-LOIC-UDP
517575,DDOS attack-LOIC-UDP
517942,DDOS attack-LOIC-UDP
528023,DDOS attack-LOIC-UDP
530571,DDOS attack-LOIC-UDP
533710,DDOS attack-LOIC-UDP
535137,DDOS attack-LOIC-UDP
537029,DDOS attack-LOIC-UDP
548625,DDOS attack-LOIC-UDP
564613,DDOS attack-LOIC-UDP
567075,DDOS attack-LOIC-UDP
584763,DDOS attack-LOIC-UDP
590730,DDOS attack-LOIC-UDP
600283,DDOS attack-LOIC-UDP
602757,DDOS attack-LOIC-UDP
607812,DDOS attack-LOIC-UDP
615012,DDOS attack-LOIC-UDP
620068,DDOS attack-LOIC-UDP
622113,DDOS attack-LOIC-UDP
626359,DDOS attack-LOIC-UDP
639271,DDOS attack-LOIC-UDP
644516,DDOS attack-LOIC-UDP
645970,DDOS attack-LOIC-UDP
646159,DDOS attack-LOIC-UDP
654258,DDOS attack-LOIC-UDP
665523,DDOS attack-LOIC-UDP
672393,DDOS attack-LOIC-UDP
677076,DDOS attack-LOIC-UDP
686093,DDOS attack-LOIC-UDP
687064,DDOS attack-LOIC-UDP
691842,DDOS attack-LOIC-UDP
692514,DDOS attack-LOIC-UDP
7748,DDoS attacks-LOIC-HTTP
10519,DDoS attacks-LOIC-HTTP
29392,DDoS attacks-LOIC-HTTP
38545,DDoS attacks-LOIC-HTTP
38819,DDoS attacks-LOIC-HTTP
46253,DDoS attacks-LOIC-HTTP
49548,DDoS attacks-LOIC-HTTP
52573,DDoS attacks-LOIC-HTTP
53471,DDoS attacks-LOIC-HTTP
80739,DDoS attacks-LOIC-HTTP
83455,DDoS attacks-LOIC-HTTP
89524,DDoS attacks-LOIC-HTTP
99090,DDoS attacks-LOIC-HTTP
100887,DDoS attacks-LOIC-HTTP
107653,DDoS attacks-LOIC-HTTP
114761,DDoS attacks-LOIC-HTTP
116210,DDoS attacks-LOIC-HTTP
120901,DDoS attacks-LOIC-HTTP
139701,DDoS attacks-LOIC-HTTP
145300,DDoS attacks-LOIC-HTTP
167214,DDoS attacks-LOIC-HTTP
171578,DDoS attacks-LOIC-HTTP
188081,DDoS attacks-LOIC-HTTP
196189,DDoS attacks-LOIC-HTTP
217416,DDoS attacks-LOIC-HTTP
219538,DDoS attacks-LOIC-HTTP
219843,DDoS attacks-LOIC-HTTP
230269,DDoS attacks-LOIC-HTTP
233436,DDoS attacks-LOIC-HTTP
233539,DDoS attacks-LOIC-HTTP
252296,DDoS attacks-LOIC-HTTP
255405,DDoS attacks-LOIC-HTTP
260644,DDoS attacks-LOIC-HTTP
268520,DDoS attacks-LOIC-HTTP
271368,DDoS attacks-LOIC-HTTP
274792,DDoS attacks-LOIC-HTTP
290172,DDoS attacks-LOIC-HTTP
292109,DDoS attacks-LOIC-HTTP
297101,DDoS attacks-LOIC-HTTP
305302,DDoS attacks-LOIC-HTTP
314362,DDoS attacks-LOIC-HTTP
315034,DDoS attacks-LOIC-HTTP
326940,DDoS attacks-LOIC-HTTP
340220,DDoS attacks-LOIC-HTTP
344706,DDoS attacks-LOIC-HTTP
350054,DDoS attacks-LOIC-HTTP
351029,DDoS attacks-LOIC-HTTP
351085,DDoS attacks-LOIC-HTTP
354554,DDoS attacks-LOIC-HTTP
357321,DDoS attacks-LOIC-HTTP
361757,DDoS attacks-LOIC-HTTP
362480,DDoS attacks-LOIC-HTTP
366587,DDoS attacks-LOIC-HTTP
366950,DDoS attacks-LOIC-HTTP
388932,DDoS attacks-LOIC-HTTP
389856,DDoS attacks-LOIC-HTTP
394969,DDoS attacks-LOIC-HTTP
419962,DDoS attacks-LOIC-HTTP
437233,DDoS attacks-LOIC-HTTP
448252,DDoS attacks-LOIC-HTTP
455485,DDoS attacks-LOIC-HTTP
467300,DDoS attacks-LOIC-HTTP
472033,DDoS attacks-LOIC-HTTP
480439,DDoS attacks-LOIC-HTTP
492289,DDoS attacks-LOIC-HTTP
492654,DDoS attacks-LOIC-HTTP
494591,DDoS attacks-LOIC-HTTP
496507,DDoS attacks-LOIC-HTTP
508789,DDoS attacks-LOIC-HTTP
510541,DDoS attacks-LOIC-HTTP
512845,DDoS attacks-LOIC-HTTP
517332,DDoS attacks-LOIC-HTTP
525060,DDoS attacks-LOIC-HTTP
527593,DDoS attacks-LOIC-HTTP
537684,DDoS attacks-LOIC-HTTP
538574,DDoS attacks-LOIC-HTTP
556808,DDoS attacks-LOIC-HTTP
558833,DDoS attacks-LOIC-HTTP
562679,DDoS attacks-LOIC-HTTP
572685,DDoS attacks-LOIC-HTTP
576482,DDoS attacks-LOIC-HTTP
583558,DDoS attacks-LOIC-HTTP
583568,DDoS attacks-LOIC-HTTP
585385,DDoS attacks-LOIC-HTTP
586631,DDoS attacks-LOIC-HTTP
587899,DDoS attacks-LOIC-HTTP
592051,DDoS attacks-LOIC-HTTP
596858,DDoS attacks-LOIC-HTTP
605684,DDoS attacks-LOIC-HTTP
618009,DDoS attacks-LOIC-HTTP
630149,DDoS attacks-LOIC-HTTP
642614,DDoS attacks-LOIC-HTTP
643225,DDoS attacks-LOIC-HTTP
647051,DDoS attacks-LOIC-HTTP
669243,DDoS attacks-LOIC-HTTP
669304,DDoS attacks-LOIC-HTTP
670823,DDoS attacks-LOIC-HTTP
691963,DDoS attacks-LOIC-HTTP
692894,DDoS attacks-LOIC-HTTP
696098,DDoS attacks-LOIC-HTTP
3348,DoS attacks-GoldenEye
3758,DoS attacks-GoldenEye
5725,DoS attacks-GoldenEye
29800,DoS attacks-GoldenEye
32898,DoS attacks-GoldenEye
40108,DoS attacks-GoldenEye
40430,DoS attacks-GoldenEye
43950,DoS attacks-GoldenEye
53429,DoS attacks-GoldenEye
53986,DoS attacks-GoldenEye
60849,DoS attacks-GoldenEye
72213,DoS attacks-GoldenEye
75008,DoS attacks-GoldenEye
76779,DoS attacks-GoldenEye
79343,DoS attacks-GoldenEye
88215,DoS attacks-GoldenEye
107991,DoS attacks-GoldenEye
150198,DoS attacks-GoldenEye
162254,DoS attacks-GoldenEye
162611,DoS attacks-GoldenEye
163878,DoS attacks-GoldenEye
166887,DoS attacks-GoldenEye
186573,DoS attacks-GoldenEye
196912,DoS attacks-GoldenEye
201056,DoS attacks-GoldenEye
207519,DoS attacks-GoldenEye
227031,DoS attacks-GoldenEye
242004,DoS attacks-GoldenEye
259543,DoS attacks-GoldenEye
260608,DoS attacks-GoldenEye
268945,DoS attacks-GoldenEye
276244,DoS attacks-GoldenEye
284611,DoS attacks-GoldenEye
286041,DoS attacks-GoldenEye
302037,DoS attacks-GoldenEye
308023,DoS attacks-GoldenEye
309586,DoS attacks-GoldenEye
313855,DoS attacks-GoldenEye
320587,DoS attacks-GoldenEye
324523,DoS attacks-GoldenEye
336776,DoS attacks-GoldenEye
344079,DoS attacks-GoldenEye
347061,DoS attacks-GoldenEye
348046,DoS attacks-GoldenEye
355333,DoS attacks-GoldenEye
371366,DoS attacks-GoldenEye
375076,DoS attacks-GoldenEye
380393,DoS attacks-GoldenEye
423643,DoS attacks-GoldenEye
426361,DoS attacks-GoldenEye
432543,DoS attacks-GoldenEye
437289,DoS attacks-GoldenEye
440197,DoS attacks-GoldenEye
446291,DoS attacks-GoldenEye
447003,DoS attacks-GoldenEye
450511,DoS attacks-GoldenEye
452011,DoS attacks-GoldenEye
460888,DoS attacks-GoldenEye
470183,DoS attacks-GoldenEye
485873,DoS attacks-GoldenEye
492225,DoS attacks-GoldenEye
494957,DoS attacks-GoldenEye
499757,DoS attacks-GoldenEye
503277,DoS attacks-GoldenEye
513309,DoS attacks-GoldenEye
513502,DoS attacks-GoldenEye
514339,DoS attacks-GoldenEye
518027,DoS attacks-GoldenEye
529287,DoS attacks-GoldenEye
532430,DoS attacks-GoldenEye
533907,DoS attacks-GoldenEye
536616,DoS attacks-GoldenEye
543351,DoS attacks-GoldenEye
545858,DoS attacks-GoldenEye
552524,DoS attacks-GoldenEye
553497,DoS attacks-GoldenEye
556549,DoS attacks-GoldenEye
562652,DoS attacks-GoldenEye
568451,DoS attacks-GoldenEye
591384,DoS attacks-GoldenEye
591719,DoS attacks-GoldenEye
597746,DoS attacks-GoldenEye
598002,DoS attacks-GoldenEye
602155,DoS attacks-GoldenEye
603124,DoS attacks-GoldenEye
614759,DoS attacks-GoldenEye
632527,DoS attacks-GoldenEye
639924,DoS attacks-GoldenEye
646174,DoS attacks-GoldenEye
656903,DoS attacks-GoldenEye
657608,DoS attacks-GoldenEye
660067,DoS attacks-GoldenEye
662682,DoS attacks-GoldenEye
664067,DoS attacks-GoldenEye
664833,DoS attacks-GoldenEye
665817,DoS attacks-GoldenEye
669393,DoS attacks-GoldenEye
673205,DoS attacks-GoldenEye
674079,DoS attacks-GoldenEye
676976,DoS attacks-GoldenEye
931,DoS attacks-Hulk
1127,DoS attacks-Hulk
1170,DoS attacks-Hulk
18251,DoS attacks-Hulk
21378,DoS attacks-Hulk
25360,DoS attacks-Hulk
28922,DoS attacks-Hulk
33407,DoS attacks-Hulk
35939,DoS attacks-Hulk
36121,DoS attacks-Hulk
42554,DoS attacks-Hulk
45968,DoS attacks-Hulk
71707,DoS attacks-Hulk
72438,DoS attacks-Hulk
78174,DoS attacks-Hulk
78418,DoS attacks-Hulk
78603,DoS attacks-Hulk
98123,DoS attacks-Hulk
106629,DoS attacks-Hulk
109384,DoS attacks-Hulk
114489,DoS attacks-Hulk
120340,DoS attacks-Hulk
124643,DoS attacks-Hulk
129840,DoS attacks-Hulk
145132,DoS attacks-Hulk
150830,DoS attacks-Hulk
161739,DoS attacks-Hulk
169330,DoS attacks-Hulk
172421,DoS attacks-Hulk
175485,DoS attacks-Hulk
179293,DoS attacks-Hulk
184801,DoS attacks-Hulk
186801,DoS attacks-Hulk
192699,DoS attacks-Hulk
198034,DoS attacks-Hulk
203251,DoS attacks-Hulk
205588,DoS attacks-Hulk
209188,DoS attacks-Hulk
209508,DoS attacks-Hulk
211459,DoS attacks-Hulk
218353,DoS attacks-Hulk
222450,DoS attacks-Hulk
222797,DoS attacks-Hulk
224627,DoS attacks-Hulk
240437,DoS attacks-Hulk
266734,DoS attacks-Hulk
273242,DoS attacks-Hulk
288251,DoS attacks-Hulk
289469,DoS attacks-Hulk
295838,DoS attacks-Hulk
299704,DoS attacks-Hulk
303429,DoS attacks-Hulk
311543,DoS attacks-Hulk
315504,DoS attacks-Hulk
325514,DoS attacks-Hulk
329932,DoS attacks-Hulk
339875,DoS attacks-Hulk
340476,DoS attacks-Hulk
353018,DoS attacks-Hulk
355936,DoS attacks-Hulk
358634,DoS attacks-Hulk
390180,DoS attacks-Hulk
390980,DoS attacks-Hulk
398027,DoS attacks-Hulk
406424,DoS attacks-Hulk
409456,DoS attacks-Hulk
410473,DoS attacks-Hulk
430811,DoS attacks-Hulk
441927,DoS attacks-Hulk
442875,DoS attacks-Hulk
454595,DoS attacks-Hulk
454714,DoS attacks-Hulk
467662,DoS attacks-Hulk
469528,DoS attacks-Hulk
485988,DoS attacks-Hulk
514999,DoS attacks-Hulk
516353,DoS attacks-Hulk
542197,DoS attacks-Hulk
543252,DoS attacks-Hulk
546301,DoS attacks-Hulk
549486,DoS attacks-Hulk
551756,DoS attacks-Hulk
552499,DoS attacks-Hulk
568242,DoS attacks-Hulk
594591,DoS attacks-Hulk
595335,DoS attacks-Hulk
599978,DoS attacks-Hulk
602579,DoS attacks-Hulk
610020,DoS attacks-Hulk
627371,DoS attacks-Hulk
630254,DoS attacks-Hulk
653951,DoS attacks-Hulk
656378,DoS attacks-Hulk
664550,DoS attacks-Hulk
668259,DoS attacks-Hulk
671159,DoS attacks-Hulk
683491,DoS attacks-Hulk
687856,DoS attacks-Hulk
695077,DoS attacks-Hulk
699477,DoS attacks-Hulk
1071,DoS attacks-SlowHTTPTest
7705,DoS attacks-SlowHTTPTest
12685,DoS attacks-SlowHTTPTest
13946,DoS attacks-SlowHTTPTest
14273,DoS attacks-SlowHTTPTest
25922,DoS attacks-SlowHTTPTest
36398,DoS attacks-SlowHTTPTest
37957,DoS attacks-SlowHTTPTest
41401,DoS attacks-SlowHTTPTest
63607,DoS attacks-SlowHTTPTest
67265,DoS attacks-SlowHTTPTest
84344,DoS attacks-SlowHTTPTest
85527,DoS attacks-SlowHTTPTest
88694,DoS attacks-SlowHTTPTest
91864,DoS attacks-SlowHTTPTest
94056,DoS attacks-SlowHTTPTest
98672,DoS attacks-SlowHTTPTest
99739,DoS attacks-SlowHTTPTest
105283,DoS attacks-SlowHTTPTest
108001,DoS attacks-SlowHTTPTest
110222,DoS attacks-SlowHTTPTest
113901,DoS attacks-SlowHTTPTest
118456,DoS attacks-SlowHTTPTest
124138,DoS attacks-SlowHTTPTest
128912,DoS attacks-SlowHTTPTest
131490,DoS attacks-SlowHTTPTest
163706,DoS attacks-SlowHTTPTest
164082,DoS attacks-SlowHTTPTest
174899,DoS attacks-SlowHTTPTest
180720,DoS attacks-SlowHTTPTest
191069,DoS attacks-SlowHTTPTest
209645,DoS attacks-SlowHTTPTest
209940,DoS attacks-SlowHTTPTest
218188,DoS attacks-SlowHTTPTest
240188,DoS attacks-SlowHTTPTest
255965,DoS attacks-SlowHTTPTest
258387,DoS attacks-SlowHTTPTest
265444,DoS attacks-SlowHTTPTest
274973,DoS attacks-SlowHTTPTest
285725,DoS attacks-SlowHTTPTest
289881,DoS attacks-SlowHTTPTest
294736,DoS attacks-SlowHTTPTest
302331,DoS attacks-SlowHTTPTest
308224,DoS attacks-SlowHTTPTest
345687,DoS attacks-SlowHTTPTest
362020,DoS attacks-SlowHTTPTest
364971,DoS attacks-SlowHTTPTest
366120,DoS attacks-SlowHTTPTest
367222,DoS attacks-SlowHTTPTest
372207,DoS attacks-SlowHTTPTest
377363,DoS attacks-SlowHTTPTest
384532,DoS attacks-SlowHTTPTest
389769,DoS attacks-SlowHTTPTest
391731,DoS attacks-SlowHTTPTest
394804,DoS attacks-SlowHTTPTest
395555,DoS attacks-SlowHTTPTest
397250,DoS attacks-SlowHTTPTest
406663,DoS attacks-SlowHTTPTest
409351,DoS attacks-SlowHTTPTest
419175,DoS attacks-SlowHTTPTest
420757,DoS attacks-SlowHTTPTest
423616,DoS attacks-SlowHTTPTest
435164,DoS attacks-SlowHTTPTest
447988,DoS attacks-SlowHTTPTest
453862,DoS attacks-SlowHTTPTest
466470,DoS attacks-SlowHTTPTest
466946,DoS attacks-SlowHTTPTest
470478,DoS attacks-SlowHTTPTest
471809,DoS attacks-SlowHTTPTest
482370,DoS attacks-SlowHTTPTest
491819,DoS attacks-SlowHTTPTest
491867,DoS attacks-SlowHTTPTest
497849,DoS attacks-SlowHTTPTest
504010,DoS attacks-SlowHTTPTest
523298,DoS attacks-SlowHTTPTest
523417,DoS attacks-SlowHTTPTest
526447,DoS attacks-SlowHTTPTest
528034,DoS attacks-SlowHTTPTest
531583,DoS attacks-SlowHTTPTest
541865,DoS attacks-SlowHTTPTest
550546,DoS attacks-SlowHTTPTest
557848,DoS attacks-SlowHTTPTest
561791,DoS attacks-SlowHTTPTest
574787,DoS attacks-SlowHTTPTest
583890,DoS attacks-SlowHTTPTest
589376,DoS attacks-SlowHTTPTest
600554,DoS attacks-SlowHTTPTest
603794,DoS attacks-SlowHTTPTest
609460,DoS attacks-SlowHTTPTest
615040,DoS attacks-SlowHTTPTest
626259,DoS attacks-SlowHTTPTest
628158,DoS attacks-SlowHTTPTest
647542,DoS attacks-SlowHTTPTest
658183,DoS attacks-SlowHTTPTest
659010,DoS attacks-SlowHTTPTest
667263,DoS attacks-SlowHTTPTest
670052,DoS attacks-SlowHTTPTest
674353,DoS attacks-SlowHTTPTest
681754,DoS attacks-SlowHTTPTest
691066,DoS attacks-SlowHTTPTest
7586,DoS attacks-Slowloris
21300,DoS attacks-Slowloris
26042,DoS attacks-Slowloris
26534,DoS attacks-Slowloris
36090,DoS attacks-Slowloris
39368,DoS attacks-Slowloris
41037,DoS attacks-Slowloris
47244,DoS attacks-Slowloris
49137,DoS attacks-Slowloris
62344,DoS attacks-Slowloris
63710,DoS attacks-Slowloris
64457,DoS attacks-Slowloris
65442,DoS attacks-Slowloris
65649,DoS attacks-Slowloris
68559,DoS attacks-Slowloris
75233,DoS attacks-Slowloris
77260,DoS attacks-Slowloris
78890,DoS attacks-Slowloris
85617,DoS attacks-Slowloris
102001,DoS attacks-Slowloris
104266,DoS attacks-Slowloris
110358,DoS attacks-Slowloris
116878,DoS attacks-Slowloris
119326,DoS attacks-Slowloris
120899,DoS attacks-Slowloris
123147,DoS attacks-Slowloris
131202,DoS attacks-Slowloris
134401,DoS attacks-Slowloris
145690,DoS attacks-Slowloris
148877,DoS attacks-Slowloris
154231,DoS attacks-Slowloris
154483,DoS attacks-Slowloris
155914,DoS attacks-Slowloris
160466,DoS attacks-Slowloris
164141,DoS attacks-Slowloris
172308,DoS attacks-Slowloris
176759,DoS attacks-Slowloris
182164,DoS attacks-Slowloris
197092,DoS attacks-Slowloris
198930,DoS attacks-Slowloris
208427,DoS attacks-Slowloris
223108,DoS attacks-Slowloris
244214,DoS attacks-Slowloris
244530,DoS attacks-Slowloris
265885,DoS attacks-Slowloris
267175,DoS attacks-Slowloris
270110,DoS attacks-Slowloris
273951,DoS attacks-Slowloris
277208,DoS attacks-Slowloris
283798,DoS attacks-Slowloris
285723,DoS attacks-Slowloris
292866,DoS attacks-Slowloris
296244,DoS attacks-Slowloris
297166,DoS attacks-Slowloris
301446,DoS attacks-Slowloris
301790,DoS attacks-Slowloris
317337,DoS attacks-Slowloris
321899,DoS attacks-Slowloris
337460,DoS attacks-Slowloris
353960,DoS attacks-Slowloris
360226,DoS attacks-Slowloris
363736,DoS attacks-Slowloris
368177,DoS attacks-Slowloris
386515,DoS attacks-Slowloris
397403,DoS attacks-Slowloris
402013,DoS attacks-Slowloris
419261,DoS attacks-Slowloris
421472,DoS attacks-Slowloris
422784,DoS attacks-Slowloris
437602,DoS attacks-Slowloris
437912,DoS attacks-Slowloris
464739,DoS attacks-Slowloris
498997,DoS attacks-Slowloris
499490,DoS attacks-Slowloris
501470,DoS attacks-Slowloris
505240,DoS attacks-Slowloris
505412,DoS attacks-Slowloris
521057,DoS attacks-Slowloris
524329,DoS attacks-Slowloris
535079,DoS attacks-Slowloris
543532,DoS attacks-Slowloris
554807,DoS attacks-Slowloris
559812,DoS attacks-Slowloris
560414,DoS attacks-Slowloris
565256,DoS attacks-Slowloris
565416,DoS attacks-Slowloris
580624,DoS attacks-Slowloris
582483,DoS attacks-Slowloris
600730,DoS attacks-Slowloris
600892,DoS attacks-Slowloris
608141,DoS attacks-Slowloris
609461,DoS attacks-Slowloris
613720,DoS attacks-Slowloris
634987,DoS attacks-Slowloris
640355,DoS attacks-Slowloris
647653,DoS attacks-Slowloris
681440,DoS attacks-Slowloris
682774,DoS attacks-Slowloris
689278,DoS attacks-Slowloris
693292,DoS attacks-Slowloris
2031,FTP-BruteForce
14986,FTP-BruteForce
29814,FTP-BruteForce
44367,FTP-BruteForce
52407,FTP-BruteForce
67376,FTP-BruteForce
68854,FTP-BruteForce
91265,FTP-BruteForce
91364,FTP-BruteForce
95356,FTP-BruteForce
110687,FTP-BruteForce
110779,FTP-BruteForce
111388,FTP-BruteForce
126898,FTP-BruteForce
129651,FTP-BruteForce
140183,FTP-BruteForce
186449,FTP-BruteForce
197159,FTP-BruteForce
197243,FTP-BruteForce
197800,FTP-BruteForce
200357,FTP-BruteForce
202871,FTP-BruteForce
210856,FTP-BruteForce
212949,FTP-BruteForce
216779,FTP-BruteForce
222514,FTP-BruteForce
231177,FTP-BruteForce
234687,FTP-BruteForce
244272,FTP-BruteForce
247162,FTP-BruteForce
257427,FTP-BruteForce
261303,FTP-BruteForce
276960,FTP-BruteForce
278703,FTP-BruteForce
281137,FTP-BruteForce
288765,FTP-BruteForce
289197,FTP-BruteForce
292144,FTP-BruteForce
292880,FTP-BruteForce
302593,FTP-BruteForce
306345,FTP-BruteForce
307159,FTP-BruteForce
315862,FTP-BruteForce
319237,FTP-BruteForce
320940,FTP-BruteForce
321094,FTP-BruteForce
323541,FTP-BruteForce
330423,FTP-BruteForce
330578,FTP-BruteForce
343987,FTP-BruteForce
358821,FTP-BruteForce
366543,FTP-BruteForce
366662,FTP-BruteForce
371991,FTP-BruteForce
379220,FTP-BruteForce
384136,FTP-BruteForce
392452,FTP-BruteForce
406851,FTP-BruteForce
413123,FTP-BruteForce
416055,FTP-BruteForce
429318,FTP-BruteForce
439173,FTP-BruteForce
441291,FTP-BruteForce
448846,FTP-BruteForce
458267,FTP-BruteForce
459340,FTP-BruteForce
459873,FTP-BruteForce
463180,FTP-BruteForce
464868,FTP-BruteForce
468962,FTP-BruteForce
470805,FTP-BruteForce
471936,FTP-BruteForce
490272,FTP-BruteForce
498342,FTP-BruteForce
499837,FTP-BruteForce
501996,FTP-BruteForce
502996,FTP-BruteForce
506851,FTP-BruteForce
512569,FTP-BruteForce
514171,FTP-BruteForce
514465,FTP-BruteForce
515870,FTP-BruteForce
517481,FTP-BruteForce
519779,FTP-BruteForce
521894,FTP-BruteForce
543202,FTP-BruteForce
549881,FTP-BruteForce
581397,FTP-BruteForce
586268,FTP-BruteForce
601558,FTP-BruteForce
616576,FTP-BruteForce
620441,FTP-BruteForce
629903,FTP-BruteForce
629988,FTP-BruteForce
653327,FTP-BruteForce
655883,FTP-BruteForce
679271,FTP-BruteForce
681375,FTP-BruteForce
683039,FTP-BruteForce
687036,FTP-BruteForce
850,Infilteration
5168,Infilteration
17406,Infilteration
18793,Infilteration
23166,Infilteration
28502,Infilteration
37222,Infilteration
48920,Infilteration
66623,Infilteration
74919,Infilteration
78638,Infilteration
81246,Infilteration
81343,Infilteration
83540,Infilteration
95283,Infilteration
98249,Infilteration
98394,Infilteration
109251,Infilteration
110863,Infilteration
118883,Infilteration
124505,Infilteration
125655,Infilteration
134703,Infilteration
148614,Infilteration
154291,Infilteration
158206,Infilteration
165573,Infilteration
172712,Infilteration
176229,Infilteration
190670,Infilteration
200623,Infilteration
200894,Infilteration
202802,Infilteration
203089,Infilteration
207578,Infilteration
208642,Infilteration
222690,Infilteration
223721,Infilteration
226182,Infilteration
232823,Infilteration
246025,Infilteration
250559,Infilteration
252669,Infilteration
255685,Infilteration
270265,Infilteration
278766,Infilteration
284638,Infilteration
294098,Infilteration
295395,Infilteration
297623,Infilteration
312727,Infilteration
314695,Infilteration
315095,Infilteration
321646,Infilteration
330667,Infilteration
348185,Infilteration
352085,Infilteration
359605,Infilteration
384104,Infilteration
396205,Infilteration
400666,Infilteration
406788,Infilteration
409793,Infilteration
421356,Infilteration
433226,Infilteration
441871,Infilteration
457162,Infilteration
458616,Infilteration
464943,Infilteration
472146,Infilteration
478207,Infilteration
479119,Infilteration
480885,Infilteration
488637,Infilteration
497001,Infilteration
510189,Infilteration
534321,Infilteration
540297,Infilteration
552417,Infilteration
552907,Infilteration
556391,Infilteration
557853,Infilteration
569261,Infilteration
576155,Infilteration
581941,Infilteration
583406,Infilteration
585066,Infilteration
598110,Infilteration
611124,Infilteration
616267,Infilteration
633493,Infilteration
649006,Infilteration
653096,Infilteration
654121,Infilteration
657262,Infilteration
681495,Infilteration
682893,Infilteration
692944,Infilteration
695561,Infilteration
698152,Infilteration
46168,SQL Injection
59485,SQL Injection
68799,SQL Injection
74289,SQL Injection
155941,SQL Injection
158360,SQL Injection
166311,SQL Injection
211181,SQL Injection
239166,SQL Injection
265648,SQL Injection
294434,SQL Injection
358097,SQL Injection
379791,SQL Injection
404988,SQL Injection
415297,SQL Injection
514970,SQL Injection
557077,SQL Injection
700,SSH-Bruteforce
3615,SSH-Bruteforce
6532,SSH-Bruteforce
18306,SSH-Bruteforce
18567,SSH-Bruteforce
34761,SSH-Bruteforce
38683,SSH-Bruteforce
41679,SSH-Bruteforce
46154,SSH-Bruteforce
53758,SSH-Bruteforce
65720,SSH-Bruteforce
69155,SSH-Bruteforce
71804,SSH-Bruteforce
72552,SSH-Bruteforce
89189,SSH-Bruteforce
91729,SSH-Bruteforce
105863,SSH-Bruteforce
108676,SSH-Bruteforce
115009,SSH-Bruteforce
118301,SSH-Bruteforce
120869,SSH-Bruteforce
128499,SSH-Bruteforce
132093,SSH-Bruteforce
140273,SSH-Bruteforce
144566,SSH-Bruteforce
146352,SSH-Bruteforce
147149,SSH-Bruteforce
149972,SSH-Bruteforce
166815,SSH-Bruteforce
170698,SSH-Bruteforce
176656,SSH-Bruteforce
178179,SSH-Bruteforce
185649,SSH-Bruteforce
197309,SSH-Bruteforce
197350,SSH-Bruteforce
207278,SSH-Bruteforce
216128,SSH-Bruteforce
220751,SSH-Bruteforce
234638,SSH-Bruteforce
237186,SSH-Bruteforce
239077,SSH-Bruteforce
248240,SSH-Bruteforce
253627,SSH-Bruteforce
255004,SSH-Bruteforce
262642,SSH-Bruteforce
264254,SSH-Bruteforce
286658,SSH-Bruteforce
287729,SSH-Bruteforce
292441,SSH-Bruteforce
311164,SSH-Bruteforce
312349,SSH-Bruteforce
320545,SSH-Bruteforce
322400,SSH-Bruteforce
326393,SSH-Bruteforce
326877,SSH-Bruteforce
329911,SSH-Bruteforce
330142,SSH-Bruteforce
331268,SSH-Bruteforce
338060,SSH-Bruteforce
364927,SSH-Bruteforce
366374,SSH-Bruteforce
370476,SSH-Bruteforce
384401,SSH-Bruteforce
392295,SSH-Bruteforce
394399,SSH-Bruteforce
394609,SSH-Bruteforce
409941,SSH-Bruteforce
419103,SSH-Bruteforce
419955,SSH-Bruteforce
431716,SSH-Bruteforce
434728,SSH-Bruteforce
449710,SSH-Bruteforce
455128,SSH-Bruteforce
459322,SSH-Bruteforce
459759,SSH-Bruteforce
474837,SSH-Bruteforce
479497,SSH-Bruteforce
496963,SSH-Bruteforce
513187,SSH-Bruteforce
521774,SSH-Bruteforce
529046,SSH-Bruteforce
530712,SSH-Bruteforce
544121,SSH-Bruteforce
547214,SSH-Bruteforce
577853,SSH-Bruteforce
578272,SSH-Bruteforce
582255,SSH-Bruteforce
588968,SSH-Bruteforce
589935,SSH-Bruteforce
591621,SSH-Bruteforce
604435,SSH-Bruteforce
608020,SSH-Bruteforce
623534,SSH-Bruteforce
626096,SSH-Bruteforce
649553,SSH-Bruteforce
656508,SSH-Bruteforce
660211,SSH-Bruteforce
665712,SSH-Bruteforce
698290,SSH-Bruteforce
699715,SSH-Bruteforce
