true_label,is_correct,feature,feature_key,mean_abs_shap,mean_signed_shap,sample_count,class_rank
Benign,False,Fwd Header Len,fwdheaderlen,1.2449429035186768,1.2449429035186768,1,1
Benign,False,Fwd Seg Size Min,fwdsegsizemin,0.7888041138648987,0.7888041138648987,1,2
Benign,False,PSH Flag Cnt,pshflagcnt,0.4835312068462372,0.4835312068462372,1,3
Benign,False,Dst Port,dstport,0.07626373320817947,-0.07626373320817947,1,4
Benign,False,Fwd Pkt Len Max,fwdpktlenmax,0.0660596415400505,-0.0660596415400505,1,5
Benign,True,Fwd Pkt Len Max,fwdpktlenmax,0.5302146750718656,0.21742161980482064,99,1
Benign,True,Dst Port,dstport,0.48954061295065765,0.47893667849006527,99,2
Benign,True,Init Fwd Win Byts,initfwdwinbyts,0.33660853055841994,0.3327343205385136,99,3
Benign,True,Fwd IAT Tot,fwdiattot,0.17933908326908796,0.17080496121292013,99,4
Benign,True,Fwd Pkt Len Mean,fwdpktlenmean,0.14043100870618916,0.12721010099983576,99,5
Bot,True,Dst Port,dstport,7.28095605224371,7.275213142931461,100,1
Bot,True,Fwd Act Data Pkts,fwdactdatapkts,0.14447380201891064,0.10559980256482959,100,2
Bot,True,Protocol,protocol,0.06598221449647099,0.040272696926258504,100,3
Bot,True,RST Flag Cnt,rstflagcnt,0.057992007676512004,0.042566967364400625,100,4
Bot,True,Fwd IAT Min,fwdiatmin,0.018691715528257193,0.01813318186905235,100,5
Brute Force -Web,False,Dst Port,dstport,0.5178411747018496,0.4987773751219114,30,1
Brute Force -Web,False,Init Fwd Win Byts,initfwdwinbyts,0.3673196958998839,0.3421405700345834,30,2
Brute Force -Web,False,Flow Duration,flowduration,0.3639390018302947,0.35977091402746736,30,3
Brute Force -Web,False,Fwd Pkts/s,fwdpktss,0.27208880564818777,0.27208880564818777,30,4
Brute Force -Web,False,Fwd Pkt Len Max,fwdpktlenmax,0.2587738579934618,-0.05243830815694916,30,5
Brute Force -Web,True,Dst Port,dstport,2.354843488761357,2.354843488761357,70,1
Brute Force -Web,True,Fwd Pkt Len Mean,fwdpktlenmean,1.939431863614092,1.936512750370561,70,2
Brute Force -Web,True,Init Fwd Win Byts,initfwdwinbyts,1.702272007481328,1.5931735988972442,70,3
Brute Force -Web,True,Fwd Pkt Len Std,fwdpktlenstd,1.3694994181394577,1.3694994181394577,70,4
Brute Force -Web,True,Bwd Pkts/s,bwdpktss,1.3063466123172216,1.3063466123172216,70,5
Brute Force -XSS,False,Init Fwd Win Byts,initfwdwinbyts,2.420620396733284,2.004231497645378,2,1
Brute Force -XSS,False,Fwd Pkts/s,fwdpktss,1.809501706622541,1.809501706622541,2,2
Brute Force -XSS,False,Dst Port,dstport,1.107410728931427,0.32585662603378296,2,3
Brute Force -XSS,False,Fwd Pkt Len Max,fwdpktlenmax,1.0611481629312038,-1.0225794352591038,2,4
Brute Force -XSS,False,Flow IAT Min,flowiatmin,0.3813898228108883,0.3813898228108883,2,5
Brute Force -XSS,True,Init Fwd Win Byts,initfwdwinbyts,2.505260696465319,2.2133585742928763,44,1
Brute Force -XSS,True,Fwd Pkts/s,fwdpktss,2.005423311821439,1.7801246111365883,44,2
Brute Force -XSS,True,Pkt Len Std,pktlenstd,1.7884219650348478,1.752135616811839,44,3
Brute Force -XSS,True,Tot Fwd Pkts,totfwdpkts,1.7218538298567927,1.7195146811321715,44,4
Brute Force -XSS,True,Fwd Pkt Len Mean,fwdpktlenmean,1.2777148050002076,1.1531465271995827,44,5
DDOS attack-HOIC,True,Init Fwd Win Byts,initfwdwinbyts,6.461192302703857,6.461192302703857,100,1
DDOS attack-HOIC,True,Dst Port,dstport,0.5747445219755173,0.5747445219755173,100,2
DDOS attack-HOIC,True,Tot Bwd Pkts,totbwdpkts,0.21719726413488388,-0.1692965266108513,100,3
DDOS attack-HOIC,True,Fwd IAT Tot,fwdiattot,0.010363041679374874,0.010363041679374874,100,4
DDOS attack-HOIC,True,Flow IAT Max,flowiatmax,0.002513529991265386,0.002513529991265386,100,5
DDOS attack-LOIC-UDP,False,Fwd IAT Tot,fwdiattot,2.1672829277813435,2.141063343733549,2,1
DDOS attack-LOIC-UDP,False,Tot Fwd Pkts,totfwdpkts,1.7876799404621124,1.0337149798870087,2,2
DDOS attack-LOIC-UDP,False,Fwd Pkts/s,fwdpktss,0.5470108143053949,0.5470108143053949,2,3
DDOS attack-LOIC-UDP,False,Bwd Pkt Len Mean,bwdpktlenmean,0.4921783683821559,-0.47291911859065294,2,4
DDOS attack-LOIC-UDP,False,Init Fwd Win Byts,initfwdwinbyts,0.4747273288667202,-0.4203000105917454,2,5
DDOS attack-LOIC-UDP,True,Tot Fwd Pkts,totfwdpkts,9.167892553368393,9.167892553368393,98,1
DDOS attack-LOIC-UDP,True,Fwd IAT Tot,fwdiattot,3.3654318634249574,3.359117728420438,98,2
DDOS attack-LOIC-UDP,True,Fwd Act Data Pkts,fwdactdatapkts,0.8181791822521054,0.8181791822521054,98,3
DDOS attack-LOIC-UDP,True,Fwd Header Len,fwdheaderlen,0.3795306363276073,0.3795306363276073,98,4
DDOS attack-LOIC-UDP,True,Flow Duration,flowduration,0.3772799822273759,0.3766131153501266,98,5
DDoS attacks-LOIC-HTTP,True,Fwd Pkts/s,fwdpktss,1.243548600077629,1.2286681288480759,100,1
DDoS attacks-LOIC-HTTP,True,Fwd IAT Std,fwdiatstd,1.2156496745347978,1.2156496745347978,100,2
DDoS attacks-LOIC-HTTP,True,Init Fwd Win Byts,initfwdwinbyts,0.8453701594518498,0.8416784614371136,100,3
DDoS attacks-LOIC-HTTP,True,Bwd Pkt Len Std,bwdpktlenstd,0.7516527080908417,0.7327444028481841,100,4
DDoS attacks-LOIC-HTTP,True,Flow IAT Max,flowiatmax,0.5254022261500358,0.5203677532076836,100,5
DoS attacks-GoldenEye,True,Fwd Seg Size Min,fwdsegsizemin,8.18505124092102,8.18505124092102,100,1
DoS attacks-GoldenEye,True,Flow IAT Min,flowiatmin,1.3457415681116982,1.3201406176370802,100,2
DoS attacks-GoldenEye,True,Bwd Pkt Len Std,bwdpktlenstd,1.1389662540331482,1.0982938360795378,100,3
DoS attacks-GoldenEye,True,Flow IAT Mean,flowiatmean,1.1300135739147663,1.0755163724720478,100,4
DoS attacks-GoldenEye,True,Bwd IAT Std,bwdiatstd,0.5672130554937758,0.560043252299074,100,5
DoS attacks-Hulk,True,Fwd Seg Size Min,fwdsegsizemin,6.511213631629944,6.511213631629944,100,1
DoS attacks-Hulk,True,Tot Bwd Pkts,totbwdpkts,0.22601219303905964,0.21584569208323956,100,2
DoS attacks-Hulk,True,Init Fwd Win Byts,initfwdwinbyts,0.21911562293767928,0.2098905536532402,100,3
DoS attacks-Hulk,True,Fwd Pkt Len Max,fwdpktlenmax,0.19545039117336274,0.19545039117336274,100,4
DoS attacks-Hulk,True,Fwd IAT Min,fwdiatmin,0.0791052807122469,0.07723561115562916,100,5
DoS attacks-SlowHTTPTest,False,Fwd Seg Size Min,fwdsegsizemin,5.877733714440289,5.877733714440289,68,1
DoS attacks-SlowHTTPTest,False,Flow Pkts/s,flowpktss,0.7513779506963842,0.7513779506963842,68,2
DoS attacks-SlowHTTPTest,False,Flow IAT Max,flowiatmax,0.3818252581883879,0.25210416711428585,68,3
DoS attacks-SlowHTTPTest,False,Flow IAT Min,flowiatmin,0.345987945137655,-0.17170953860177712,68,4
DoS attacks-SlowHTTPTest,False,Flow IAT Mean,flowiatmean,0.21556574910166948,-0.010548238957519917,68,5
DoS attacks-SlowHTTPTest,True,Fwd Seg Size Min,fwdsegsizemin,5.860535636544228,5.860535636544228,32,1
DoS attacks-SlowHTTPTest,True,Flow IAT Max,flowiatmax,1.5502685336396098,1.3506706589832902,32,2
DoS attacks-SlowHTTPTest,True,Flow Duration,flowduration,1.055754853412509,1.055754853412509,32,3
DoS attacks-SlowHTTPTest,True,Bwd Pkts/s,bwdpktss,0.5524609186686575,-0.12314375909045339,32,4
DoS attacks-SlowHTTPTest,True,Flow IAT Min,flowiatmin,0.3134933724068105,0.2852303213439882,32,5
DoS attacks-Slowloris,True,Bwd IAT Max,bwdiatmax,7.880062310174107,7.880062310174107,100,1
DoS attacks-Slowloris,True,Fwd Seg Size Min,fwdsegsizemin,6.6076374435424805,6.6076374435424805,100,2
DoS attacks-Slowloris,True,Bwd IAT Tot,bwdiattot,2.7694241504278034,2.765913778701797,100,3
DoS attacks-Slowloris,True,Init Bwd Win Byts,initbwdwinbyts,1.2112003575265406,-0.02146137222647667,100,4
DoS attacks-Slowloris,True,Fwd IAT Std,fwdiatstd,1.1573695755540394,1.1535551740438676,100,5
FTP-BruteForce,False,Fwd Seg Size Min,fwdsegsizemin,5.502291543143136,5.502291543143136,14,1
FTP-BruteForce,False,Flow Duration,flowduration,1.2574523644787925,1.2574523644787925,14,2
FTP-BruteForce,False,Flow IAT Max,flowiatmax,0.9865004909890038,0.5508876804794584,14,3
FTP-BruteForce,False,Bwd Pkts/s,bwdpktss,0.6632463527577264,0.30426965015275137,14,4
FTP-BruteForce,False,Flow IAT Min,flowiatmin,0.20658781911645616,0.08031877449580602,14,5
FTP-BruteForce,True,Fwd Seg Size Min,fwdsegsizemin,6.046150839605997,6.046150839605997,86,1
FTP-BruteForce,True,Flow Pkts/s,flowpktss,0.8178226552730383,0.8178226552730383,86,2
FTP-BruteForce,True,Flow IAT Max,flowiatmax,0.3866651234931724,0.2889320049868074,86,3
FTP-BruteForce,True,Flow IAT Min,flowiatmin,0.30814418974224217,-0.16859919263786355,86,4
FTP-BruteForce,True,Flow IAT Mean,flowiatmean,0.2255920435702645,0.08691248252749616,86,5
Infilteration,False,Fwd Pkt Len Max,fwdpktlenmax,0.5787822079173354,0.006722230377585389,86,1
Infilteration,False,Dst Port,dstport,0.4358529953670493,0.4310105985414973,86,2
Infilteration,False,Init Fwd Win Byts,initfwdwinbyts,0.19827892579311548,0.1885139401568923,86,3
Infilteration,False,Fwd Pkt Len Mean,fwdpktlenmean,0.18813299591420218,0.17911080710811886,86,4
Infilteration,False,Fwd IAT Tot,fwdiattot,0.1609428536071074,0.15271317665898348,86,5
Infilteration,True,Fwd Header Len,fwdheaderlen,1.0158939840538161,0.97792884601014,14,1
Infilteration,True,Fwd Seg Size Min,fwdsegsizemin,0.8147647678852081,0.751349253313882,14,2
Infilteration,True,PSH Flag Cnt,pshflagcnt,0.40885802624481066,0.40885802624481066,14,3
Infilteration,True,Dst Port,dstport,0.30480803788772654,0.16410605795681477,14,4
Infilteration,True,Flow IAT Max,flowiatmax,0.17987812051329197,0.17583349907259357,14,5
SQL Injection,False,Init Fwd Win Byts,initfwdwinbyts,2.979091739282012,2.850996458902955,8,1
SQL Injection,False,Dst Port,dstport,2.2552091255784035,2.0769865438342094,8,2
SQL Injection,False,Fwd Pkts/s,fwdpktss,1.892798370681703,1.8874446852132678,8,3
SQL Injection,False,Bwd Pkts/s,bwdpktss,1.2376413533929735,1.2376413533929735,8,4
SQL Injection,False,Fwd Pkt Len Std,fwdpktlenstd,0.6666509881615639,0.6666509881615639,8,5
SQL Injection,True,Bwd Pkt Len Std,bwdpktlenstd,2.1496619826389685,2.1405171654704542,9,1
SQL Injection,True,Fwd Pkt Len Std,fwdpktlenstd,1.653769549396303,1.653769549396303,9,2
SQL Injection,True,Dst Port,dstport,1.319362203280131,1.319362203280131,9,3
SQL Injection,True,Flow IAT Min,flowiatmin,1.169699701997969,1.169699701997969,9,4
SQL Injection,True,Fwd IAT Min,fwdiatmin,1.148661004172431,1.148661004172431,9,5
SSH-Bruteforce,True,Dst Port,dstport,6.200839347839356,6.200839347839356,100,1
SSH-Bruteforce,True,Fwd Act Data Pkts,fwdactdatapkts,1.7947693525068462,1.7875886930711566,100,2
SSH-Bruteforce,True,Fwd Seg Size Min,fwdsegsizemin,0.35512702316045763,0.35512702316045763,100,3
SSH-Bruteforce,True,Init Bwd Win Byts,initbwdwinbyts,0.34524367183446886,0.34524367183446886,100,4
SSH-Bruteforce,True,Bwd Header Len,bwdheaderlen,0.19281789496541024,0.19281789496541024,100,5
