sample_id,true_label,predicted_label,predicted_probability,is_correct
30494,Benign,Benign,0.9695882797241211,True
44615,Benign,Benign,0.5172109007835388,True
47536,Benign,Benign,0.9506127238273621,True
53524,Benign,Benign,0.9704086184501648,True
60185,Benign,Benign,0.9669448137283325,True
62519,Benign,Benign,0.9718915820121765,True
64530,Benign,Benign,0.9917715191841125,True
65941,Benign,Benign,0.9700588583946228,True
68041,Benign,Benign,0.9856380820274353,True
89608,Benign,Benign,0.9704086184501648,True
90857,Benign,Benign,0.9716836214065552,True
97737,Benign,Benign,0.9971912503242493,True
107855,Benign,Benign,0.9699310660362244,True
112382,Benign,Benign,0.9688799381256104,True
115515,Benign,Benign,0.9476378560066223,True
127737,Benign,Benign,0.9903846979141235,True
132592,Benign,Benign,0.9998103976249695,True
136157,Benign,Benign,0.9997482895851135,True
141031,Benign,Benign,0.9998010993003845,True
158748,Benign,Benign,0.9693658351898193,True
158954,Benign,Infilteration,0.5219388604164124,False
167490,Benign,Benign,0.9961904287338257,True
193452,Benign,Benign,0.9934343099594116,True
201691,Benign,Benign,0.9909512996673584,True
218539,Benign,Benign,0.9729974269866943,True
227976,Benign,Benign,0.9998244643211365,True
231084,Benign,Benign,0.9776676893234253,True
248229,Benign,Benign,0.9994146823883057,True
254778,Benign,Benign,0.9857783317565918,True
256740,Benign,Benign,0.9796661734580994,True
259401,Benign,Benign,0.9987913966178894,True
259614,Benign,Benign,0.9995027780532837,True
271317,Benign,Benign,0.956602156162262,True
281657,Benign,Benign,0.9997482895851135,True
287611,Benign,Benign,0.9744137525558472,True
303191,Benign,Benign,0.9766342043876648,True
304773,Benign,Benign,0.9723367691040039,True
306115,Benign,Benign,0.9830067753791809,True
307273,Benign,Benign,0.9892577528953552,True
310460,Benign,Benign,0.9994208812713623,True
312057,Benign,Benign,0.9668223261833191,True
315340,Benign,Benign,0.9815079569816589,True
315405,Benign,Benign,0.9939895868301392,True
324215,Benign,Benign,0.999874472618103,True
326870,Benign,Benign,0.9757408499717712,True
328846,Benign,Benign,0.9995495676994324,True
333229,Benign,Benign,0.9998782873153687,True
348726,Benign,Benign,0.9344727993011475,True
350511,Benign,Benign,0.9687352776527405,True
359556,Benign,Benign,0.9725031852722168,True
368816,Benign,Benign,0.9979422688484192,True
382065,Benign,Benign,0.9703439474105835,True
382888,Benign,Benign,0.9540435075759888,True
388416,Benign,Benign,0.9935339689254761,True
395421,Benign,Benign,0.9441072344779968,True
440965,Benign,Benign,0.9731974601745605,True
442249,Benign,Benign,0.9970932006835938,True
445821,Benign,Benign,0.9764878749847412,True
450718,Benign,Benign,0.9953836798667908,True
458140,Benign,Benign,0.9725755453109741,True
468836,Benign,Benign,0.9749124646186829,True
474565,Benign,Benign,0.9992133378982544,True
477782,Benign,Benign,0.9710689187049866,True
478129,Benign,Benign,0.9753723740577698,True
480566,Benign,Benign,0.9783420562744141,True
488114,Benign,Benign,0.9998112320899963,True
490267,Benign,Benign,0.9877570867538452,True
490402,Benign,Benign,0.9991601705551147,True
502336,Benign,Benign,0.9988753199577332,True
515236,Benign,Benign,0.9643872976303101,True
520643,Benign,Benign,0.9718377590179443,True
521602,Benign,Benign,0.9725426435470581,True
530908,Benign,Benign,0.9988744854927063,True
532192,Benign,Benign,0.9970329999923706,True
533020,Benign,Benign,0.9753715395927429,True
537698,Benign,Benign,0.5206174254417419,True
541910,Benign,Benign,0.9567524194717407,True
545079,Benign,Benign,0.9353740811347961,True
547283,Benign,Benign,0.9794424176216125,True
550403,Benign,Benign,0.9960007071495056,True
557142,Benign,Benign,0.9645598530769348,True
563564,Benign,Benign,0.9986293315887451,True
576124,Benign,Benign,0.9958226680755615,True
579563,Benign,Benign,0.9902989864349365,True
582808,Benign,Benign,0.9994244575500488,True
583078,Benign,Benign,0.9832845330238342,True
588062,Benign,Benign,0.5310817360877991,True
589521,Benign,Benign,0.9942396879196167,True
601078,Benign,Benign,0.9995908141136169,True
601254,Benign,Benign,0.9968411922454834,True
621731,Benign,Benign,0.9987697005271912,True
625391,Benign,Benign,0.9707937240600586,True
628883,Benign,Benign,0.9761581420898438,True
634090,Benign,Benign,0.998298704624176,True
645819,Benign,Benign,0.9814897179603577,True
648787,Benign,Benign,0.9993175268173218,True
658274,Benign,Benign,0.9998020529747009,True
677415,Benign,Benign,0.9876463413238525,True
679623,Benign,Benign,0.9669448137283325,True
683031,Benign,Benign,0.9874686002731323,True
14173,Bot,Bot,0.9986209869384766,True
16360,Bot,Bot,0.9986209869384766,True
30548,Bot,Bot,0.9986041188240051,True
46299,Bot,Bot,0.9986209869384766,True
56216,Bot,Bot,0.9964042901992798,True
59199,Bot,Bot,0.9986209869384766,True
60182,Bot,Bot,0.9988874793052673,True
67293,Bot,Bot,0.9986187219619751,True
68662,Bot,Bot,0.998923122882843,True
73646,Bot,Bot,0.9986209869384766,True
91415,Bot,Bot,0.9988874793052673,True
99758,Bot,Bot,0.9986209869384766,True
102683,Bot,Bot,0.9988874793052673,True
107435,Bot,Bot,0.9986209869384766,True
113993,Bot,Bot,0.9986209869384766,True
119747,Bot,Bot,0.9989184141159058,True
122949,Bot,Bot,0.9989184141159058,True
123816,Bot,Bot,0.9988870024681091,True
126309,Bot,Bot,0.9988759160041809,True
132210,Bot,Bot,0.9988759160041809,True
141904,Bot,Bot,0.998923122882843,True
183491,Bot,Bot,0.9968076944351196,True
185504,Bot,Bot,0.998923122882843,True
187617,Bot,Bot,0.9988616704940796,True
188726,Bot,Bot,0.9985839128494263,True
191740,Bot,Bot,0.9973983764648438,True
194338,Bot,Bot,0.998923122882843,True
200364,Bot,Bot,0.998923122882843,True
207430,Bot,Bot,0.9988756775856018,True
211126,Bot,Bot,0.9988874793052673,True
214885,Bot,Bot,0.9986187219619751,True
216754,Bot,Bot,0.9988759160041809,True
231694,Bot,Bot,0.9988797307014465,True
233709,Bot,Bot,0.9986187219619751,True
243609,Bot,Bot,0.9988870024681091,True
256618,Bot,Bot,0.9986209869384766,True
291403,Bot,Bot,0.9988759160041809,True
293431,Bot,Bot,0.9988759160041809,True
302253,Bot,Bot,0.997557520866394,True
307519,Bot,Bot,0.9986209869384766,True
309132,Bot,Bot,0.9988835453987122,True
312250,Bot,Bot,0.998923122882843,True
312713,Bot,Bot,0.998856782913208,True
313806,Bot,Bot,0.9971110820770264,True
317767,Bot,Bot,0.9988874793052673,True
318998,Bot,Bot,0.9986187219619751,True
323358,Bot,Bot,0.9989184141159058,True
326555,Bot,Bot,0.998923122882843,True
330877,Bot,Bot,0.9988870024681091,True
336988,Bot,Bot,0.9986187219619751,True
340208,Bot,Bot,0.9986209869384766,True
343077,Bot,Bot,0.9986168146133423,True
344132,Bot,Bot,0.9986050724983215,True
345039,Bot,Bot,0.9986168146133423,True
345049,Bot,Bot,0.9981508851051331,True
363090,Bot,Bot,0.998923122882843,True
377181,Bot,Bot,0.9986209869384766,True
379049,Bot,Bot,0.9988759160041809,True
379341,Bot,Bot,0.9986209869384766,True
397490,Bot,Bot,0.9985839128494263,True
402197,Bot,Bot,0.998923122882843,True
404377,Bot,Bot,0.9988874793052673,True
406035,Bot,Bot,0.9975576400756836,True
408593,Bot,Bot,0.9986209869384766,True
410845,Bot,Bot,0.998923122882843,True
424607,Bot,Bot,0.998923122882843,True
435398,Bot,Bot,0.998620867729187,True
436253,Bot,Bot,0.9986169338226318,True
450779,Bot,Bot,0.9986209869384766,True
458210,Bot,Bot,0.9986041188240051,True
459739,Bot,Bot,0.9988874793052673,True
466558,Bot,Bot,0.998923122882843,True
470293,Bot,Bot,0.9988616704940796,True
484737,Bot,Bot,0.998923122882843,True
488249,Bot,Bot,0.9985839128494263,True
496800,Bot,Bot,0.9988759160041809,True
499022,Bot,Bot,0.998923122882843,True
500197,Bot,Bot,0.9989184141159058,True
510651,Bot,Bot,0.998620867729187,True
524766,Bot,Bot,0.998923122882843,True
525284,Bot,Bot,0.9988870024681091,True
528273,Bot,Bot,0.9986209869384766,True
538116,Bot,Bot,0.9975576400756836,True
542520,Bot,Bot,0.9986209869384766,True
544866,Bot,Bot,0.9986209869384766,True
545812,Bot,Bot,0.9986209869384766,True
550240,Bot,Bot,0.998923122882843,True
560539,Bot,Bot,0.9986209869384766,True
561240,Bot,Bot,0.998923122882843,True
590538,Bot,Bot,0.9988870024681091,True
593714,Bot,Bot,0.9986209869384766,True
626470,Bot,Bot,0.9986187219619751,True
629865,Bot,Bot,0.9986187219619751,True
643020,Bot,Bot,0.9986209869384766,True
652891,Bot,Bot,0.998923122882843,True
665093,Bot,Bot,0.9985839128494263,True
667959,Bot,Bot,0.9988874793052673,True
668300,Bot,Bot,0.9727108478546143,True
674573,Bot,Bot,0.9986209869384766,True
690668,Bot,Bot,0.9988870024681091,True
1582,Brute Force -Web,Brute Force -Web,0.9009972810745239,True
4054,Brute Force -Web,Brute Force -Web,0.9066604375839233,True
12970,Brute Force -Web,SQL Injection,0.9330840706825256,False
20922,Brute Force -Web,Brute Force -Web,0.9831993579864502,True
26662,Brute Force -Web,Brute Force -Web,0.9862587451934814,True
29535,Brute Force -Web,Brute Force -Web,0.9903455376625061,True
42573,Brute Force -Web,Brute Force -Web,0.987567663192749,True
49728,Brute Force -Web,Brute Force -Web,0.9903579354286194,True
63181,Brute Force -Web,Benign,0.8015439510345459,False
63228,Brute Force -Web,Brute Force -Web,0.9587156772613525,True
68427,Brute Force -Web,Brute Force -Web,0.6743319034576416,True
81969,Brute Force -Web,Benign,0.8549980521202087,False
86164,Brute Force -Web,Brute Force -Web,0.9567210674285889,True
88816,Brute Force -Web,Brute Force -Web,0.989620566368103,True
92264,Brute Force -Web,Brute Force -Web,0.9480966329574585,True
106461,Brute Force -Web,Benign,0.7627918124198914,False
147870,Brute Force -Web,Brute Force -Web,0.990214467048645,True
149080,Brute Force -Web,Brute Force -Web,0.9724976420402527,True
149794,Brute Force -Web,Brute Force -Web,0.990326464176178,True
182417,Brute Force -Web,Brute Force -Web,0.9875553250312805,True
201841,Brute Force -Web,Brute Force -Web,0.8877660632133484,True
211898,Brute Force -Web,Brute Force -Web,0.9643227458000183,True
225404,Brute Force -Web,Benign,0.9724327921867371,False
235209,Brute Force -Web,Benign,0.9778462052345276,False
243512,Brute Force -Web,Brute Force -Web,0.9899781942367554,True
244749,Brute Force -Web,Brute Force -Web,0.9831993579864502,True
245086,Brute Force -Web,Benign,0.9960540533065796,False
246629,Brute Force -Web,Brute Force -Web,0.9832190871238708,True
247717,Brute Force -Web,Brute Force -Web,0.990326464176178,True
250642,Brute Force -Web,Brute Force -Web,0.9862587451934814,True
252676,Brute Force -Web,Brute Force -Web,0.9613410234451294,True
253046,Brute Force -Web,Brute Force -Web,0.9903970956802368,True
254715,Brute Force -Web,Brute Force -Web,0.9615960121154785,True
262898,Brute Force -Web,Brute Force -Web,0.9903382658958435,True
292102,Brute Force -Web,Benign,0.7345722913742065,False
297866,Brute Force -Web,Brute Force -Web,0.9831993579864502,True
302291,Brute Force -Web,Brute Force -Web,0.9633302092552185,True
307982,Brute Force -Web,Brute Force -Web,0.9862587451934814,True
315063,Brute Force -Web,Brute Force -Web,0.9896005988121033,True
315736,Brute Force -Web,Benign,0.8015439510345459,False
318492,Brute Force -Web,Brute Force -Web,0.9896588921546936,True
322974,Brute Force -Web,Benign,0.9890199303627014,False
332620,Brute Force -Web,Benign,0.7469913959503174,False
335757,Brute Force -Web,Benign,0.9730299711227417,False
339667,Brute Force -Web,Brute Force -Web,0.6743319034576416,True
349906,Brute Force -Web,Brute Force -Web,0.990371584892273,True
351886,Brute Force -Web,Benign,0.9750760197639465,False
360489,Brute Force -Web,Benign,0.9704141020774841,False
365833,Brute Force -Web,Brute Force -Web,0.9170056581497192,True
366290,Brute Force -Web,Brute Force -Web,0.9467071294784546,True
371708,Brute Force -Web,Benign,0.9821764230728149,False
383599,Brute Force -Web,Brute Force -Web,0.9901672601699829,True
385336,Brute Force -Web,Brute Force -Web,0.9892098307609558,True
387556,Brute Force -Web,Brute Force -Web,0.8924219012260437,True
392548,Brute Force -Web,Brute Force -Web,0.9724976420402527,True
394927,Brute Force -Web,Benign,0.9778462052345276,False
417634,Brute Force -Web,Brute Force -Web,0.8445165157318115,True
421817,Brute Force -Web,Brute Force -Web,0.9635799527168274,True
430855,Brute Force -Web,Brute Force -Web,0.988301694393158,True
432334,Brute Force -Web,Benign,0.7478870749473572,False
435082,Brute Force -Web,Brute Force -Web,0.9941704273223877,True
438174,Brute Force -Web,Brute Force -Web,0.9900344014167786,True
445619,Brute Force -Web,Brute Force -Web,0.9869887828826904,True
462813,Brute Force -Web,Brute Force -Web,0.9616066217422485,True
465061,Brute Force -Web,Brute Force -Web,0.5845606327056885,True
469032,Brute Force -Web,Benign,0.772085428237915,False
470325,Brute Force -Web,Brute Force -Web,0.9862755537033081,True
474363,Brute Force -Web,Benign,0.7627918124198914,False
498379,Brute Force -Web,Brute Force -Web,0.989919900894165,True
498647,Brute Force -Web,Brute Force -Web,0.9642935991287231,True
512591,Brute Force -Web,Brute Force -XSS,0.7581945061683655,False
514378,Brute Force -Web,Brute Force -Web,0.9943655729293823,True
517291,Brute Force -Web,Brute Force -Web,0.9567943215370178,True
519990,Brute Force -Web,Brute Force -Web,0.9899923205375671,True
524341,Brute Force -Web,Brute Force -Web,0.7830206751823425,True
527604,Brute Force -Web,Brute Force -Web,0.9875504374504089,True
549022,Brute Force -Web,Brute Force -Web,0.972655713558197,True
559290,Brute Force -Web,SQL Injection,0.825452983379364,False
563547,Brute Force -Web,Benign,0.7794768810272217,False
567714,Brute Force -Web,Brute Force -Web,0.9903510212898254,True
590448,Brute Force -Web,Benign,0.7560425996780396,False
594394,Brute Force -Web,Benign,0.7627918124198914,False
612695,Brute Force -Web,Brute Force -Web,0.9891940355300903,True
614266,Brute Force -Web,Brute Force -Web,0.9187692999839783,True
614472,Brute Force -Web,Brute Force -Web,0.9903694987297058,True
624217,Brute Force -Web,Benign,0.8015439510345459,False
625897,Brute Force -Web,Brute Force -Web,0.9622297286987305,True
629919,Brute Force -Web,Benign,0.7627918124198914,False
631883,Brute Force -Web,Benign,0.7794768810272217,False
632388,Brute Force -Web,Benign,0.983797013759613,False
647185,Brute Force -Web,Benign,0.7560425996780396,False
654276,Brute Force -Web,Brute Force -Web,0.9614107608795166,True
662079,Brute Force -Web,Brute Force -Web,0.986728847026825,True
663020,Brute Force -Web,Brute Force -Web,0.7830206751823425,True
665585,Brute Force -Web,Benign,0.9118710160255432,False
665639,Brute Force -Web,Brute Force -Web,0.9899444580078125,True
676095,Brute Force -Web,Brute Force -Web,0.9896167516708374,True
685591,Brute Force -Web,Brute Force -Web,0.9903591275215149,True
691430,Brute Force -Web,Brute Force -Web,0.9862587451934814,True
697769,Brute Force -Web,Brute Force -Web,0.9896368384361267,True
4725,Brute Force -XSS,Brute Force -XSS,0.9797573685646057,True
15658,Brute Force -XSS,Brute Force -XSS,0.9819300770759583,True
19068,Brute Force -XSS,Brute Force -XSS,0.9819300770759583,True
20056,Brute Force -XSS,Brute Force -XSS,0.9819300770759583,True
27421,Brute Force -XSS,Brute Force -XSS,0.9777065515518188,True
40324,Brute Force -XSS,Brute Force -XSS,0.9819387197494507,True
108720,Brute Force -XSS,Brute Force -XSS,0.9281647205352783,True
131703,Brute Force -XSS,Brute Force -XSS,0.9278162121772766,True
157284,Brute Force -XSS,Brute Force -XSS,0.9806793928146362,True
183932,Brute Force -XSS,Brute Force -XSS,0.9776914119720459,True
204165,Brute Force -XSS,Brute Force -XSS,0.940375566482544,True
214964,Brute Force -XSS,Brute Force -XSS,0.9938802719116211,True
220146,Brute Force -XSS,Brute Force -XSS,0.9821537733078003,True
225548,Brute Force -XSS,Brute Force -XSS,0.9976321458816528,True
241153,Brute Force -XSS,Brute Force -XSS,0.9967678785324097,True
252600,Brute Force -XSS,Brute Force -XSS,0.9801418781280518,True
260305,Brute Force -XSS,Benign,0.7642388343811035,False
286975,Brute Force -XSS,Brute Force -XSS,0.9968121647834778,True
288753,Brute Force -XSS,Brute Force -XSS,0.8569494485855103,True
313529,Brute Force -XSS,Brute Force -XSS,0.968766450881958,True
314183,Brute Force -XSS,Brute Force -XSS,0.9799531698226929,True
317120,Brute Force -XSS,Brute Force -XSS,0.7574189305305481,True
320952,Brute Force -XSS,Brute Force -XSS,0.9818607568740845,True
338824,Brute Force -XSS,Brute Force -XSS,0.9839915633201599,True
346512,Brute Force -XSS,Brute Force -XSS,0.996773898601532,True
374398,Brute Force -XSS,Brute Force -XSS,0.9964861869812012,True
390292,Brute Force -XSS,Brute Force -XSS,0.9819300770759583,True
423486,Brute Force -XSS,Brute Force -XSS,0.9985702037811279,True
434271,Brute Force -XSS,Brute Force -XSS,0.9963613152503967,True
460443,Brute Force -XSS,Brute Force -XSS,0.9813684821128845,True
476206,Brute Force -XSS,Brute Force -XSS,0.9819608926773071,True
476336,Brute Force -XSS,Brute Force -XSS,0.980762779712677,True
496226,Brute Force -XSS,SQL Injection,0.5538346171379089,False
503052,Brute Force -XSS,Brute Force -XSS,0.9796956777572632,True
521700,Brute Force -XSS,Brute Force -XSS,0.9815858602523804,True
522204,Brute Force -XSS,Brute Force -XSS,0.9978770017623901,True
556032,Brute Force -XSS,Brute Force -XSS,0.9819300770759583,True
559418,Brute Force -XSS,Brute Force -XSS,0.9819631576538086,True
572379,Brute Force -XSS,Brute Force -XSS,0.9924163818359375,True
573424,Brute Force -XSS,Brute Force -XSS,0.9278162121772766,True
598293,Brute Force -XSS,Brute Force -XSS,0.9819608926773071,True
630081,Brute Force -XSS,Brute Force -XSS,0.8859244585037231,True
651743,Brute Force -XSS,Brute Force -XSS,0.9808564186096191,True
669816,Brute Force -XSS,Brute Force -XSS,0.9796366691589355,True
695058,Brute Force -XSS,Brute Force -XSS,0.9984515905380249,True
695843,Brute Force -XSS,Brute Force -XSS,0.9421426057815552,True
24329,DDOS attack-HOIC,DDOS attack-HOIC,0.9994179010391235,True
42365,DDOS attack-HOIC,DDOS attack-HOIC,0.9994858503341675,True
50260,DDOS attack-HOIC,DDOS attack-HOIC,0.9994687438011169,True
58795,DDOS attack-HOIC,DDOS attack-HOIC,0.9994206428527832,True
62692,DDOS attack-HOIC,DDOS attack-HOIC,0.9994188547134399,True
66148,DDOS attack-HOIC,DDOS attack-HOIC,0.9994174242019653,True
91477,DDOS attack-HOIC,DDOS attack-HOIC,0.9994198083877563,True
92938,DDOS attack-HOIC,DDOS attack-HOIC,0.999215841293335,True
95181,DDOS attack-HOIC,DDOS attack-HOIC,0.9994206428527832,True
96758,DDOS attack-HOIC,DDOS attack-HOIC,0.9994909763336182,True
115327,DDOS attack-HOIC,DDOS attack-HOIC,0.9994909763336182,True
118474,DDOS attack-HOIC,DDOS attack-HOIC,0.9994206428527832,True
123673,DDOS attack-HOIC,DDOS attack-HOIC,0.9994175434112549,True
127991,DDOS attack-HOIC,DDOS attack-HOIC,0.9994174242019653,True
141671,DDOS attack-HOIC,DDOS attack-HOIC,0.9994168281555176,True
141707,DDOS attack-HOIC,DDOS attack-HOIC,0.9994180202484131,True
163104,DDOS attack-HOIC,DDOS attack-HOIC,0.9994181394577026,True
165151,DDOS attack-HOIC,DDOS attack-HOIC,0.9994188547134399,True
175192,DDOS attack-HOIC,DDOS attack-HOIC,0.9994195699691772,True
178043,DDOS attack-HOIC,DDOS attack-HOIC,0.9994188547134399,True
186764,DDOS attack-HOIC,DDOS attack-HOIC,0.999421238899231,True
201783,DDOS attack-HOIC,DDOS attack-HOIC,0.9994179010391235,True
207926,DDOS attack-HOIC,DDOS attack-HOIC,0.999417781829834,True
226533,DDOS attack-HOIC,DDOS attack-HOIC,0.9994908571243286,True
229680,DDOS attack-HOIC,DDOS attack-HOIC,0.999421238899231,True
230336,DDOS attack-HOIC,DDOS attack-HOIC,0.9994742274284363,True
237013,DDOS attack-HOIC,DDOS attack-HOIC,0.9994180202484131,True
256795,DDOS attack-HOIC,DDOS attack-HOIC,0.9994901418685913,True
257574,DDOS attack-HOIC,DDOS attack-HOIC,0.9994213581085205,True
265943,DDOS attack-HOIC,DDOS attack-HOIC,0.9994195699691772,True
269640,DDOS attack-HOIC,DDOS attack-HOIC,0.9994188547134399,True
285515,DDOS attack-HOIC,DDOS attack-HOIC,0.9994213581085205,True
292418,DDOS attack-HOIC,DDOS attack-HOIC,0.999421238899231,True
303787,DDOS attack-HOIC,DDOS attack-HOIC,0.9994206428527832,True
303976,DDOS attack-HOIC,DDOS attack-HOIC,0.9994195699691772,True
311918,DDOS attack-HOIC,DDOS attack-HOIC,0.9994179010391235,True
322303,DDOS attack-HOIC,DDOS attack-HOIC,0.9994195699691772,True
323615,DDOS attack-HOIC,DDOS attack-HOIC,0.9994900226593018,True
334211,DDOS attack-HOIC,DDOS attack-HOIC,0.9994156360626221,True
336288,DDOS attack-HOIC,DDOS attack-HOIC,0.9994677901268005,True
342417,DDOS attack-HOIC,DDOS attack-HOIC,0.999485969543457,True
352439,DDOS attack-HOIC,DDOS attack-HOIC,0.9994198083877563,True
353341,DDOS attack-HOIC,DDOS attack-HOIC,0.999421238899231,True
359209,DDOS attack-HOIC,DDOS attack-HOIC,0.9994797110557556,True
366133,DDOS attack-HOIC,DDOS attack-HOIC,0.9994723200798035,True
372872,DDOS attack-HOIC,DDOS attack-HOIC,0.9994981288909912,True
374461,DDOS attack-HOIC,DDOS attack-HOIC,0.999421238899231,True
374681,DDOS attack-HOIC,DDOS attack-HOIC,0.9994156360626221,True
387090,DDOS attack-HOIC,DDOS attack-HOIC,0.9994189739227295,True
406304,DDOS attack-HOIC,DDOS attack-HOIC,0.9994206428527832,True
415528,DDOS attack-HOIC,DDOS attack-HOIC,0.999421238899231,True
417893,DDOS attack-HOIC,DDOS attack-HOIC,0.9994213581085205,True
422384,DDOS attack-HOIC,DDOS attack-HOIC,0.999485969543457,True
429876,DDOS attack-HOIC,DDOS attack-HOIC,0.9994195699691772,True
430648,DDOS attack-HOIC,DDOS attack-HOIC,0.9994195699691772,True
435041,DDOS attack-HOIC,DDOS attack-HOIC,0.9994213581085205,True
438484,DDOS attack-HOIC,DDOS attack-HOIC,0.9994901418685913,True
442759,DDOS attack-HOIC,DDOS attack-HOIC,0.9994195699691772,True
445271,DDOS attack-HOIC,DDOS attack-HOIC,0.9994180202484131,True
447343,DDOS attack-HOIC,DDOS attack-HOIC,0.999421238899231,True
449431,DDOS attack-HOIC,DDOS attack-HOIC,0.9994774460792542,True
456876,DDOS attack-HOIC,DDOS attack-HOIC,0.9994174242019653,True
469980,DDOS attack-HOIC,DDOS attack-HOIC,0.999421238899231,True
480797,DDOS attack-HOIC,DDOS attack-HOIC,0.9994181394577026,True
480944,DDOS attack-HOIC,DDOS attack-HOIC,0.9994908571243286,True
487667,DDOS attack-HOIC,DDOS attack-HOIC,0.9994213581085205,True
506935,DDOS attack-HOIC,DDOS attack-HOIC,0.9994188547134399,True
507814,DDOS attack-HOIC,DDOS attack-HOIC,0.9994854927062988,True
509229,DDOS attack-HOIC,DDOS attack-HOIC,0.9994198083877563,True
515271,DDOS attack-HOIC,DDOS attack-HOIC,0.9994988441467285,True
516611,DDOS attack-HOIC,DDOS attack-HOIC,0.9994862079620361,True
517885,DDOS attack-HOIC,DDOS attack-HOIC,0.9994175434112549,True
537566,DDOS attack-HOIC,DDOS attack-HOIC,0.9994179010391235,True
540301,DDOS attack-HOIC,DDOS attack-HOIC,0.9994181394577026,True
545497,DDOS attack-HOIC,DDOS attack-HOIC,0.9994188547134399,True
545809,DDOS attack-HOIC,DDOS attack-HOIC,0.9994206428527832,True
548836,DDOS attack-HOIC,DDOS attack-HOIC,0.999421238899231,True
549118,DDOS attack-HOIC,DDOS attack-HOIC,0.9994189739227295,True
555702,DDOS attack-HOIC,DDOS attack-HOIC,0.9994198083877563,True
558089,DDOS attack-HOIC,DDOS attack-HOIC,0.9994188547134399,True
561797,DDOS attack-HOIC,DDOS attack-HOIC,0.9994863271713257,True
564126,DDOS attack-HOIC,DDOS attack-HOIC,0.9994180202484131,True
578498,DDOS attack-HOIC,DDOS attack-HOIC,0.9994179010391235,True
583919,DDOS attack-HOIC,DDOS attack-HOIC,0.9994854927062988,True
594330,DDOS attack-HOIC,DDOS attack-HOIC,0.9994180202484131,True
598141,DDOS attack-HOIC,DDOS attack-HOIC,0.9994195699691772,True
600130,DDOS attack-HOIC,DDOS attack-HOIC,0.999421238899231,True
602770,DDOS attack-HOIC,DDOS attack-HOIC,0.9994908571243286,True
641626,DDOS attack-HOIC,DDOS attack-HOIC,0.9994699358940125,True
643744,DDOS attack-HOIC,DDOS attack-HOIC,0.9994788765907288,True
651780,DDOS attack-HOIC,DDOS attack-HOIC,0.9994198083877563,True
655073,DDOS attack-HOIC,DDOS attack-HOIC,0.9994195699691772,True
662130,DDOS attack-HOIC,DDOS attack-HOIC,0.9994907379150391,True
663687,DDOS attack-HOIC,DDOS attack-HOIC,0.9994122982025146,True
666562,DDOS attack-HOIC,DDOS attack-HOIC,0.999421238899231,True
671185,DDOS attack-HOIC,DDOS attack-HOIC,0.9994908571243286,True
671925,DDOS attack-HOIC,DDOS attack-HOIC,0.999421238899231,True
671935,DDOS attack-HOIC,DDOS attack-HOIC,0.9994940757751465,True
675677,DDOS attack-HOIC,DDOS attack-HOIC,0.9994174242019653,True
697160,DDOS attack-HOIC,DDOS attack-HOIC,0.9994195699691772,True
861,DDOS attack-LOIC-UDP,DDOS attack-LOIC-UDP,0.8094460368156433,True
4691,DDOS attack-LOIC-UDP,DDOS attack-LOIC-UDP,0.9859198331832886,True
5712,DDOS attack-LOIC-UDP,DDOS attack-LOIC-UDP,0.9983720183372498,True
5966,DDOS attack-LOIC-UDP,Benign,0.612587034702301,False
12235,DDOS attack-LOIC-UDP,DDOS attack-LOIC-UDP,0.9459185600280762,True
14881,DDOS attack-LOIC-UDP,DDOS attack-LOIC-UDP,0.9911113381385803,True
16063,DDOS attack-LOIC-UDP,DDOS attack-LOIC-UDP,0.979738712310791,True
17866,DDOS attack-LOIC-UDP,DDOS attack-LOIC-UDP,0.7495735883712769,True
29423,DDOS attack-LOIC-UDP,DDOS attack-LOIC-UDP,0.9796068072319031,True
34755,DDOS attack-LOIC-UDP,DDOS attack-LOIC-UDP,0.7791509032249451,True
41161,DDOS attack-LOIC-UDP,DDOS attack-LOIC-UDP,0.9966216087341309,True
54845,DDOS attack-LOIC-UDP,DDOS attack-LOIC-UDP,0.9730594158172607,True
63033,DDOS attack-LOIC-UDP,DDOS attack-LOIC-UDP,0.9785767197608948,True
76270,DDOS attack-LOIC-UDP,DDOS attack-LOIC-UDP,0.9904419779777527,True
76830,DDOS attack-LOIC-UDP,DDOS attack-LOIC-UDP,0.7904378771781921,True
83841,DDOS attack-LOIC-UDP,DDOS attack-LOIC-UDP,0.9294278621673584,True
89459,DDOS attack-LOIC-UDP,DDOS attack-LOIC-UDP,0.9834666848182678,True
99717,DDOS attack-LOIC-UDP,DDOS attack-LOIC-UDP,0.6951382160186768,True
107048,DDOS attack-LOIC-UDP,DDOS attack-LOIC-UDP,0.9072080254554749,True
125172,DDOS attack-LOIC-UDP,DDOS attack-LOIC-UDP,0.7815631031990051,True
133135,DDOS attack-LOIC-UDP,DDOS attack-LOIC-UDP,0.9010202884674072,True
134124,DDOS attack-LOIC-UDP,DDOS attack-LOIC-UDP,0.927374541759491,True
136921,DDOS attack-LOIC-UDP,DDOS attack-LOIC-UDP,0.9777494072914124,True
143637,DDOS attack-LOIC-UDP,DDOS attack-LOIC-UDP,0.9855765700340271,True
145983,DDOS attack-LOIC-UDP,DDOS attack-LOIC-UDP,0.9999996423721313,True
147287,DDOS attack-LOIC-UDP,DDOS attack-LOIC-UDP,0.9876165986061096,True
148018,DDOS attack-LOIC-UDP,DDOS attack-LOIC-UDP,0.859319806098938,True
150353,DDOS attack-LOIC-UDP,DDOS attack-LOIC-UDP,0.6669929027557373,True
150894,DDOS attack-LOIC-UDP,DDOS attack-LOIC-UDP,0.9937382936477661,True
160738,DDOS attack-LOIC-UDP,DDOS attack-LOIC-UDP,0.8275321125984192,True
167503,DDOS attack-LOIC-UDP,DDOS attack-LOIC-UDP,0.9199988842010498,True
178197,DDOS attack-LOIC-UDP,DDOS attack-LOIC-UDP,0.8400616645812988,True
197033,DDOS attack-LOIC-UDP,DDOS attack-LOIC-UDP,0.9910094738006592,True
210208,DDOS attack-LOIC-UDP,DDOS attack-LOIC-UDP,0.9891079664230347,True
219679,DDOS attack-LOIC-UDP,DDOS attack-LOIC-UDP,0.9665532112121582,True
251124,DDOS attack-LOIC-UDP,DDOS attack-LOIC-UDP,0.5819752216339111,True
252162,DDOS attack-LOIC-UDP,DDOS attack-LOIC-UDP,0.9935989379882812,True
274707,DDOS attack-LOIC-UDP,DDOS attack-LOIC-UDP,0.9766482710838318,True
281156,DDOS attack-LOIC-UDP,DDOS attack-LOIC-UDP,0.9920182824134827,True
287792,DDOS attack-LOIC-UDP,DDOS attack-LOIC-UDP,0.9887191653251648,True
294997,DDOS attack-LOIC-UDP,DDOS attack-LOIC-UDP,0.987331211566925,True
349516,DDOS attack-LOIC-UDP,DDOS attack-LOIC-UDP,0.927126407623291,True
364922,DDOS attack-LOIC-UDP,DDOS attack-LOIC-UDP,0.9974115490913391,True
376923,DDOS attack-LOIC-UDP,DDOS attack-LOIC-UDP,0.7855173945426941,True
378868,DDOS attack-LOIC-UDP,DDOS attack-LOIC-UDP,0.9933518171310425,True
379323,DDOS attack-LOIC-UDP,DDOS attack-LOIC-UDP,0.9390449523925781,True
381582,DDOS attack-LOIC-UDP,DDOS attack-LOIC-UDP,0.998706579208374,True
384140,DDOS attack-LOIC-UDP,DDOS attack-LOIC-UDP,0.9916262626647949,True
398799,DDOS attack-LOIC-UDP,DDOS attack-LOIC-UDP,0.8725574612617493,True
400457,DDOS attack-LOIC-UDP,DDOS attack-LOIC-UDP,0.6785678863525391,True
412307,DDOS attack-LOIC-UDP,DDOS attack-LOIC-UDP,0.982386589050293,True
419496,DDOS attack-LOIC-UDP,DDOS attack-LOIC-UDP,0.9691994190216064,True
421353,DDOS attack-LOIC-UDP,DDOS attack-LOIC-UDP,0.9942862391471863,True
424072,DDOS attack-LOIC-UDP,DDOS attack-LOIC-UDP,0.9527822136878967,True
452004,DDOS attack-LOIC-UDP,DDOS attack-LOIC-UDP,0.977969765663147,True
453905,DDOS attack-LOIC-UDP,DDOS attack-LOIC-UDP,0.9947998523712158,True
464247,DDOS attack-LOIC-UDP,DDOS attack-LOIC-UDP,0.5310523509979248,True
468192,DDOS attack-LOIC-UDP,DDOS attack-LOIC-UDP,0.9931766986846924,True
468943,DDOS attack-LOIC-UDP,DDOS attack-LOIC-UDP,0.9923926591873169,True
476835,DDOS attack-LOIC-UDP,DDOS attack-LOIC-UDP,0.9937149882316589,True
486614,DDOS attack-LOIC-UDP,DDOS attack-LOIC-UDP,0.903811514377594,True
487263,DDOS attack-LOIC-UDP,DDOS attack-LOIC-UDP,0.9899681806564331,True
490210,DDOS attack-LOIC-UDP,DDOS attack-LOIC-UDP,0.9921178221702576,True
491728,DDOS attack-LOIC-UDP,DDOS attack-LOIC-UDP,0.8995716571807861,True
492815,DDOS attack-LOIC-UDP,DDOS attack-LOIC-UDP,0.9971430897712708,True
492969,DDOS attack-LOIC-UDP,DDOS attack-LOIC-UDP,0.9691393971443176,True
493029,DDOS attack-LOIC-UDP,DDOS attack-LOIC-UDP,0.6819234490394592,True
495050,DDOS attack-LOIC-UDP,DDOS attack-LOIC-UDP,0.8742229342460632,True
497795,DDOS attack-LOIC-UDP,DDOS attack-LOIC-UDP,0.7704574465751648,True
517575,DDOS attack-LOIC-UDP,DDOS attack-LOIC-UDP,0.9762335419654846,True
517942,DDOS attack-LOIC-UDP,DDOS attack-LOIC-UDP,0.9904956817626953,True
528023,DDOS attack-LOIC-UDP,DDOS attack-LOIC-UDP,0.9883866906166077,True
530571,DDOS attack-LOIC-UDP,DDOS attack-LOIC-UDP,0.6760786175727844,True
533710,DDOS attack-LOIC-UDP,DDOS attack-LOIC-UDP,0.9897375702857971,True
535137,DDOS attack-LOIC-UDP,DDOS attack-LOIC-UDP,0.9900952577590942,True
537029,DDOS attack-LOIC-UDP,DDOS attack-LOIC-UDP,0.9916262626647949,True
548625,DDOS attack-LOIC-UDP,DDOS attack-LOIC-UDP,0.9921178221702576,True
564613,DDOS attack-LOIC-UDP,DDOS attack-LOIC-UDP,0.7485061287879944,True
567075,DDOS attack-LOIC-UDP,DDOS attack-LOIC-UDP,0.7670255303382874,True
584763,DDOS attack-LOIC-UDP,DDOS attack-LOIC-UDP,0.9940255880355835,True
590730,DDOS attack-LOIC-UDP,DDOS attack-LOIC-UDP,0.9855765700340271,True
600283,DDOS attack-LOIC-UDP,DDOS attack-LOIC-UDP,0.9777494072914124,True
602757,DDOS attack-LOIC-UDP,DDoS attacks-LOIC-HTTP,0.504863440990448,False
607812,DDOS attack-LOIC-UDP,DDOS attack-LOIC-UDP,0.95947265625,True
615012,DDOS attack-LOIC-UDP,DDOS attack-LOIC-UDP,0.9949489831924438,True
620068,DDOS attack-LOIC-UDP,DDOS attack-LOIC-UDP,0.9915238618850708,True
622113,DDOS attack-LOIC-UDP,DDOS attack-LOIC-UDP,0.9935989379882812,True
626359,DDOS attack-LOIC-UDP,DDOS attack-LOIC-UDP,0.9948570728302002,True
639271,DDOS attack-LOIC-UDP,DDOS attack-LOIC-UDP,0.982386589050293,True
644516,DDOS attack-LOIC-UDP,DDOS attack-LOIC-UDP,0.8275321125984192,True
645970,DDOS attack-LOIC-UDP,DDOS attack-LOIC-UDP,0.9923926591873169,True
646159,DDOS attack-LOIC-UDP,DDOS attack-LOIC-UDP,0.9503942131996155,True
654258,DDOS attack-LOIC-UDP,DDOS attack-LOIC-UDP,0.6755971908569336,True
665523,DDOS attack-LOIC-UDP,DDOS attack-LOIC-UDP,0.9855765700340271,True
672393,DDOS attack-LOIC-UDP,DDOS attack-LOIC-UDP,0.9910447597503662,True
677076,DDOS attack-LOIC-UDP,DDOS attack-LOIC-UDP,0.9868130683898926,True
686093,DDOS attack-LOIC-UDP,DDOS attack-LOIC-UDP,0.927126407623291,True
687064,DDOS attack-LOIC-UDP,DDOS attack-LOIC-UDP,0.9910332560539246,True
691842,DDOS attack-LOIC-UDP,DDOS attack-LOIC-UDP,0.7534918785095215,True
692514,DDOS attack-LOIC-UDP,DDOS attack-LOIC-UDP,0.9928398132324219,True
7748,DDoS attacks-LOIC-HTTP,DDoS attacks-LOIC-HTTP,0.9991593360900879,True
10519,DDoS attacks-LOIC-HTTP,DDoS attacks-LOIC-HTTP,0.998464822769165,True
29392,DDoS attacks-LOIC-HTTP,DDoS attacks-LOIC-HTTP,0.9991593360900879,True
38545,DDoS attacks-LOIC-HTTP,DDoS attacks-LOIC-HTTP,0.9992075562477112,True
38819,DDoS attacks-LOIC-HTTP,DDoS attacks-LOIC-HTTP,0.9991593360900879,True
46253,DDoS attacks-LOIC-HTTP,DDoS attacks-LOIC-HTTP,0.9990505576133728,True
49548,DDoS attacks-LOIC-HTTP,DDoS attacks-LOIC-HTTP,0.9991330504417419,True
52573,DDoS attacks-LOIC-HTTP,DDoS attacks-LOIC-HTTP,0.9991720914840698,True
53471,DDoS attacks-LOIC-HTTP,DDoS attacks-LOIC-HTTP,0.998464822769165,True
80739,DDoS attacks-LOIC-HTTP,DDoS attacks-LOIC-HTTP,0.999160647392273,True
83455,DDoS attacks-LOIC-HTTP,DDoS attacks-LOIC-HTTP,0.9991593360900879,True
89524,DDoS attacks-LOIC-HTTP,DDoS attacks-LOIC-HTTP,0.9991593360900879,True
99090,DDoS attacks-LOIC-HTTP,DDoS attacks-LOIC-HTTP,0.9992075562477112,True
100887,DDoS attacks-LOIC-HTTP,DDoS attacks-LOIC-HTTP,0.9991579055786133,True
107653,DDoS attacks-LOIC-HTTP,DDoS attacks-LOIC-HTTP,0.9991433620452881,True
114761,DDoS attacks-LOIC-HTTP,DDoS attacks-LOIC-HTTP,0.9991587400436401,True
116210,DDoS attacks-LOIC-HTTP,DDoS attacks-LOIC-HTTP,0.9991466999053955,True
120901,DDoS attacks-LOIC-HTTP,DDoS attacks-LOIC-HTTP,0.9991593360900879,True
139701,DDoS attacks-LOIC-HTTP,DDoS attacks-LOIC-HTTP,0.9992807507514954,True
145300,DDoS attacks-LOIC-HTTP,DDoS attacks-LOIC-HTTP,0.9992076754570007,True
167214,DDoS attacks-LOIC-HTTP,DDoS attacks-LOIC-HTTP,0.9992076754570007,True
171578,DDoS attacks-LOIC-HTTP,DDoS attacks-LOIC-HTTP,0.9992076754570007,True
188081,DDoS attacks-LOIC-HTTP,DDoS attacks-LOIC-HTTP,0.9991579055786133,True
196189,DDoS attacks-LOIC-HTTP,DDoS attacks-LOIC-HTTP,0.9991416931152344,True
217416,DDoS attacks-LOIC-HTTP,DDoS attacks-LOIC-HTTP,0.9992075562477112,True
219538,DDoS attacks-LOIC-HTTP,DDoS attacks-LOIC-HTTP,0.9991468191146851,True
219843,DDoS attacks-LOIC-HTTP,DDoS attacks-LOIC-HTTP,0.9992075562477112,True
230269,DDoS attacks-LOIC-HTTP,DDoS attacks-LOIC-HTTP,0.9992075562477112,True
233436,DDoS attacks-LOIC-HTTP,DDoS attacks-LOIC-HTTP,0.9991593360900879,True
233539,DDoS attacks-LOIC-HTTP,DDoS attacks-LOIC-HTTP,0.9991579055786133,True
252296,DDoS attacks-LOIC-HTTP,DDoS attacks-LOIC-HTTP,0.9991505146026611,True
255405,DDoS attacks-LOIC-HTTP,DDoS attacks-LOIC-HTTP,0.9991593360900879,True
260644,DDoS attacks-LOIC-HTTP,DDoS attacks-LOIC-HTTP,0.998464822769165,True
268520,DDoS attacks-LOIC-HTTP,DDoS attacks-LOIC-HTTP,0.9992075562477112,True
271368,DDoS attacks-LOIC-HTTP,DDoS attacks-LOIC-HTTP,0.9991344809532166,True
274792,DDoS attacks-LOIC-HTTP,DDoS attacks-LOIC-HTTP,0.9992075562477112,True
290172,DDoS attacks-LOIC-HTTP,DDoS attacks-LOIC-HTTP,0.9991593360900879,True
292109,DDoS attacks-LOIC-HTTP,DDoS attacks-LOIC-HTTP,0.9991720914840698,True
297101,DDoS attacks-LOIC-HTTP,DDoS attacks-LOIC-HTTP,0.9984412789344788,True
305302,DDoS attacks-LOIC-HTTP,DDoS attacks-LOIC-HTTP,0.9991579055786133,True
314362,DDoS attacks-LOIC-HTTP,DDoS attacks-LOIC-HTTP,0.9991579055786133,True
315034,DDoS attacks-LOIC-HTTP,DDoS attacks-LOIC-HTTP,0.9992075562477112,True
326940,DDoS attacks-LOIC-HTTP,DDoS attacks-LOIC-HTTP,0.9991593360900879,True
340220,DDoS attacks-LOIC-HTTP,DDoS attacks-LOIC-HTTP,0.999138355255127,True
344706,DDoS attacks-LOIC-HTTP,DDoS attacks-LOIC-HTTP,0.9991594552993774,True
350054,DDoS attacks-LOIC-HTTP,DDoS attacks-LOIC-HTTP,0.9984645843505859,True
351029,DDoS attacks-LOIC-HTTP,DDoS attacks-LOIC-HTTP,0.9991579055786133,True
351085,DDoS attacks-LOIC-HTTP,DDoS attacks-LOIC-HTTP,0.9992076754570007,True
354554,DDoS attacks-LOIC-HTTP,DDoS attacks-LOIC-HTTP,0.9991593360900879,True
357321,DDoS attacks-LOIC-HTTP,DDoS attacks-LOIC-HTTP,0.9991044402122498,True
361757,DDoS attacks-LOIC-HTTP,DDoS attacks-LOIC-HTTP,0.9990505576133728,True
362480,DDoS attacks-LOIC-HTTP,DDoS attacks-LOIC-HTTP,0.99928218126297,True
366587,DDoS attacks-LOIC-HTTP,DDoS attacks-LOIC-HTTP,0.9991593360900879,True
366950,DDoS attacks-LOIC-HTTP,DDoS attacks-LOIC-HTTP,0.9991469383239746,True
388932,DDoS attacks-LOIC-HTTP,DDoS attacks-LOIC-HTTP,0.9992076754570007,True
389856,DDoS attacks-LOIC-HTTP,DDoS attacks-LOIC-HTTP,0.9991593360900879,True
394969,DDoS attacks-LOIC-HTTP,DDoS attacks-LOIC-HTTP,0.998464822769165,True
419962,DDoS attacks-LOIC-HTTP,DDoS attacks-LOIC-HTTP,0.9991594552993774,True
437233,DDoS attacks-LOIC-HTTP,DDoS attacks-LOIC-HTTP,0.9991468191146851,True
448252,DDoS attacks-LOIC-HTTP,DDoS attacks-LOIC-HTTP,0.9991500377655029,True
455485,DDoS attacks-LOIC-HTTP,DDoS attacks-LOIC-HTTP,0.9992075562477112,True
467300,DDoS attacks-LOIC-HTTP,DDoS attacks-LOIC-HTTP,0.9992075562477112,True
472033,DDoS attacks-LOIC-HTTP,DDoS attacks-LOIC-HTTP,0.9991439580917358,True
480439,DDoS attacks-LOIC-HTTP,DDoS attacks-LOIC-HTTP,0.9991430044174194,True
492289,DDoS attacks-LOIC-HTTP,DDoS attacks-LOIC-HTTP,0.9992075562477112,True
492654,DDoS attacks-LOIC-HTTP,DDoS attacks-LOIC-HTTP,0.9991501569747925,True
494591,DDoS attacks-LOIC-HTTP,DDoS attacks-LOIC-HTTP,0.9991469383239746,True
496507,DDoS attacks-LOIC-HTTP,DDoS attacks-LOIC-HTTP,0.9991577863693237,True
508789,DDoS attacks-LOIC-HTTP,DDoS attacks-LOIC-HTTP,0.9991593360900879,True
510541,DDoS attacks-LOIC-HTTP,DDoS attacks-LOIC-HTTP,0.9992075562477112,True
512845,DDoS attacks-LOIC-HTTP,DDoS attacks-LOIC-HTTP,0.9991130232810974,True
517332,DDoS attacks-LOIC-HTTP,DDoS attacks-LOIC-HTTP,0.9991720914840698,True
525060,DDoS attacks-LOIC-HTTP,DDoS attacks-LOIC-HTTP,0.9991593360900879,True
527593,DDoS attacks-LOIC-HTTP,DDoS attacks-LOIC-HTTP,0.9991520643234253,True
537684,DDoS attacks-LOIC-HTTP,DDoS attacks-LOIC-HTTP,0.9992076754570007,True
538574,DDoS attacks-LOIC-HTTP,DDoS attacks-LOIC-HTTP,0.9991579055786133,True
556808,DDoS attacks-LOIC-HTTP,DDoS attacks-LOIC-HTTP,0.9992075562477112,True
558833,DDoS attacks-LOIC-HTTP,DDoS attacks-LOIC-HTTP,0.9992076754570007,True
562679,DDoS attacks-LOIC-HTTP,DDoS attacks-LOIC-HTTP,0.9987751841545105,True
572685,DDoS attacks-LOIC-HTTP,DDoS attacks-LOIC-HTTP,0.9992075562477112,True
576482,DDoS attacks-LOIC-HTTP,DDoS attacks-LOIC-HTTP,0.9991611242294312,True
583558,DDoS attacks-LOIC-HTTP,DDoS attacks-LOIC-HTTP,0.9992075562477112,True
583568,DDoS attacks-LOIC-HTTP,DDoS attacks-LOIC-HTTP,0.9991579055786133,True
585385,DDoS attacks-LOIC-HTTP,DDoS attacks-LOIC-HTTP,0.9991468191146851,True
586631,DDoS attacks-LOIC-HTTP,DDoS attacks-LOIC-HTTP,0.9991611242294312,True
587899,DDoS attacks-LOIC-HTTP,DDoS attacks-LOIC-HTTP,0.9991593360900879,True
592051,DDoS attacks-LOIC-HTTP,DDoS attacks-LOIC-HTTP,0.999139666557312,True
596858,DDoS attacks-LOIC-HTTP,DDoS attacks-LOIC-HTTP,0.9991466999053955,True
605684,DDoS attacks-LOIC-HTTP,DDoS attacks-LOIC-HTTP,0.999138593673706,True
618009,DDoS attacks-LOIC-HTTP,DDoS attacks-LOIC-HTTP,0.9991579055786133,True
630149,DDoS attacks-LOIC-HTTP,DDoS attacks-LOIC-HTTP,0.9991436004638672,True
642614,DDoS attacks-LOIC-HTTP,DDoS attacks-LOIC-HTTP,0.9991441965103149,True
643225,DDoS attacks-LOIC-HTTP,DDoS attacks-LOIC-HTTP,0.9992075562477112,True
647051,DDoS attacks-LOIC-HTTP,DDoS attacks-LOIC-HTTP,0.9991588592529297,True
669243,DDoS attacks-LOIC-HTTP,DDoS attacks-LOIC-HTTP,0.9991446733474731,True
669304,DDoS attacks-LOIC-HTTP,DDoS attacks-LOIC-HTTP,0.9991500377655029,True
670823,DDoS attacks-LOIC-HTTP,DDoS attacks-LOIC-HTTP,0.9991130232810974,True
691963,DDoS attacks-LOIC-HTTP,DDoS attacks-LOIC-HTTP,0.9992075562477112,True
692894,DDoS attacks-LOIC-HTTP,DDoS attacks-LOIC-HTTP,0.9991325736045837,True
696098,DDoS attacks-LOIC-HTTP,DDoS attacks-LOIC-HTTP,0.999160647392273,True
3348,DoS attacks-GoldenEye,DoS attacks-GoldenEye,0.9999130964279175,True
3758,DoS attacks-GoldenEye,DoS attacks-GoldenEye,0.9998729228973389,True
5725,DoS attacks-GoldenEye,DoS attacks-GoldenEye,0.9995787739753723,True
29800,DoS attacks-GoldenEye,DoS attacks-GoldenEye,0.9999346733093262,True
32898,DoS attacks-GoldenEye,DoS attacks-GoldenEye,0.9997877478599548,True
40108,DoS attacks-GoldenEye,DoS attacks-GoldenEye,0.9999079704284668,True
40430,DoS attacks-GoldenEye,DoS attacks-GoldenEye,0.9999490976333618,True
43950,DoS attacks-GoldenEye,DoS attacks-GoldenEye,0.9999020099639893,True
53429,DoS attacks-GoldenEye,DoS attacks-GoldenEye,0.9999020099639893,True
53986,DoS attacks-GoldenEye,DoS attacks-GoldenEye,0.9999023675918579,True
60849,DoS attacks-GoldenEye,DoS attacks-GoldenEye,0.9999070167541504,True
72213,DoS attacks-GoldenEye,DoS attacks-GoldenEye,0.9999197721481323,True
75008,DoS attacks-GoldenEye,DoS attacks-GoldenEye,0.999930739402771,True
76779,DoS attacks-GoldenEye,DoS attacks-GoldenEye,0.9996984004974365,True
79343,DoS attacks-GoldenEye,DoS attacks-GoldenEye,0.9999520778656006,True
88215,DoS attacks-GoldenEye,DoS attacks-GoldenEye,0.9999285936355591,True
107991,DoS attacks-GoldenEye,DoS attacks-GoldenEye,0.999915599822998,True
150198,DoS attacks-GoldenEye,DoS attacks-GoldenEye,0.9999268054962158,True
162254,DoS attacks-GoldenEye,DoS attacks-GoldenEye,0.9998929500579834,True
162611,DoS attacks-GoldenEye,DoS attacks-GoldenEye,0.9996984004974365,True
163878,DoS attacks-GoldenEye,DoS attacks-GoldenEye,0.9998414516448975,True
166887,DoS attacks-GoldenEye,DoS attacks-GoldenEye,0.9998979568481445,True
186573,DoS attacks-GoldenEye,DoS attacks-GoldenEye,0.9998451471328735,True
196912,DoS attacks-GoldenEye,DoS attacks-GoldenEye,0.9999110698699951,True
201056,DoS attacks-GoldenEye,DoS attacks-GoldenEye,0.9999274015426636,True
207519,DoS attacks-GoldenEye,DoS attacks-GoldenEye,0.9998935461044312,True
227031,DoS attacks-GoldenEye,DoS attacks-GoldenEye,0.9999358654022217,True
242004,DoS attacks-GoldenEye,DoS attacks-GoldenEye,0.9999076128005981,True
259543,DoS attacks-GoldenEye,DoS attacks-GoldenEye,0.9999023675918579,True
260608,DoS attacks-GoldenEye,DoS attacks-GoldenEye,0.9998825788497925,True
268945,DoS attacks-GoldenEye,DoS attacks-GoldenEye,0.9999030828475952,True
276244,DoS attacks-GoldenEye,DoS attacks-GoldenEye,0.9998534917831421,True
284611,DoS attacks-GoldenEye,DoS attacks-GoldenEye,0.9999043941497803,True
286041,DoS attacks-GoldenEye,DoS attacks-GoldenEye,0.9998979568481445,True
302037,DoS attacks-GoldenEye,DoS attacks-GoldenEye,0.9999083280563354,True
308023,DoS attacks-GoldenEye,DoS attacks-GoldenEye,0.9998996257781982,True
309586,DoS attacks-GoldenEye,DoS attacks-GoldenEye,0.9998914003372192,True
313855,DoS attacks-GoldenEye,DoS attacks-GoldenEye,0.9999023675918579,True
320587,DoS attacks-GoldenEye,DoS attacks-GoldenEye,0.9999120235443115,True
324523,DoS attacks-GoldenEye,DoS attacks-GoldenEye,0.9999494552612305,True
336776,DoS attacks-GoldenEye,DoS attacks-GoldenEye,0.9999070167541504,True
344079,DoS attacks-GoldenEye,DoS attacks-GoldenEye,0.999840259552002,True
347061,DoS attacks-GoldenEye,DoS attacks-GoldenEye,0.9999147653579712,True
348046,DoS attacks-GoldenEye,DoS attacks-GoldenEye,0.9999111890792847,True
355333,DoS attacks-GoldenEye,DoS attacks-GoldenEye,0.9999030828475952,True
371366,DoS attacks-GoldenEye,DoS attacks-GoldenEye,0.9999070167541504,True
375076,DoS attacks-GoldenEye,DoS attacks-GoldenEye,0.9999054670333862,True
380393,DoS attacks-GoldenEye,DoS attacks-GoldenEye,0.9999023675918579,True
423643,DoS attacks-GoldenEye,DoS attacks-GoldenEye,0.999915599822998,True
426361,DoS attacks-GoldenEye,DoS attacks-GoldenEye,0.9999077320098877,True
432543,DoS attacks-GoldenEye,DoS attacks-GoldenEye,0.9998917579650879,True
437289,DoS attacks-GoldenEye,DoS attacks-GoldenEye,0.999796450138092,True
440197,DoS attacks-GoldenEye,DoS attacks-GoldenEye,0.9997676014900208,True
446291,DoS attacks-GoldenEye,DoS attacks-GoldenEye,0.9999030828475952,True
447003,DoS attacks-GoldenEye,DoS attacks-GoldenEye,0.9998406171798706,True
450511,DoS attacks-GoldenEye,DoS attacks-GoldenEye,0.9998229146003723,True
452011,DoS attacks-GoldenEye,DoS attacks-GoldenEye,0.9999144077301025,True
460888,DoS attacks-GoldenEye,DoS attacks-GoldenEye,0.999862551689148,True
470183,DoS attacks-GoldenEye,DoS attacks-GoldenEye,0.99992835521698,True
485873,DoS attacks-GoldenEye,DoS attacks-GoldenEye,0.9999188184738159,True
492225,DoS attacks-GoldenEye,DoS attacks-GoldenEye,0.9999507665634155,True
494957,DoS attacks-GoldenEye,DoS attacks-GoldenEye,0.9999076128005981,True
499757,DoS attacks-GoldenEye,DoS attacks-GoldenEye,0.999927282333374,True
503277,DoS attacks-GoldenEye,DoS attacks-GoldenEye,0.9999194145202637,True
513309,DoS attacks-GoldenEye,DoS attacks-GoldenEye,0.999915599822998,True
513502,DoS attacks-GoldenEye,DoS attacks-GoldenEye,0.9999463558197021,True
514339,DoS attacks-GoldenEye,DoS attacks-GoldenEye,0.9999513626098633,True
518027,DoS attacks-GoldenEye,DoS attacks-GoldenEye,0.9996708631515503,True
529287,DoS attacks-GoldenEye,DoS attacks-GoldenEye,0.9999194145202637,True
532430,DoS attacks-GoldenEye,DoS attacks-GoldenEye,0.9998378753662109,True
533907,DoS attacks-GoldenEye,DoS attacks-GoldenEye,0.9999141693115234,True
536616,DoS attacks-GoldenEye,DoS attacks-GoldenEye,0.9999194145202637,True
543351,DoS attacks-GoldenEye,DoS attacks-GoldenEye,0.9998534917831421,True
545858,DoS attacks-GoldenEye,DoS attacks-GoldenEye,0.9999486207962036,True
552524,DoS attacks-GoldenEye,DoS attacks-GoldenEye,0.9999141693115234,True
553497,DoS attacks-GoldenEye,DoS attacks-GoldenEye,0.9999030828475952,True
556549,DoS attacks-GoldenEye,DoS attacks-GoldenEye,0.9997356534004211,True
562652,DoS attacks-GoldenEye,DoS attacks-GoldenEye,0.999915599822998,True
568451,DoS attacks-GoldenEye,DoS attacks-GoldenEye,0.9998999834060669,True
591384,DoS attacks-GoldenEye,DoS attacks-GoldenEye,0.999757707118988,True
591719,DoS attacks-GoldenEye,DoS attacks-GoldenEye,0.9998857975006104,True
597746,DoS attacks-GoldenEye,DoS attacks-GoldenEye,0.9998892545700073,True
598002,DoS attacks-GoldenEye,DoS attacks-GoldenEye,0.999915599822998,True
602155,DoS attacks-GoldenEye,DoS attacks-GoldenEye,0.9998528957366943,True
603124,DoS attacks-GoldenEye,DoS attacks-GoldenEye,0.9999258518218994,True
614759,DoS attacks-GoldenEye,DoS attacks-GoldenEye,0.9998189806938171,True
632527,DoS attacks-GoldenEye,DoS attacks-GoldenEye,0.9998981952667236,True
639924,DoS attacks-GoldenEye,DoS attacks-GoldenEye,0.9999139308929443,True
646174,DoS attacks-GoldenEye,DoS attacks-GoldenEye,0.999782383441925,True
656903,DoS attacks-GoldenEye,DoS attacks-GoldenEye,0.9997918009757996,True
657608,DoS attacks-GoldenEye,DoS attacks-GoldenEye,0.9998063445091248,True
660067,DoS attacks-GoldenEye,DoS attacks-GoldenEye,0.9998528957366943,True
662682,DoS attacks-GoldenEye,DoS attacks-GoldenEye,0.9998705387115479,True
664067,DoS attacks-GoldenEye,DoS attacks-GoldenEye,0.9999030828475952,True
664833,DoS attacks-GoldenEye,DoS attacks-GoldenEye,0.9994372725486755,True
665817,DoS attacks-GoldenEye,DoS attacks-GoldenEye,0.9999492168426514,True
669393,DoS attacks-GoldenEye,DoS attacks-GoldenEye,0.9999070167541504,True
673205,DoS attacks-GoldenEye,DoS attacks-GoldenEye,0.9999278783798218,True
674079,DoS attacks-GoldenEye,DoS attacks-GoldenEye,0.9998981952667236,True
676976,DoS attacks-GoldenEye,DoS attacks-GoldenEye,0.999915599822998,True
931,DoS attacks-Hulk,DoS attacks-Hulk,0.9995287656784058,True
1127,DoS attacks-Hulk,DoS attacks-Hulk,0.9995315074920654,True
1170,DoS attacks-Hulk,DoS attacks-Hulk,0.9995293617248535,True
18251,DoS attacks-Hulk,DoS attacks-Hulk,0.9993763566017151,True
21378,DoS attacks-Hulk,DoS attacks-Hulk,0.9995315074920654,True
25360,DoS attacks-Hulk,DoS attacks-Hulk,0.9995315074920654,True
28922,DoS attacks-Hulk,DoS attacks-Hulk,0.9995310306549072,True
33407,DoS attacks-Hulk,DoS attacks-Hulk,0.9995296001434326,True
35939,DoS attacks-Hulk,DoS attacks-Hulk,0.999529242515564,True
36121,DoS attacks-Hulk,DoS attacks-Hulk,0.999529242515564,True
42554,DoS attacks-Hulk,DoS attacks-Hulk,0.9995130300521851,True
45968,DoS attacks-Hulk,DoS attacks-Hulk,0.9995298385620117,True
71707,DoS attacks-Hulk,DoS attacks-Hulk,0.9995300769805908,True
72438,DoS attacks-Hulk,DoS attacks-Hulk,0.999530553817749,True
78174,DoS attacks-Hulk,DoS attacks-Hulk,0.9993836879730225,True
78418,DoS attacks-Hulk,DoS attacks-Hulk,0.9995287656784058,True
78603,DoS attacks-Hulk,DoS attacks-Hulk,0.9995294809341431,True
98123,DoS attacks-Hulk,DoS attacks-Hulk,0.9995203018188477,True
106629,DoS attacks-Hulk,DoS attacks-Hulk,0.9995300769805908,True
109384,DoS attacks-Hulk,DoS attacks-Hulk,0.9995298385620117,True
114489,DoS attacks-Hulk,DoS attacks-Hulk,0.9995301961898804,True
120340,DoS attacks-Hulk,DoS attacks-Hulk,0.9995301961898804,True
124643,DoS attacks-Hulk,DoS attacks-Hulk,0.9995297193527222,True
129840,DoS attacks-Hulk,DoS attacks-Hulk,0.9995301961898804,True
145132,DoS attacks-Hulk,DoS attacks-Hulk,0.9995315074920654,True
150830,DoS attacks-Hulk,DoS attacks-Hulk,0.999530553817749,True
161739,DoS attacks-Hulk,DoS attacks-Hulk,0.9995303153991699,True
169330,DoS attacks-Hulk,DoS attacks-Hulk,0.9995303153991699,True
172421,DoS attacks-Hulk,DoS attacks-Hulk,0.9995318651199341,True
175485,DoS attacks-Hulk,DoS attacks-Hulk,0.9995300769805908,True
179293,DoS attacks-Hulk,DoS attacks-Hulk,0.9995237588882446,True
184801,DoS attacks-Hulk,DoS attacks-Hulk,0.9995307922363281,True
186801,DoS attacks-Hulk,DoS attacks-Hulk,0.9995300769805908,True
192699,DoS attacks-Hulk,DoS attacks-Hulk,0.9995293617248535,True
198034,DoS attacks-Hulk,DoS attacks-Hulk,0.9995290040969849,True
203251,DoS attacks-Hulk,DoS attacks-Hulk,0.9995301961898804,True
205588,DoS attacks-Hulk,DoS attacks-Hulk,0.9995315074920654,True
209188,DoS attacks-Hulk,DoS attacks-Hulk,0.9995260238647461,True
209508,DoS attacks-Hulk,DoS attacks-Hulk,0.999530553817749,True
211459,DoS attacks-Hulk,DoS attacks-Hulk,0.9995297193527222,True
218353,DoS attacks-Hulk,DoS attacks-Hulk,0.9995301961898804,True
222450,DoS attacks-Hulk,DoS attacks-Hulk,0.9995318651199341,True
222797,DoS attacks-Hulk,DoS attacks-Hulk,0.9995297193527222,True
224627,DoS attacks-Hulk,DoS attacks-Hulk,0.9995318651199341,True
240437,DoS attacks-Hulk,DoS attacks-Hulk,0.9995237588882446,True
266734,DoS attacks-Hulk,DoS attacks-Hulk,0.999530553817749,True
273242,DoS attacks-Hulk,DoS attacks-Hulk,0.999529242515564,True
288251,DoS attacks-Hulk,DoS attacks-Hulk,0.9995297193527222,True
289469,DoS attacks-Hulk,DoS attacks-Hulk,0.9995291233062744,True
295838,DoS attacks-Hulk,DoS attacks-Hulk,0.9995301961898804,True
299704,DoS attacks-Hulk,DoS attacks-Hulk,0.999502420425415,True
303429,DoS attacks-Hulk,DoS attacks-Hulk,0.9995237588882446,True
311543,DoS attacks-Hulk,DoS attacks-Hulk,0.9995298385620117,True
315504,DoS attacks-Hulk,DoS attacks-Hulk,0.9984839558601379,True
325514,DoS attacks-Hulk,DoS attacks-Hulk,0.9995300769805908,True
329932,DoS attacks-Hulk,DoS attacks-Hulk,0.9995297193527222,True
339875,DoS attacks-Hulk,DoS attacks-Hulk,0.9995291233062744,True
340476,DoS attacks-Hulk,DoS attacks-Hulk,0.9995300769805908,True
353018,DoS attacks-Hulk,DoS attacks-Hulk,0.9995297193527222,True
355936,DoS attacks-Hulk,DoS attacks-Hulk,0.9995291233062744,True
358634,DoS attacks-Hulk,DoS attacks-Hulk,0.9993828535079956,True
390180,DoS attacks-Hulk,DoS attacks-Hulk,0.9995315074920654,True
390980,DoS attacks-Hulk,DoS attacks-Hulk,0.9995318651199341,True
398027,DoS attacks-Hulk,DoS attacks-Hulk,0.9995300769805908,True
406424,DoS attacks-Hulk,DoS attacks-Hulk,0.9995224475860596,True
409456,DoS attacks-Hulk,DoS attacks-Hulk,0.9995297193527222,True
410473,DoS attacks-Hulk,DoS attacks-Hulk,0.9995301961898804,True
430811,DoS attacks-Hulk,DoS attacks-Hulk,0.9995282888412476,True
441927,DoS attacks-Hulk,DoS attacks-Hulk,0.999453604221344,True
442875,DoS attacks-Hulk,DoS attacks-Hulk,0.9995300769805908,True
454595,DoS attacks-Hulk,DoS attacks-Hulk,0.9995303153991699,True
454714,DoS attacks-Hulk,DoS attacks-Hulk,0.9995315074920654,True
467662,DoS attacks-Hulk,DoS attacks-Hulk,0.9995300769805908,True
469528,DoS attacks-Hulk,DoS attacks-Hulk,0.9995124340057373,True
485988,DoS attacks-Hulk,DoS attacks-Hulk,0.9995237588882446,True
514999,DoS attacks-Hulk,DoS attacks-Hulk,0.9995293617248535,True
516353,DoS attacks-Hulk,DoS attacks-Hulk,0.9995301961898804,True
542197,DoS attacks-Hulk,DoS attacks-Hulk,0.9995284080505371,True
543252,DoS attacks-Hulk,DoS attacks-Hulk,0.9993845224380493,True
546301,DoS attacks-Hulk,DoS attacks-Hulk,0.9995300769805908,True
549486,DoS attacks-Hulk,DoS attacks-Hulk,0.9995284080505371,True
551756,DoS attacks-Hulk,DoS attacks-Hulk,0.9994804263114929,True
552499,DoS attacks-Hulk,DoS attacks-Hulk,0.9993911981582642,True
568242,DoS attacks-Hulk,DoS attacks-Hulk,0.9995203018188477,True
594591,DoS attacks-Hulk,DoS attacks-Hulk,0.9995306730270386,True
595335,DoS attacks-Hulk,DoS attacks-Hulk,0.9995298385620117,True
599978,DoS attacks-Hulk,DoS attacks-Hulk,0.9995282888412476,True
602579,DoS attacks-Hulk,DoS attacks-Hulk,0.999530553817749,True
610020,DoS attacks-Hulk,DoS attacks-Hulk,0.9995297193527222,True
627371,DoS attacks-Hulk,DoS attacks-Hulk,0.9995288848876953,True
630254,DoS attacks-Hulk,DoS attacks-Hulk,0.9995297193527222,True
653951,DoS attacks-Hulk,DoS attacks-Hulk,0.9995300769805908,True
656378,DoS attacks-Hulk,DoS attacks-Hulk,0.9995282888412476,True
664550,DoS attacks-Hulk,DoS attacks-Hulk,0.9995260238647461,True
668259,DoS attacks-Hulk,DoS attacks-Hulk,0.9995300769805908,True
671159,DoS attacks-Hulk,DoS attacks-Hulk,0.9995298385620117,True
683491,DoS attacks-Hulk,DoS attacks-Hulk,0.9995291233062744,True
687856,DoS attacks-Hulk,DoS attacks-Hulk,0.9995315074920654,True
695077,DoS attacks-Hulk,DoS attacks-Hulk,0.9995297193527222,True
699477,DoS attacks-Hulk,DoS attacks-Hulk,0.9995237588882446,True
1071,DoS attacks-SlowHTTPTest,DoS attacks-SlowHTTPTest,0.746105432510376,True
7705,DoS attacks-SlowHTTPTest,FTP-BruteForce,0.5865936875343323,False
12685,DoS attacks-SlowHTTPTest,DoS attacks-SlowHTTPTest,0.8724209070205688,True
13946,DoS attacks-SlowHTTPTest,DoS attacks-SlowHTTPTest,0.8116813898086548,True
14273,DoS attacks-SlowHTTPTest,DoS attacks-SlowHTTPTest,0.6444557309150696,True
25922,DoS attacks-SlowHTTPTest,FTP-BruteForce,0.6799230575561523,False
36398,DoS attacks-SlowHTTPTest,FTP-BruteForce,0.6799230575561523,False
37957,DoS attacks-SlowHTTPTest,DoS attacks-SlowHTTPTest,0.6444557309150696,True
41401,DoS attacks-SlowHTTPTest,FTP-BruteForce,0.6320557594299316,False
63607,DoS attacks-SlowHTTPTest,DoS attacks-SlowHTTPTest,0.746105432510376,True
67265,DoS attacks-SlowHTTPTest,FTP-BruteForce,0.5825915932655334,False
84344,DoS attacks-SlowHTTPTest,FTP-BruteForce,0.7044819593429565,False
85527,DoS attacks-SlowHTTPTest,DoS attacks-SlowHTTPTest,0.8116813898086548,True
88694,DoS attacks-SlowHTTPTest,DoS attacks-SlowHTTPTest,0.8116813898086548,True
91864,DoS attacks-SlowHTTPTest,DoS attacks-SlowHTTPTest,0.7348557710647583,True
94056,DoS attacks-SlowHTTPTest,FTP-BruteForce,0.5825915932655334,False
98672,DoS attacks-SlowHTTPTest,FTP-BruteForce,0.5865936875343323,False
99739,DoS attacks-SlowHTTPTest,FTP-BruteForce,0.5865936875343323,False
105283,DoS attacks-SlowHTTPTest,DoS attacks-SlowHTTPTest,0.746105432510376,True
108001,DoS attacks-SlowHTTPTest,DoS attacks-SlowHTTPTest,0.746105432510376,True
110222,DoS attacks-SlowHTTPTest,FTP-BruteForce,0.9211249947547913,False
113901,DoS attacks-SlowHTTPTest,FTP-BruteForce,0.7044819593429565,False
118456,DoS attacks-SlowHTTPTest,FTP-BruteForce,0.6799230575561523,False
124138,DoS attacks-SlowHTTPTest,FTP-BruteForce,0.5865936875343323,False
128912,DoS attacks-SlowHTTPTest,FTP-BruteForce,0.9316142797470093,False
131490,DoS attacks-SlowHTTPTest,DoS attacks-SlowHTTPTest,0.746105432510376,True
163706,DoS attacks-SlowHTTPTest,FTP-BruteForce,0.6320557594299316,False
164082,DoS attacks-SlowHTTPTest,DoS attacks-SlowHTTPTest,0.703143835067749,True
174899,DoS attacks-SlowHTTPTest,FTP-BruteForce,0.5865936875343323,False
180720,DoS attacks-SlowHTTPTest,FTP-BruteForce,0.6799230575561523,False
191069,DoS attacks-SlowHTTPTest,FTP-BruteForce,0.9211249947547913,False
209645,DoS attacks-SlowHTTPTest,DoS attacks-SlowHTTPTest,0.5996505618095398,True
209940,DoS attacks-SlowHTTPTest,FTP-BruteForce,0.6799230575561523,False
218188,DoS attacks-SlowHTTPTest,DoS attacks-SlowHTTPTest,0.746105432510376,True
240188,DoS attacks-SlowHTTPTest,FTP-BruteForce,0.5865936875343323,False
255965,DoS attacks-SlowHTTPTest,FTP-BruteForce,0.6320557594299316,False
258387,DoS attacks-SlowHTTPTest,DoS attacks-SlowHTTPTest,0.746105432510376,True
265444,DoS attacks-SlowHTTPTest,FTP-BruteForce,0.6320557594299316,False
274973,DoS attacks-SlowHTTPTest,DoS attacks-SlowHTTPTest,0.8724209070205688,True
285725,DoS attacks-SlowHTTPTest,DoS attacks-SlowHTTPTest,0.5996505618095398,True
289881,DoS attacks-SlowHTTPTest,FTP-BruteForce,0.6799230575561523,False
294736,DoS attacks-SlowHTTPTest,FTP-BruteForce,0.7044819593429565,False
302331,DoS attacks-SlowHTTPTest,FTP-BruteForce,0.584614634513855,False
308224,DoS attacks-SlowHTTPTest,FTP-BruteForce,0.6320557594299316,False
345687,DoS attacks-SlowHTTPTest,FTP-BruteForce,0.5865936875343323,False
362020,DoS attacks-SlowHTTPTest,FTP-BruteForce,0.6799230575561523,False
364971,DoS attacks-SlowHTTPTest,FTP-BruteForce,0.5559295415878296,False
366120,DoS attacks-SlowHTTPTest,FTP-BruteForce,0.9316142797470093,False
367222,DoS attacks-SlowHTTPTest,DoS attacks-SlowHTTPTest,0.5996505618095398,True
372207,DoS attacks-SlowHTTPTest,FTP-BruteForce,0.7044819593429565,False
377363,DoS attacks-SlowHTTPTest,DoS attacks-SlowHTTPTest,0.8724209070205688,True
384532,DoS attacks-SlowHTTPTest,FTP-BruteForce,0.6799230575561523,False
389769,DoS attacks-SlowHTTPTest,DoS attacks-SlowHTTPTest,0.5044364929199219,True
391731,DoS attacks-SlowHTTPTest,DoS attacks-SlowHTTPTest,0.746105432510376,True
394804,DoS attacks-SlowHTTPTest,FTP-BruteForce,0.7710193991661072,False
395555,DoS attacks-SlowHTTPTest,FTP-BruteForce,0.6799230575561523,False
397250,DoS attacks-SlowHTTPTest,FTP-BruteForce,0.6320557594299316,False
406663,DoS attacks-SlowHTTPTest,FTP-BruteForce,0.6320557594299316,False
409351,DoS attacks-SlowHTTPTest,FTP-BruteForce,0.8624077439308167,False
419175,DoS attacks-SlowHTTPTest,FTP-BruteForce,0.6799230575561523,False
420757,DoS attacks-SlowHTTPTest,FTP-BruteForce,0.6320557594299316,False
423616,DoS attacks-SlowHTTPTest,DoS attacks-SlowHTTPTest,0.6607139706611633,True
435164,DoS attacks-SlowHTTPTest,DoS attacks-SlowHTTPTest,0.5433461666107178,True
447988,DoS attacks-SlowHTTPTest,DoS attacks-SlowHTTPTest,0.6490340232849121,True
453862,DoS attacks-SlowHTTPTest,FTP-BruteForce,0.7044819593429565,False
466470,DoS attacks-SlowHTTPTest,FTP-BruteForce,0.5865936875343323,False
466946,DoS attacks-SlowHTTPTest,DoS attacks-SlowHTTPTest,0.5044364929199219,True
470478,DoS attacks-SlowHTTPTest,FTP-BruteForce,0.6320557594299316,False
471809,DoS attacks-SlowHTTPTest,FTP-BruteForce,0.8624077439308167,False
482370,DoS attacks-SlowHTTPTest,DoS attacks-SlowHTTPTest,0.7826076745986938,True
491819,DoS attacks-SlowHTTPTest,FTP-BruteForce,0.6799230575561523,False
491867,DoS attacks-SlowHTTPTest,DoS attacks-SlowHTTPTest,0.6607139706611633,True
497849,DoS attacks-SlowHTTPTest,FTP-BruteForce,0.6320557594299316,False
504010,DoS attacks-SlowHTTPTest,FTP-BruteForce,0.6799230575561523,False
523298,DoS attacks-SlowHTTPTest,FTP-BruteForce,0.5865936875343323,False
523417,DoS attacks-SlowHTTPTest,FTP-BruteForce,0.584614634513855,False
526447,DoS attacks-SlowHTTPTest,FTP-BruteForce,0.7044819593429565,False
528034,DoS attacks-SlowHTTPTest,FTP-BruteForce,0.6320557594299316,False
531583,DoS attacks-SlowHTTPTest,FTP-BruteForce,0.6320557594299316,False
541865,DoS attacks-SlowHTTPTest,FTP-BruteForce,0.5865936875343323,False
550546,DoS attacks-SlowHTTPTest,FTP-BruteForce,0.7044819593429565,False
557848,DoS attacks-SlowHTTPTest,DoS attacks-SlowHTTPTest,0.7348557710647583,True
561791,DoS attacks-SlowHTTPTest,FTP-BruteForce,0.5865936875343323,False
574787,DoS attacks-SlowHTTPTest,FTP-BruteForce,0.7044819593429565,False
583890,DoS attacks-SlowHTTPTest,FTP-BruteForce,0.5865936875343323,False
589376,DoS attacks-SlowHTTPTest,FTP-BruteForce,0.7044819593429565,False
600554,DoS attacks-SlowHTTPTest,FTP-BruteForce,0.5865936875343323,False
603794,DoS attacks-SlowHTTPTest,DoS attacks-SlowHTTPTest,0.8724209070205688,True
609460,DoS attacks-SlowHTTPTest,FTP-BruteForce,0.6799230575561523,False
615040,DoS attacks-SlowHTTPTest,FTP-BruteForce,0.6320557594299316,False
626259,DoS attacks-SlowHTTPTest,FTP-BruteForce,0.8422063589096069,False
628158,DoS attacks-SlowHTTPTest,FTP-BruteForce,0.6799230575561523,False
647542,DoS attacks-SlowHTTPTest,FTP-BruteForce,0.6799230575561523,False
658183,DoS attacks-SlowHTTPTest,FTP-BruteForce,0.7044819593429565,False
659010,DoS attacks-SlowHTTPTest,DoS attacks-SlowHTTPTest,0.6607139706611633,True
667263,DoS attacks-SlowHTTPTest,FTP-BruteForce,0.584614634513855,False
670052,DoS attacks-SlowHTTPTest,FTP-BruteForce,0.6320557594299316,False
674353,DoS attacks-SlowHTTPTest,DoS attacks-SlowHTTPTest,0.8724209070205688,True
681754,DoS attacks-SlowHTTPTest,FTP-BruteForce,0.6425468921661377,False
691066,DoS attacks-SlowHTTPTest,FTP-BruteForce,0.9630162119865417,False
7586,DoS attacks-Slowloris,DoS attacks-Slowloris,1.0,True
21300,DoS attacks-Slowloris,DoS attacks-Slowloris,1.0,True
26042,DoS attacks-Slowloris,DoS attacks-Slowloris,0.999943733215332,True
26534,DoS attacks-Slowloris,DoS attacks-Slowloris,0.9993170499801636,True
36090,DoS attacks-Slowloris,DoS attacks-Slowloris,1.0,True
39368,DoS attacks-Slowloris,DoS attacks-Slowloris,0.9994112253189087,True
41037,DoS attacks-Slowloris,DoS attacks-Slowloris,0.9991450309753418,True
47244,DoS attacks-Slowloris,DoS attacks-Slowloris,1.0,True
49137,DoS attacks-Slowloris,DoS attacks-Slowloris,1.0,True
62344,DoS attacks-Slowloris,DoS attacks-Slowloris,1.0,True
63710,DoS attacks-Slowloris,DoS attacks-Slowloris,0.9999641180038452,True
64457,DoS attacks-Slowloris,DoS attacks-Slowloris,1.0,True
65442,DoS attacks-Slowloris,DoS attacks-Slowloris,0.9999412298202515,True
65649,DoS attacks-Slowloris,DoS attacks-Slowloris,1.0,True
68559,DoS attacks-Slowloris,DoS attacks-Slowloris,0.9978494644165039,True
75233,DoS attacks-Slowloris,DoS attacks-Slowloris,0.9999492168426514,True
77260,DoS attacks-Slowloris,DoS attacks-Slowloris,0.9999219179153442,True
78890,DoS attacks-Slowloris,DoS attacks-Slowloris,0.997566819190979,True
85617,DoS attacks-Slowloris,DoS attacks-Slowloris,0.9987930059432983,True
102001,DoS attacks-Slowloris,DoS attacks-Slowloris,0.9993833303451538,True
104266,DoS attacks-Slowloris,DoS attacks-Slowloris,0.9999223947525024,True
110358,DoS attacks-Slowloris,DoS attacks-Slowloris,0.9999580383300781,True
116878,DoS attacks-Slowloris,DoS attacks-Slowloris,0.9999504089355469,True
119326,DoS attacks-Slowloris,DoS attacks-Slowloris,0.9999219179153442,True
120899,DoS attacks-Slowloris,DoS attacks-Slowloris,0.9999639987945557,True
123147,DoS attacks-Slowloris,DoS attacks-Slowloris,0.9978494644165039,True
131202,DoS attacks-Slowloris,DoS attacks-Slowloris,0.9990947246551514,True
134401,DoS attacks-Slowloris,DoS attacks-Slowloris,0.9999547004699707,True
145690,DoS attacks-Slowloris,DoS attacks-Slowloris,0.9953202605247498,True
148877,DoS attacks-Slowloris,DoS attacks-Slowloris,0.9999504089355469,True
154231,DoS attacks-Slowloris,DoS attacks-Slowloris,0.997566819190979,True
154483,DoS attacks-Slowloris,DoS attacks-Slowloris,0.997566819190979,True
155914,DoS attacks-Slowloris,DoS attacks-Slowloris,0.9999580383300781,True
160466,DoS attacks-Slowloris,DoS attacks-Slowloris,0.9999629259109497,True
164141,DoS attacks-Slowloris,DoS attacks-Slowloris,0.9999547004699707,True
172308,DoS attacks-Slowloris,DoS attacks-Slowloris,0.9987930059432983,True
176759,DoS attacks-Slowloris,DoS attacks-Slowloris,0.9999994039535522,True
182164,DoS attacks-Slowloris,DoS attacks-Slowloris,0.9999556541442871,True
197092,DoS attacks-Slowloris,DoS attacks-Slowloris,0.9999580383300781,True
198930,DoS attacks-Slowloris,DoS attacks-Slowloris,0.999943733215332,True
208427,DoS attacks-Slowloris,DoS attacks-Slowloris,0.999347984790802,True
223108,DoS attacks-Slowloris,DoS attacks-Slowloris,0.9999580383300781,True
244214,DoS attacks-Slowloris,DoS attacks-Slowloris,1.0,True
244530,DoS attacks-Slowloris,DoS attacks-Slowloris,0.9999544620513916,True
265885,DoS attacks-Slowloris,DoS attacks-Slowloris,0.9999580383300781,True
267175,DoS attacks-Slowloris,DoS attacks-Slowloris,1.0,True
270110,DoS attacks-Slowloris,DoS attacks-Slowloris,0.9996562004089355,True
273951,DoS attacks-Slowloris,DoS attacks-Slowloris,0.9999580383300781,True
277208,DoS attacks-Slowloris,DoS attacks-Slowloris,0.9999580383300781,True
283798,DoS attacks-Slowloris,DoS attacks-Slowloris,1.0,True
285723,DoS attacks-Slowloris,DoS attacks-Slowloris,0.997566819190979,True
292866,DoS attacks-Slowloris,DoS attacks-Slowloris,0.9999639987945557,True
296244,DoS attacks-Slowloris,DoS attacks-Slowloris,0.999998927116394,True
297166,DoS attacks-Slowloris,DoS attacks-Slowloris,0.997566819190979,True
301446,DoS attacks-Slowloris,DoS attacks-Slowloris,1.0,True
301790,DoS attacks-Slowloris,DoS attacks-Slowloris,0.9999591112136841,True
317337,DoS attacks-Slowloris,DoS attacks-Slowloris,0.9999687671661377,True
321899,DoS attacks-Slowloris,DoS attacks-Slowloris,0.997566819190979,True
337460,DoS attacks-Slowloris,DoS attacks-Slowloris,0.9999641180038452,True
353960,DoS attacks-Slowloris,DoS attacks-Slowloris,1.0,True
360226,DoS attacks-Slowloris,DoS attacks-Slowloris,0.9999504089355469,True
363736,DoS attacks-Slowloris,DoS attacks-Slowloris,0.9999504089355469,True
368177,DoS attacks-Slowloris,DoS attacks-Slowloris,0.9999645948410034,True
386515,DoS attacks-Slowloris,DoS attacks-Slowloris,1.0,True
397403,DoS attacks-Slowloris,DoS attacks-Slowloris,1.0,True
402013,DoS attacks-Slowloris,DoS attacks-Slowloris,0.999347984790802,True
419261,DoS attacks-Slowloris,DoS attacks-Slowloris,0.9999581575393677,True
421472,DoS attacks-Slowloris,DoS attacks-Slowloris,0.998063862323761,True
422784,DoS attacks-Slowloris,DoS attacks-Slowloris,0.997566819190979,True
437602,DoS attacks-Slowloris,DoS attacks-Slowloris,0.999995231628418,True
437912,DoS attacks-Slowloris,DoS attacks-Slowloris,0.9987930059432983,True
464739,DoS attacks-Slowloris,DoS attacks-Slowloris,0.9999650716781616,True
498997,DoS attacks-Slowloris,DoS attacks-Slowloris,0.9999645948410034,True
499490,DoS attacks-Slowloris,DoS attacks-Slowloris,1.0,True
501470,DoS attacks-Slowloris,DoS attacks-Slowloris,1.0,True
505240,DoS attacks-Slowloris,DoS attacks-Slowloris,1.0,True
505412,DoS attacks-Slowloris,DoS attacks-Slowloris,0.9999580383300781,True
521057,DoS attacks-Slowloris,DoS attacks-Slowloris,0.9962069988250732,True
524329,DoS attacks-Slowloris,DoS attacks-Slowloris,0.9999792575836182,True
535079,DoS attacks-Slowloris,DoS attacks-Slowloris,0.9979115128517151,True
543532,DoS attacks-Slowloris,DoS attacks-Slowloris,0.9999171495437622,True
554807,DoS attacks-Slowloris,DoS attacks-Slowloris,0.9987930059432983,True
559812,DoS attacks-Slowloris,DoS attacks-Slowloris,0.9998155236244202,True
560414,DoS attacks-Slowloris,DoS attacks-Slowloris,0.9993833303451538,True
565256,DoS attacks-Slowloris,DoS attacks-Slowloris,0.9987930059432983,True
565416,DoS attacks-Slowloris,DoS attacks-Slowloris,0.9993833303451538,True
580624,DoS attacks-Slowloris,DoS attacks-Slowloris,1.0,True
582483,DoS attacks-Slowloris,DoS attacks-Slowloris,1.0,True
600730,DoS attacks-Slowloris,DoS attacks-Slowloris,0.9999580383300781,True
600892,DoS attacks-Slowloris,DoS attacks-Slowloris,0.9999580383300781,True
608141,DoS attacks-Slowloris,DoS attacks-Slowloris,0.9999580383300781,True
609461,DoS attacks-Slowloris,DoS attacks-Slowloris,0.9999171495437622,True
613720,DoS attacks-Slowloris,DoS attacks-Slowloris,0.999943733215332,True
634987,DoS attacks-Slowloris,DoS attacks-Slowloris,0.997566819190979,True
640355,DoS attacks-Slowloris,DoS attacks-Slowloris,0.9953202605247498,True
647653,DoS attacks-Slowloris,DoS attacks-Slowloris,1.0,True
681440,DoS attacks-Slowloris,DoS attacks-Slowloris,0.999943733215332,True
682774,DoS attacks-Slowloris,DoS attacks-Slowloris,0.9999639987945557,True
689278,DoS attacks-Slowloris,DoS attacks-Slowloris,1.0,True
693292,DoS attacks-Slowloris,DoS attacks-Slowloris,0.9999629259109497,True
2031,FTP-BruteForce,FTP-BruteForce,0.8624077439308167,True
14986,FTP-BruteForce,FTP-BruteForce,0.5865936875343323,True
29814,FTP-BruteForce,FTP-BruteForce,0.6799230575561523,True
44367,FTP-BruteForce,FTP-BruteForce,0.584614634513855,True
52407,FTP-BruteForce,FTP-BruteForce,0.6320557594299316,True
67376,FTP-BruteForce,FTP-BruteForce,0.6799230575561523,True
68854,FTP-BruteForce,FTP-BruteForce,0.6799230575561523,True
91265,FTP-BruteForce,FTP-BruteForce,0.7710193991661072,True
91364,FTP-BruteForce,DoS attacks-SlowHTTPTest,0.5760107040405273,False
95356,FTP-BruteForce,DoS attacks-SlowHTTPTest,0.5044364929199219,False
110687,FTP-BruteForce,FTP-BruteForce,0.9316142797470093,True
110779,FTP-BruteForce,FTP-BruteForce,0.6320557594299316,True
111388,FTP-BruteForce,FTP-BruteForce,0.6320557594299316,True
126898,FTP-BruteForce,FTP-BruteForce,0.9211249947547913,True
129651,FTP-BruteForce,FTP-BruteForce,0.6799230575561523,True
140183,FTP-BruteForce,FTP-BruteForce,0.9131296277046204,True
186449,FTP-BruteForce,FTP-BruteForce,0.9630162119865417,True
197159,FTP-BruteForce,FTP-BruteForce,0.9316142797470093,True
197243,FTP-BruteForce,DoS attacks-SlowHTTPTest,0.746105432510376,False
197800,FTP-BruteForce,FTP-BruteForce,0.9630162119865417,True
200357,FTP-BruteForce,FTP-BruteForce,0.7710193991661072,True
202871,FTP-BruteForce,FTP-BruteForce,0.9211249947547913,True
210856,FTP-BruteForce,FTP-BruteForce,0.7710193991661072,True
212949,FTP-BruteForce,DoS attacks-SlowHTTPTest,0.746105432510376,False
216779,FTP-BruteForce,FTP-BruteForce,0.9316142797470093,True
222514,FTP-BruteForce,FTP-BruteForce,0.5865936875343323,True
231177,FTP-BruteForce,DoS attacks-SlowHTTPTest,0.5996505618095398,False
234687,FTP-BruteForce,FTP-BruteForce,0.6276692152023315,True
244272,FTP-BruteForce,FTP-BruteForce,0.9088281393051147,True
247162,FTP-BruteForce,FTP-BruteForce,0.6799230575561523,True
257427,FTP-BruteForce,FTP-BruteForce,0.6799230575561523,True
261303,FTP-BruteForce,FTP-BruteForce,0.9211249947547913,True
276960,FTP-BruteForce,FTP-BruteForce,0.9131296277046204,True
278703,FTP-BruteForce,FTP-BruteForce,0.7044819593429565,True
281137,FTP-BruteForce,FTP-BruteForce,0.6320557594299316,True
288765,FTP-BruteForce,FTP-BruteForce,0.6320557594299316,True
289197,FTP-BruteForce,DoS attacks-SlowHTTPTest,0.5996505618095398,False
292144,FTP-BruteForce,DoS attacks-SlowHTTPTest,0.5996505618095398,False
292880,FTP-BruteForce,DoS attacks-SlowHTTPTest,0.5760107040405273,False
302593,FTP-BruteForce,DoS attacks-SlowHTTPTest,0.5996505618095398,False
306345,FTP-BruteForce,FTP-BruteForce,0.8422063589096069,True
307159,FTP-BruteForce,FTP-BruteForce,0.9131296277046204,True
315862,FTP-BruteForce,FTP-BruteForce,0.5865936875343323,True
319237,FTP-BruteForce,FTP-BruteForce,0.9630162119865417,True
320940,FTP-BruteForce,DoS attacks-SlowHTTPTest,0.703143835067749,False
321094,FTP-BruteForce,FTP-BruteForce,0.9538615942001343,True
323541,FTP-BruteForce,FTP-BruteForce,0.9131296277046204,True
330423,FTP-BruteForce,FTP-BruteForce,0.7044819593429565,True
330578,FTP-BruteForce,FTP-BruteForce,0.9211249947547913,True
343987,FTP-BruteForce,FTP-BruteForce,0.9211249947547913,True
358821,FTP-BruteForce,DoS attacks-SlowHTTPTest,0.8724209070205688,False
366543,FTP-BruteForce,FTP-BruteForce,0.9088281393051147,True
366662,FTP-BruteForce,FTP-BruteForce,0.9316142797470093,True
371991,FTP-BruteForce,FTP-BruteForce,0.9316142797470093,True
379220,FTP-BruteForce,FTP-BruteForce,0.6320557594299316,True
384136,FTP-BruteForce,FTP-BruteForce,0.6799230575561523,True
392452,FTP-BruteForce,FTP-BruteForce,0.5865936875343323,True
406851,FTP-BruteForce,FTP-BruteForce,0.6320557594299316,True
413123,FTP-BruteForce,FTP-BruteForce,0.9316142797470093,True
416055,FTP-BruteForce,DoS attacks-SlowHTTPTest,0.5996505618095398,False
429318,FTP-BruteForce,FTP-BruteForce,0.6799230575561523,True
439173,FTP-BruteForce,FTP-BruteForce,0.9316142797470093,True
441291,FTP-BruteForce,FTP-BruteForce,0.9316142797470093,True
448846,FTP-BruteForce,FTP-BruteForce,0.6799230575561523,True
458267,FTP-BruteForce,FTP-BruteForce,0.9538615942001343,True
459340,FTP-BruteForce,FTP-BruteForce,0.6320557594299316,True
459873,FTP-BruteForce,FTP-BruteForce,0.6799230575561523,True
463180,FTP-BruteForce,DoS attacks-SlowHTTPTest,0.5996505618095398,False
464868,FTP-BruteForce,FTP-BruteForce,0.9211249947547913,True
468962,FTP-BruteForce,FTP-BruteForce,0.6320557594299316,True
470805,FTP-BruteForce,FTP-BruteForce,0.9538615942001343,True
471936,FTP-BruteForce,FTP-BruteForce,0.6320557594299316,True
490272,FTP-BruteForce,FTP-BruteForce,0.7044819593429565,True
498342,FTP-BruteForce,FTP-BruteForce,0.6799230575561523,True
499837,FTP-BruteForce,FTP-BruteForce,0.6799230575561523,True
501996,FTP-BruteForce,FTP-BruteForce,0.9088281393051147,True
502996,FTP-BruteForce,FTP-BruteForce,0.6320557594299316,True
506851,FTP-BruteForce,DoS attacks-SlowHTTPTest,0.6607139706611633,False
512569,FTP-BruteForce,FTP-BruteForce,0.6018196940422058,True
514171,FTP-BruteForce,FTP-BruteForce,0.9211249947547913,True
514465,FTP-BruteForce,FTP-BruteForce,0.9630162119865417,True
515870,FTP-BruteForce,FTP-BruteForce,0.9538615942001343,True
517481,FTP-BruteForce,FTP-BruteForce,0.6799230575561523,True
519779,FTP-BruteForce,FTP-BruteForce,0.9630162119865417,True
521894,FTP-BruteForce,FTP-BruteForce,0.9211249947547913,True
543202,FTP-BruteForce,FTP-BruteForce,0.9211249947547913,True
549881,FTP-BruteForce,FTP-BruteForce,0.6320557594299316,True
581397,FTP-BruteForce,FTP-BruteForce,0.9538615942001343,True
586268,FTP-BruteForce,FTP-BruteForce,0.9316142797470093,True
601558,FTP-BruteForce,FTP-BruteForce,0.9211249947547913,True
616576,FTP-BruteForce,FTP-BruteForce,0.7044819593429565,True
620441,FTP-BruteForce,FTP-BruteForce,0.6320557594299316,True
629903,FTP-BruteForce,FTP-BruteForce,0.9211249947547913,True
629988,FTP-BruteForce,FTP-BruteForce,0.9211249947547913,True
653327,FTP-BruteForce,FTP-BruteForce,0.6799230575561523,True
655883,FTP-BruteForce,FTP-BruteForce,0.6799230575561523,True
679271,FTP-BruteForce,FTP-BruteForce,0.7224168181419373,True
681375,FTP-BruteForce,FTP-BruteForce,0.9211249947547913,True
683039,FTP-BruteForce,FTP-BruteForce,0.5865936875343323,True
687036,FTP-BruteForce,FTP-BruteForce,0.5865936875343323,True
850,Infilteration,Benign,0.9691821932792664,False
5168,Infilteration,Benign,0.9710199236869812,False
17406,Infilteration,Benign,0.9715677499771118,False
18793,Infilteration,Benign,0.920097827911377,False
23166,Infilteration,Benign,0.529470682144165,False
28502,Infilteration,Benign,0.966163158416748,False
37222,Infilteration,Benign,0.529470682144165,False
48920,Infilteration,Benign,0.9340596795082092,False
66623,Infilteration,Infilteration,0.6253158450126648,True
74919,Infilteration,Benign,0.956602156162262,False
78638,Infilteration,Benign,0.9699158072471619,False
81246,Infilteration,Benign,0.9810060262680054,False
81343,Infilteration,Benign,0.9450728297233582,False
83540,Infilteration,Benign,0.5299848318099976,False
95283,Infilteration,Infilteration,0.6373608708381653,True
98249,Infilteration,Benign,0.5680467486381531,False
98394,Infilteration,Benign,0.9657384753227234,False
109251,Infilteration,Benign,0.9549093246459961,False
110863,Infilteration,Benign,0.9615486264228821,False
118883,Infilteration,Benign,0.958588182926178,False
124505,Infilteration,Benign,0.9680155515670776,False
125655,Infilteration,Benign,0.5031120777130127,False
134703,Infilteration,Infilteration,0.5387879014015198,True
148614,Infilteration,Infilteration,0.6974655389785767,True
154291,Infilteration,Benign,0.5172109007835388,False
158206,Infilteration,Benign,0.9814494252204895,False
165573,Infilteration,Infilteration,0.6656389832496643,True
172712,Infilteration,Benign,0.9697998762130737,False
176229,Infilteration,Benign,0.9220525026321411,False
190670,Infilteration,Benign,0.9765021800994873,False
200623,Infilteration,Benign,0.9596220254898071,False
200894,Infilteration,Benign,0.9549390077590942,False
202802,Infilteration,Benign,0.9662333726882935,False
203089,Infilteration,Benign,0.9691821932792664,False
207578,Infilteration,Benign,0.6497746109962463,False
208642,Infilteration,Benign,0.9519251585006714,False
222690,Infilteration,Benign,0.8645592927932739,False
223721,Infilteration,Benign,0.9864126443862915,False
226182,Infilteration,Benign,0.9551271796226501,False
232823,Infilteration,Benign,0.5294619798660278,False
246025,Infilteration,Benign,0.9538058638572693,False
250559,Infilteration,Benign,0.9623463749885559,False
252669,Infilteration,Infilteration,0.6702803373336792,True
255685,Infilteration,Benign,0.9230992197990417,False
270265,Infilteration,Infilteration,0.7052997350692749,True
278766,Infilteration,Benign,0.9718264937400818,False
284638,Infilteration,Benign,0.9286755323410034,False
294098,Infilteration,Benign,0.9586568474769592,False
295395,Infilteration,Benign,0.543639063835144,False
297623,Infilteration,Benign,0.9745138883590698,False
312727,Infilteration,Benign,0.9114203453063965,False
314695,Infilteration,Benign,0.9575647115707397,False
315095,Infilteration,Benign,0.5446112751960754,False
321646,Infilteration,Benign,0.9610180258750916,False
330667,Infilteration,Benign,0.9813398718833923,False
348185,Infilteration,Benign,0.7815564274787903,False
352085,Infilteration,Benign,0.971521258354187,False
359605,Infilteration,Benign,0.9825323820114136,False
384104,Infilteration,Benign,0.7948483824729919,False
396205,Infilteration,Benign,0.966936469078064,False
400666,Infilteration,Benign,0.9710374474525452,False
406788,Infilteration,Infilteration,0.6872065663337708,True
409793,Infilteration,Benign,0.5299841165542603,False
421356,Infilteration,Benign,0.9709452986717224,False
433226,Infilteration,Benign,0.9526293277740479,False
441871,Infilteration,Benign,0.9246955513954163,False
457162,Infilteration,Benign,0.9648767709732056,False
458616,Infilteration,Benign,0.9610072374343872,False
464943,Infilteration,Infilteration,0.6640730500221252,True
472146,Infilteration,Infilteration,0.8356557488441467,True
478207,Infilteration,Benign,0.5172109007835388,False
479119,Infilteration,Benign,0.6018165946006775,False
480885,Infilteration,Benign,0.5299841165542603,False
488637,Infilteration,Infilteration,0.8989245295524597,True
497001,Infilteration,Benign,0.5235363841056824,False
510189,Infilteration,Benign,0.9830368161201477,False
534321,Infilteration,Benign,0.8317853808403015,False
540297,Infilteration,Benign,0.9750698804855347,False
552417,Infilteration,Infilteration,0.5251261591911316,True
552907,Infilteration,Benign,0.5210061073303223,False
556391,Infilteration,Benign,0.6952617168426514,False
557853,Infilteration,Benign,0.9749789834022522,False
569261,Infilteration,Benign,0.941919207572937,False
576155,Infilteration,Benign,0.8916072845458984,False
581941,Infilteration,Benign,0.5202411413192749,False
583406,Infilteration,Benign,0.9660605192184448,False
585066,Infilteration,Benign,0.9930429458618164,False
598110,Infilteration,Benign,0.9538402557373047,False
611124,Infilteration,Benign,0.9637062549591064,False
616267,Infilteration,Infilteration,0.8196123838424683,True
633493,Infilteration,Infilteration,0.670086681842804,True
649006,Infilteration,Benign,0.968982458114624,False
653096,Infilteration,Benign,0.5269344449043274,False
654121,Infilteration,Benign,0.7211321592330933,False
657262,Infilteration,Benign,0.9748538732528687,False
681495,Infilteration,Benign,0.976593017578125,False
682893,Infilteration,Benign,0.9414146542549133,False
692944,Infilteration,Benign,0.5095502734184265,False
695561,Infilteration,Benign,0.9075716733932495,False
698152,Infilteration,Benign,0.9648767709732056,False
46168,SQL Injection,SQL Injection,0.8203403949737549,True
59485,SQL Injection,Brute Force -Web,0.9187692999839783,False
68799,SQL Injection,SQL Injection,0.9755669832229614,True
74289,SQL Injection,Brute Force -Web,0.9828284382820129,False
155941,SQL Injection,SQL Injection,0.9810612201690674,True
158360,SQL Injection,Brute Force -Web,0.8445165157318115,False
166311,SQL Injection,SQL Injection,0.8144018650054932,True
211181,SQL Injection,Brute Force -Web,0.9187692999839783,False
239166,SQL Injection,Brute Force -Web,0.524604082107544,False
265648,SQL Injection,Benign,0.6039451360702515,False
294434,SQL Injection,SQL Injection,0.9841470718383789,True
358097,SQL Injection,SQL Injection,0.9570021629333496,True
379791,SQL Injection,SQL Injection,0.9223103523254395,True
404988,SQL Injection,Brute Force -Web,0.9066691398620605,False
415297,SQL Injection,SQL Injection,0.9785006642341614,True
514970,SQL Injection,Brute Force -Web,0.9187692999839783,False
557077,SQL Injection,SQL Injection,0.9779620170593262,True
700,SSH-Bruteforce,SSH-Bruteforce,0.9995953440666199,True
3615,SSH-Bruteforce,SSH-Bruteforce,0.9995830655097961,True
6532,SSH-Bruteforce,SSH-Bruteforce,0.9995954632759094,True
18306,SSH-Bruteforce,SSH-Bruteforce,0.9995930790901184,True
18567,SSH-Bruteforce,SSH-Bruteforce,0.9995964169502258,True
34761,SSH-Bruteforce,SSH-Bruteforce,0.9995951056480408,True
38683,SSH-Bruteforce,SSH-Bruteforce,0.9995954632759094,True
41679,SSH-Bruteforce,SSH-Bruteforce,0.9995912909507751,True
46154,SSH-Bruteforce,SSH-Bruteforce,0.9995957016944885,True
53758,SSH-Bruteforce,SSH-Bruteforce,0.9995962977409363,True
65720,SSH-Bruteforce,SSH-Bruteforce,0.9995445609092712,True
69155,SSH-Bruteforce,SSH-Bruteforce,0.999591052532196,True
71804,SSH-Bruteforce,SSH-Bruteforce,0.9995904564857483,True
72552,SSH-Bruteforce,SSH-Bruteforce,0.9995952248573303,True
89189,SSH-Bruteforce,SSH-Bruteforce,0.9995912909507751,True
91729,SSH-Bruteforce,SSH-Bruteforce,0.9995961785316467,True
105863,SSH-Bruteforce,SSH-Bruteforce,0.9995959401130676,True
108676,SSH-Bruteforce,SSH-Bruteforce,0.9995961785316467,True
115009,SSH-Bruteforce,SSH-Bruteforce,0.9995906949043274,True
118301,SSH-Bruteforce,SSH-Bruteforce,0.9995962977409363,True
120869,SSH-Bruteforce,SSH-Bruteforce,0.9995958209037781,True
128499,SSH-Bruteforce,SSH-Bruteforce,0.9995958209037781,True
132093,SSH-Bruteforce,SSH-Bruteforce,0.9995959401130676,True
140273,SSH-Bruteforce,SSH-Bruteforce,0.999595582485199,True
144566,SSH-Bruteforce,SSH-Bruteforce,0.999562680721283,True
146352,SSH-Bruteforce,SSH-Bruteforce,0.9995906949043274,True
147149,SSH-Bruteforce,SSH-Bruteforce,0.999595582485199,True
149972,SSH-Bruteforce,SSH-Bruteforce,0.9995961785316467,True
166815,SSH-Bruteforce,SSH-Bruteforce,0.9995914101600647,True
170698,SSH-Bruteforce,SSH-Bruteforce,0.9995939135551453,True
176656,SSH-Bruteforce,SSH-Bruteforce,0.9995959401130676,True
178179,SSH-Bruteforce,SSH-Bruteforce,0.9995962977409363,True
185649,SSH-Bruteforce,SSH-Bruteforce,0.999595582485199,True
197309,SSH-Bruteforce,SSH-Bruteforce,0.999591052532196,True
197350,SSH-Bruteforce,SSH-Bruteforce,0.9995953440666199,True
207278,SSH-Bruteforce,SSH-Bruteforce,0.9995960593223572,True
216128,SSH-Bruteforce,SSH-Bruteforce,0.9981322884559631,True
220751,SSH-Bruteforce,SSH-Bruteforce,0.9995445609092712,True
234638,SSH-Bruteforce,SSH-Bruteforce,0.9988442659378052,True
237186,SSH-Bruteforce,SSH-Bruteforce,0.9995960593223572,True
239077,SSH-Bruteforce,SSH-Bruteforce,0.9995960593223572,True
248240,SSH-Bruteforce,SSH-Bruteforce,0.9995953440666199,True
253627,SSH-Bruteforce,SSH-Bruteforce,0.9995962977409363,True
255004,SSH-Bruteforce,SSH-Bruteforce,0.9889357686042786,True
262642,SSH-Bruteforce,SSH-Bruteforce,0.9995954632759094,True
264254,SSH-Bruteforce,SSH-Bruteforce,0.9995912909507751,True
286658,SSH-Bruteforce,SSH-Bruteforce,0.9995915293693542,True
287729,SSH-Bruteforce,SSH-Bruteforce,0.9995936751365662,True
292441,SSH-Bruteforce,SSH-Bruteforce,0.9995959401130676,True
311164,SSH-Bruteforce,SSH-Bruteforce,0.9995912909507751,True
312349,SSH-Bruteforce,SSH-Bruteforce,0.9995911717414856,True
320545,SSH-Bruteforce,SSH-Bruteforce,0.9995961785316467,True
322400,SSH-Bruteforce,SSH-Bruteforce,0.999595582485199,True
326393,SSH-Bruteforce,SSH-Bruteforce,0.9995453953742981,True
326877,SSH-Bruteforce,SSH-Bruteforce,0.9995953440666199,True
329911,SSH-Bruteforce,SSH-Bruteforce,0.9996021389961243,True
330142,SSH-Bruteforce,SSH-Bruteforce,0.9995453953742981,True
331268,SSH-Bruteforce,SSH-Bruteforce,0.9995951056480408,True
338060,SSH-Bruteforce,SSH-Bruteforce,0.9995912909507751,True
364927,SSH-Bruteforce,SSH-Bruteforce,0.9995952248573303,True
366374,SSH-Bruteforce,SSH-Bruteforce,0.999595582485199,True
370476,SSH-Bruteforce,SSH-Bruteforce,0.9995453953742981,True
384401,SSH-Bruteforce,SSH-Bruteforce,0.9994158744812012,True
392295,SSH-Bruteforce,SSH-Bruteforce,0.9995954632759094,True
394399,SSH-Bruteforce,SSH-Bruteforce,0.9995959401130676,True
394609,SSH-Bruteforce,SSH-Bruteforce,0.9995911717414856,True
409941,SSH-Bruteforce,SSH-Bruteforce,0.9995914101600647,True
419103,SSH-Bruteforce,SSH-Bruteforce,0.9995908141136169,True
419955,SSH-Bruteforce,SSH-Bruteforce,0.9995170831680298,True
431716,SSH-Bruteforce,SSH-Bruteforce,0.9995871186256409,True
434728,SSH-Bruteforce,SSH-Bruteforce,0.9995911717414856,True
449710,SSH-Bruteforce,SSH-Bruteforce,0.9995912909507751,True
455128,SSH-Bruteforce,SSH-Bruteforce,0.9995958209037781,True
459322,SSH-Bruteforce,SSH-Bruteforce,0.9995453953742981,True
459759,SSH-Bruteforce,SSH-Bruteforce,0.9995906949043274,True
474837,SSH-Bruteforce,SSH-Bruteforce,0.9995953440666199,True
479497,SSH-Bruteforce,SSH-Bruteforce,0.999595582485199,True
496963,SSH-Bruteforce,SSH-Bruteforce,0.9995953440666199,True
513187,SSH-Bruteforce,SSH-Bruteforce,0.9995962977409363,True
521774,SSH-Bruteforce,SSH-Bruteforce,0.9995960593223572,True
529046,SSH-Bruteforce,SSH-Bruteforce,0.9995905756950378,True
530712,SSH-Bruteforce,SSH-Bruteforce,0.9994950294494629,True
544121,SSH-Bruteforce,SSH-Bruteforce,0.9995453953742981,True
547214,SSH-Bruteforce,SSH-Bruteforce,0.9995952248573303,True
577853,SSH-Bruteforce,SSH-Bruteforce,0.9995965361595154,True
578272,SSH-Bruteforce,SSH-Bruteforce,0.999595582485199,True
582255,SSH-Bruteforce,SSH-Bruteforce,0.9995170831680298,True
588968,SSH-Bruteforce,SSH-Bruteforce,0.9995445609092712,True
589935,SSH-Bruteforce,SSH-Bruteforce,0.9995965361595154,True
591621,SSH-Bruteforce,SSH-Bruteforce,0.9995958209037781,True
604435,SSH-Bruteforce,SSH-Bruteforce,0.9995445609092712,True
608020,SSH-Bruteforce,SSH-Bruteforce,0.9995917677879333,True
623534,SSH-Bruteforce,SSH-Bruteforce,0.9995957016944885,True
626096,SSH-Bruteforce,SSH-Bruteforce,0.9995960593223572,True
649553,SSH-Bruteforce,SSH-Bruteforce,0.9995446801185608,True
656508,SSH-Bruteforce,SSH-Bruteforce,0.9995928406715393,True
660211,SSH-Bruteforce,SSH-Bruteforce,0.9995957016944885,True
665712,SSH-Bruteforce,SSH-Bruteforce,0.9995453953742981,True
698290,SSH-Bruteforce,SSH-Bruteforce,0.9995953440666199,True
699715,SSH-Bruteforce,SSH-Bruteforce,0.9995453953742981,True
