true_label,N,shap_precision_at_5_mean,shap_precision_at_5_median,lime_precision_at_5_mean,lime_precision_at_5_median
Benign,100,0.20199999999999996,0.2,0.09599999999999997,0.0
Bot,100,0.19999999999999996,0.2,0.204,0.2
Brute Force -Web,86,0.2162790697674418,0.2,0.11627906976744184,0.0
Brute Force -XSS,44,0.3772727272727273,0.30000000000000004,0.06363636363636363,0.0
DDOS attack-HOIC,100,0.008,0.0,0.034,0.0
DDOS attack-LOIC-UDP,100,0.07200000000000001,0.0,0.19799999999999998,0.2
DDoS attacks-LOIC-HTTP,100,0.31199999999999994,0.4,0.22999999999999995,0.2
DoS attacks-GoldenEye,100,0.14,0.0,0.07,0.0
DoS attacks-Hulk,100,0.0,0.0,0.17799999999999996,0.2
DoS attacks-SlowHTTPTest,100,0.278,0.2,0.064,0.0
DoS attacks-Slowloris,100,0.008,0.0,0.024000000000000004,0.0
FTP-BruteForce,100,0.21199999999999997,0.2,0.05600000000000001,0.0
Infilteration,100,0.19799999999999998,0.2,0.008,0.0
SQL Injection,9,0.24444444444444446,0.2,0.08888888888888889,0.0
SSH-Bruteforce,100,0.332,0.4,0.22799999999999998,0.2
