sample_id,true_label,predicted_label,predicted_probability,local_r2
303,Infilteration,Infilteration,0.5022052,0.09910154394586534
700,SSH-Bruteforce,SSH-Bruteforce,0.99959534,0.1072808435543805
861,DDOS attack-LOIC-UDP,DDOS attack-LOIC-UDP,0.80944604,0.491339236760549
984,DoS attacks-SlowHTTPTest,DoS attacks-SlowHTTPTest,0.8724209,0.030247702980535363
1127,DoS attacks-Hulk,DoS attacks-Hulk,0.9995315,0.3580509894201589
1582,Brute Force -Web,Brute Force -Web,0.9009973,0.021122740435017384
1650,FTP-BruteForce,FTP-BruteForce,0.9630162,0.029766588161966312
2031,FTP-BruteForce,FTP-BruteForce,0.86240774,0.029916972179567236
2436,DoS attacks-SlowHTTPTest,DoS attacks-SlowHTTPTest,0.59965056,0.029979271401717522
2615,DDOS attack-LOIC-UDP,DDOS attack-LOIC-UDP,0.9899682,0.47923747726639443
2967,DDoS attacks-LOIC-HTTP,DDoS attacks-LOIC-HTTP,0.99914694,0.06108928223118992
4054,Brute Force -Web,Brute Force -Web,0.90666044,0.024134731226151063
4725,Brute Force -XSS,Brute Force -XSS,0.97975737,0.04932596500228725
4820,DDOS attack-HOIC,DDOS attack-HOIC,0.9994209,0.04713520345004685
5384,DoS attacks-GoldenEye,DoS attacks-GoldenEye,0.9999156,0.06783817632415334
5639,Infilteration,Infilteration,0.6767924,0.09613865604037564
6075,DoS attacks-GoldenEye,DoS attacks-GoldenEye,0.9999107,0.07224886799183017
6520,SSH-Bruteforce,SSH-Bruteforce,0.9995913,0.11988627044805034
7494,Bot,Bot,0.9989231,0.06962581515771671
7586,DoS attacks-Slowloris,DoS attacks-Slowloris,1.0,0.06397518166484917
8334,DoS attacks-Slowloris,DoS attacks-Slowloris,0.99873585,0.031138411571143942
11309,Brute Force -Web,Brute Force -Web,0.9901516,0.05918084829829895
11327,DDoS attacks-LOIC-HTTP,DDoS attacks-LOIC-HTTP,0.99915934,0.05686241668649672
11897,DoS attacks-GoldenEye,DoS attacks-GoldenEye,0.99992955,0.099852721612118
11942,DDOS attack-HOIC,DDOS attack-HOIC,0.99947196,0.049229578008388675
12365,Brute Force -Web,Brute Force -Web,0.9844759,0.05746465464798989
12474,DoS attacks-Hulk,DoS attacks-Hulk,0.99952924,0.3798386482316084
12685,DoS attacks-SlowHTTPTest,DoS attacks-SlowHTTPTest,0.8724209,0.029272826254307716
13941,DoS attacks-SlowHTTPTest,DoS attacks-SlowHTTPTest,0.660714,0.030342581414172787
14421,DDOS attack-HOIC,DDOS attack-HOIC,0.99942136,0.049327386269900075
15658,Brute Force -XSS,Brute Force -XSS,0.9819301,0.047734481612316526
15730,Bot,Bot,0.998621,0.08904315118779405
15815,Infilteration,Infilteration,0.5219393,0.09428416353574776
16330,DoS attacks-SlowHTTPTest,DoS attacks-SlowHTTPTest,0.8724209,0.03070491667095132
16360,Bot,Bot,0.998621,0.05483651193100725
17894,Infilteration,Infilteration,0.63797796,0.0800253892123638
18263,DoS attacks-Hulk,DoS attacks-Hulk,0.9995301,0.3123115963771721
18529,DoS attacks-GoldenEye,DoS attacks-GoldenEye,0.99990344,0.0903742212829689
18565,SSH-Bruteforce,SSH-Bruteforce,0.9995956,0.11019850249839336
19041,DoS attacks-Slowloris,DoS attacks-Slowloris,0.99669397,0.0367153802985033
19068,Brute Force -XSS,Brute Force -XSS,0.9819301,0.0485696887416045
20056,Brute Force -XSS,Brute Force -XSS,0.9819301,0.04948333333198074
20922,Brute Force -Web,Brute Force -Web,0.98319936,0.052944470983951275
21549,DoS attacks-GoldenEye,DoS attacks-GoldenEye,0.9999156,0.06855899917468855
22156,Infilteration,Infilteration,0.6181526,0.08289220665664732
22619,SSH-Bruteforce,SSH-Bruteforce,0.99959606,0.11558541069046258
25008,Infilteration,Infilteration,0.5662292,0.10256933120134004
25514,DDoS attacks-LOIC-HTTP,DDoS attacks-LOIC-HTTP,0.99915934,0.061693880584927974
26534,DoS attacks-Slowloris,DoS attacks-Slowloris,0.99931705,0.032270818746242824
26662,Brute Force -Web,Brute Force -Web,0.98625875,0.05212938843311199
27062,DoS attacks-Slowloris,DoS attacks-Slowloris,0.999964,0.06417458777321672
27360,Bot,Bot,0.9988759,0.07412284510368106
27421,Brute Force -XSS,Brute Force -XSS,0.97770655,0.04816992084535132
29535,Brute Force -Web,Brute Force -Web,0.99034554,0.04702788598801555
29876,DDoS attacks-LOIC-HTTP,DDoS attacks-LOIC-HTTP,0.99914026,0.050083193953629035
30092,DDOS attack-LOIC-UDP,DDOS attack-LOIC-UDP,0.9930734,0.50201873007074
30203,FTP-BruteForce,FTP-BruteForce,0.921125,0.031195916497935516
30266,DDOS attack-HOIC,DDOS attack-HOIC,0.99942064,0.03793091008994831
30494,Benign,Benign,0.9695883,0.15103750918580627
30515,Bot,Bot,0.99861693,0.048961876720463926
30625,DoS attacks-SlowHTTPTest,DoS attacks-SlowHTTPTest,0.74610543,0.029822380542033566
31109,SSH-Bruteforce,SSH-Bruteforce,0.99959105,0.11138012212175097
31250,DoS attacks-SlowHTTPTest,DoS attacks-SlowHTTPTest,0.74610543,0.031235005396793136
34009,DDOS attack-HOIC,DDOS attack-HOIC,0.99949884,0.05621043941980097
34569,FTP-BruteForce,FTP-BruteForce,0.90882814,0.029941932685855654
35439,SSH-Bruteforce,SSH-Bruteforce,0.9995956,0.10643286127038587
36375,FTP-BruteForce,FTP-BruteForce,0.9316143,0.03003526657315525
36676,DDoS attacks-LOIC-HTTP,DDoS attacks-LOIC-HTTP,0.9984383,0.06286596382458054
36786,DoS attacks-Slowloris,DoS attacks-Slowloris,0.9999492,0.05763430436166561
37220,DDOS attack-HOIC,DDOS attack-HOIC,0.999419,0.0401831288998864
37352,Infilteration,Infilteration,0.62668705,0.08692122526073043
37835,DDoS attacks-LOIC-HTTP,DDoS attacks-LOIC-HTTP,0.9991611,0.06046095247228733
38659,DDOS attack-HOIC,DDOS attack-HOIC,0.99948466,0.04468447747571247
38663,SSH-Bruteforce,SSH-Bruteforce,0.9995454,0.10582918875995284
39368,DoS attacks-Slowloris,DoS attacks-Slowloris,0.9994112,0.035596476845431546
39658,FTP-BruteForce,FTP-BruteForce,0.67992306,0.03136398712606714
40324,Brute Force -XSS,Brute Force -XSS,0.9819387,0.04845821191070643
41624,SSH-Bruteforce,SSH-Bruteforce,0.99959606,0.09982475534209179
42318,DoS attacks-Hulk,DoS attacks-Hulk,0.99953055,0.20284308404678109
42573,Brute Force -Web,Brute Force -Web,0.98756766,0.025185256602994532
42662,DoS attacks-Hulk,DoS attacks-Hulk,0.9995315,0.3606575306070404
42976,DoS attacks-Slowloris,DoS attacks-Slowloris,0.99914503,0.055875184495334684
44610,Benign,Benign,0.9946226,0.3786171994826395
44772,DDOS attack-LOIC-UDP,DDOS attack-LOIC-UDP,0.99033606,0.49941764547461653
44912,FTP-BruteForce,FTP-BruteForce,0.9316143,0.03161455998678475
45365,DoS attacks-GoldenEye,DoS attacks-GoldenEye,0.9999194,0.08626246066932863
46134,SSH-Bruteforce,SSH-Bruteforce,0.99959177,0.11312219237930199
46149,DDOS attack-HOIC,DDOS attack-HOIC,0.99941885,0.04084019113375836
46168,SQL Injection,SQL Injection,0.8203404,0.04677398904543406
46271,Bot,Bot,0.998621,0.05282907782583868
47132,DoS attacks-Hulk,DoS attacks-Hulk,0.99938464,0.17714853348922222
47530,Benign,Benign,0.9804082,0.16125235212766909
47574,DoS attacks-SlowHTTPTest,DoS attacks-SlowHTTPTest,0.74610543,0.029757027130818514
48513,DDoS attacks-LOIC-HTTP,DDoS attacks-LOIC-HTTP,0.9991549,0.044532056556959576
48852,Infilteration,Infilteration,0.6700867,0.09014944019925664
49395,DoS attacks-SlowHTTPTest,DoS attacks-SlowHTTPTest,0.8724209,0.031422719469875626
49728,Brute Force -Web,Brute Force -Web,0.99035794,0.052798100266658765
50246,DoS attacks-SlowHTTPTest,DoS attacks-SlowHTTPTest,0.8724209,0.03083238214292383
50452,DoS attacks-SlowHTTPTest,DoS attacks-SlowHTTPTest,0.74610543,0.031201155697606064
51441,FTP-BruteForce,FTP-BruteForce,0.7710194,0.02926838065836712
53381,SSH-Bruteforce,SSH-Bruteforce,0.9995454,0.10676482741937876
53520,Benign,Benign,0.999811,0.09161741293113723
53528,FTP-BruteForce,FTP-BruteForce,0.5825916,0.029839310357514526
53657,DDOS attack-LOIC-UDP,DDOS attack-LOIC-UDP,0.7815631,0.48426608224224466
53684,DoS attacks-Slowloris,DoS attacks-Slowloris,0.9999558,0.039012041125367936
55630,DDOS attack-LOIC-UDP,DDOS attack-LOIC-UDP,0.9876166,0.486136824323971
56676,DDOS attack-LOIC-UDP,DDOS attack-LOIC-UDP,0.98757184,0.47995527008262473
57732,DoS attacks-Hulk,DoS attacks-Hulk,0.99953127,0.18907110064228205
58379,DDOS attack-LOIC-UDP,DDOS attack-LOIC-UDP,0.99245703,0.48440525232305465
58671,DoS attacks-SlowHTTPTest,DoS attacks-SlowHTTPTest,0.8116814,0.0314256572292837
58919,DDoS attacks-LOIC-HTTP,DDoS attacks-LOIC-HTTP,0.9991579,0.06414890480199287
59163,Bot,Bot,0.9986187,0.06467672646858225
59383,DoS attacks-Hulk,DoS attacks-Hulk,0.9995307,0.15155752714502058
59801,DoS attacks-GoldenEye,DoS attacks-GoldenEye,0.99984133,0.08615311437920437
60055,Bot,Bot,0.998621,0.06265509040937911
60176,Benign,Benign,0.99834824,0.16020914861299362
62344,DoS attacks-Slowloris,DoS attacks-Slowloris,1.0,0.05892858534774281
62513,Benign,Benign,0.9692369,0.15721683016244126
62563,DoS attacks-SlowHTTPTest,DoS attacks-SlowHTTPTest,0.59965056,0.029638980756669153
62914,DDoS attacks-LOIC-HTTP,DDoS attacks-LOIC-HTTP,0.99920756,0.07209602232431989
63175,DoS attacks-Slowloris,DoS attacks-Slowloris,0.99931705,0.04257918682285078
63228,Brute Force -Web,Brute Force -Web,0.9587157,0.026187807076445524
63427,Infilteration,Infilteration,0.8629997,0.0916647087397956
64159,DDoS attacks-LOIC-HTTP,DDoS attacks-LOIC-HTTP,0.99914134,0.04950283755588836
64517,Benign,Benign,0.9664197,0.17986199892024224
65664,SSH-Bruteforce,SSH-Bruteforce,0.9995447,0.11964362216528113
65934,Benign,Benign,0.99294186,0.3643977721044215
66409,DoS attacks-Slowloris,DoS attacks-Slowloris,0.9978794,0.09789890082492836
66907,DoS attacks-SlowHTTPTest,DoS attacks-SlowHTTPTest,0.70314384,0.03088543215579931
67232,Bot,Bot,0.998621,0.06053606645088083
68038,Benign,Benign,0.9652591,0.3931202872092008
68188,DoS attacks-Slowloris,DoS attacks-Slowloris,0.99914515,0.04795610122423255
68297,FTP-BruteForce,FTP-BruteForce,0.70448196,0.030824468758470447
68427,Brute Force -Web,Brute Force -Web,0.6743319,0.02412268218304281
68660,SSH-Bruteforce,SSH-Bruteforce,0.9995969,0.10712854225886581
68799,SQL Injection,SQL Injection,0.975567,0.053106368018046135
68800,DDoS attacks-LOIC-HTTP,DDoS attacks-LOIC-HTTP,0.9992077,0.06587970025902001
69550,SSH-Bruteforce,SSH-Bruteforce,0.9995957,0.10980579368009791
70901,DoS attacks-SlowHTTPTest,DoS attacks-SlowHTTPTest,0.70314384,0.030407811694066478
71262,Infilteration,Infilteration,0.61307514,0.09544253200292685
71888,SSH-Bruteforce,SSH-Bruteforce,0.9995956,0.11298205717725307
72438,DoS attacks-Hulk,DoS attacks-Hulk,0.99953055,0.38927615104320323
72472,SSH-Bruteforce,SSH-Bruteforce,0.9995931,0.11454743689053482
73380,DDOS attack-HOIC,DDOS attack-HOIC,0.99949086,0.05552877881614804
73552,Bot,Bot,0.998621,0.053627348455423274
73653,DoS attacks-GoldenEye,DoS attacks-GoldenEye,0.99990237,0.0775564455387171
74001,DoS attacks-SlowHTTPTest,DoS attacks-SlowHTTPTest,0.74610543,0.03137511772906654
74167,DDOS attack-LOIC-UDP,DDOS attack-LOIC-UDP,0.9926744,0.4833595639394973
74320,SSH-Bruteforce,SSH-Bruteforce,0.9995447,0.11406914705157845
74683,Infilteration,Infilteration,0.6139642,0.09983609950227645
75432,Infilteration,Infilteration,0.70397025,0.0915031810218514
75851,Infilteration,Infilteration,0.69527304,0.10313565907498323
75866,DoS attacks-SlowHTTPTest,DoS attacks-SlowHTTPTest,0.8724209,0.030022242252592868
75973,DDOS attack-HOIC,DDOS attack-HOIC,0.9994209,0.037070552562444736
76270,DDOS attack-LOIC-UDP,DDOS attack-LOIC-UDP,0.990442,0.48071141127368056
76734,DDOS attack-LOIC-UDP,DDOS attack-LOIC-UDP,0.7125563,0.47770011022808867
77046,Bot,Bot,0.99755776,0.05520870778490061
77465,Bot,Bot,0.998887,0.08068009004917909
77772,DoS attacks-Slowloris,DoS attacks-Slowloris,0.99994373,0.05582873568014424
77857,Infilteration,Infilteration,0.5942722,0.10478364359568826
78135,DoS attacks-Slowloris,DoS attacks-Slowloris,0.9994112,0.0325493075958474
78923,SSH-Bruteforce,SSH-Bruteforce,0.9995957,0.10573510938566466
78982,DDOS attack-HOIC,DDOS attack-HOIC,0.99942124,0.04268880954272569
80115,DDOS attack-HOIC,DDOS attack-HOIC,0.99942124,0.054134785710785005
80241,DoS attacks-Hulk,DoS attacks-Hulk,0.99952996,0.3556823169507314
80897,DoS attacks-SlowHTTPTest,DoS attacks-SlowHTTPTest,0.8724209,0.030655318899258543
82474,DoS attacks-SlowHTTPTest,DoS attacks-SlowHTTPTest,0.59965056,0.030410185689675573
82620,DDOS attack-HOIC,DDOS attack-HOIC,0.9994209,0.04409191043623484
83260,DDoS attacks-LOIC-HTTP,DDoS attacks-LOIC-HTTP,0.99913687,0.04405792638161199
83465,DoS attacks-Hulk,DoS attacks-Hulk,0.999529,0.2867097093450557
83550,SSH-Bruteforce,SSH-Bruteforce,0.99959475,0.11514655790791906
84105,DoS attacks-GoldenEye,DoS attacks-GoldenEye,0.99982005,0.09573625742033054
85230,Bot,Bot,0.9989231,0.06862911642909952
85527,DoS attacks-SlowHTTPTest,DoS attacks-SlowHTTPTest,0.8116814,0.029542575441839358
85863,DoS attacks-Slowloris,DoS attacks-Slowloris,0.9999982,0.07886575154212849
86164,Brute Force -Web,Brute Force -Web,0.95672107,0.025474828441922948
86768,DDOS attack-LOIC-UDP,DDOS attack-LOIC-UDP,0.96444225,0.4928116301748534
88694,DoS attacks-SlowHTTPTest,DoS attacks-SlowHTTPTest,0.8116814,0.03051431010547645
88764,SSH-Bruteforce,SSH-Bruteforce,0.99959105,0.11006284778283282
88816,Brute Force -Web,Brute Force -Web,0.98962057,0.050748453281310724
89190,Infilteration,Infilteration,0.6363931,0.10360322066065908
89606,Benign,Benign,0.999821,0.07769548644984614
90062,DDOS attack-LOIC-UDP,DDOS attack-LOIC-UDP,0.990442,0.4898393225433837
90165,DoS attacks-Slowloris,DoS attacks-Slowloris,0.99784946,0.054444909055508806
90525,DDoS attacks-LOIC-HTTP,DDoS attacks-LOIC-HTTP,0.9991541,0.08260768243309968
90855,Benign,Benign,0.975873,0.13610721240230328
91374,SSH-Bruteforce,SSH-Bruteforce,0.9995906,0.10738775574551795
91411,DDOS attack-LOIC-UDP,DDOS attack-LOIC-UDP,0.99359894,0.4944664160451169
92086,FTP-BruteForce,FTP-BruteForce,0.86240774,0.03104226471455085
92264,Brute Force -Web,Brute Force -Web,0.94809663,0.025023387995568136
93779,DDoS attacks-LOIC-HTTP,DDoS attacks-LOIC-HTTP,0.99915934,0.050333260940475855
94050,Infilteration,Infilteration,0.6167983,0.12143946131109828
94524,DoS attacks-Hulk,DoS attacks-Hulk,0.9995297,0.12396524739771375
95197,DDOS attack-LOIC-UDP,DDOS attack-LOIC-UDP,0.907208,0.4805006661032494
95283,Infilteration,Infilteration,0.6373609,0.10498865786518363
95359,DoS attacks-SlowHTTPTest,DoS attacks-SlowHTTPTest,0.74610543,0.02980184028234445
96211,DoS attacks-Hulk,DoS attacks-Hulk,0.9995315,0.2712358825044108
97722,Benign,Benign,0.99986625,0.09972352932633921
97875,SSH-Bruteforce,SSH-Bruteforce,0.9995912,0.11928857509388946
99049,DoS attacks-SlowHTTPTest,DoS attacks-SlowHTTPTest,0.70314384,0.031321919824278566
99470,DoS attacks-Slowloris,DoS attacks-Slowloris,0.99937916,0.04739746414795598
99643,Bot,Bot,0.9988875,0.05983837836435413
99717,DDOS attack-LOIC-UDP,DDOS attack-LOIC-UDP,0.6951382,0.48003031773134675
99875,Bot,Bot,0.9989231,0.06539210798530104
99932,DDOS attack-HOIC,DDOS attack-HOIC,0.999418,0.061546900556675554
100291,DDOS attack-LOIC-UDP,DDOS attack-LOIC-UDP,0.93226135,0.5026931145923128
100422,Bot,Bot,0.998621,0.06757690350097578
100769,Brute Force -Web,Brute Force -Web,0.9486269,0.02428377515042801
101190,DoS attacks-GoldenEye,DoS attacks-GoldenEye,0.99990237,0.07057531875899803
101541,DDoS attacks-LOIC-HTTP,DDoS attacks-LOIC-HTTP,0.9977385,0.06461390783713461
101801,DDOS attack-HOIC,DDOS attack-HOIC,0.99941814,0.04398631372962969
102592,Bot,Bot,0.9988875,0.06297255353824283
102666,FTP-BruteForce,FTP-BruteForce,0.67992306,0.031143446745585335
103742,Brute Force -Web,Brute Force -Web,0.99023294,0.05222208122367089
104000,DDoS attacks-LOIC-HTTP,DDoS attacks-LOIC-HTTP,0.99920756,0.0644603515030241
105697,SSH-Bruteforce,SSH-Bruteforce,0.9995962,0.12320197073860695
105893,Infilteration,Infilteration,0.6712543,0.10184486478981825
106760,DDOS attack-LOIC-UDP,DDOS attack-LOIC-UDP,0.9872709,0.48706983835150497
107145,DDOS attack-HOIC,DDOS attack-HOIC,0.99941957,0.049115336039303625
107291,Bot,Bot,0.9989231,0.07366350808162136
107641,DDoS attacks-LOIC-HTTP,DDoS attacks-LOIC-HTTP,0.9991579,0.06747017897266094
107809,Infilteration,Infilteration,0.67234653,0.10538606415432006
107842,Benign,Benign,0.99876815,0.3869398763934244
108443,SSH-Bruteforce,SSH-Bruteforce,0.9995958,0.09996012655198572
108720,Brute Force -XSS,Brute Force -XSS,0.9281647,0.023290459456069224
108736,DDOS attack-HOIC,DDOS attack-HOIC,0.99941814,0.06069557025888894
108787,DDoS attacks-LOIC-HTTP,DDoS attacks-LOIC-HTTP,0.9991721,0.06809910755345594
109595,DoS attacks-Hulk,DoS attacks-Hulk,0.99952924,0.2431406050813355
110687,FTP-BruteForce,FTP-BruteForce,0.9316143,0.029505779160615697
110737,DDoS attacks-LOIC-HTTP,DDoS attacks-LOIC-HTTP,0.99915934,0.059099797211605964
111208,FTP-BruteForce,FTP-BruteForce,0.67992306,0.030410809792106308
112107,FTP-BruteForce,FTP-BruteForce,0.67992306,0.030027832486042794
112373,Benign,Benign,0.9997483,0.1841282555123025
113497,Infilteration,Infilteration,0.6777563,0.0824733508806198
113592,Bot,Bot,0.9988759,0.05965519602610714
114470,DoS attacks-Slowloris,DoS attacks-Slowloris,0.99995804,0.05403653939017894
114522,SSH-Bruteforce,SSH-Bruteforce,0.9995912,0.10106746655364907
115506,Benign,Benign,0.9993506,0.3709458080344218
115573,DDOS attack-HOIC,DDOS attack-HOIC,0.99942136,0.04856682948058588
117779,SSH-Bruteforce,SSH-Bruteforce,0.9995454,0.11886141280328033
118870,DoS attacks-GoldenEye,DoS attacks-GoldenEye,0.9999031,0.09127583791134886
119445,Bot,Bot,0.9988875,0.06641959539324072
119755,DoS attacks-Slowloris,DoS attacks-Slowloris,0.9999443,0.047547595504122686
120459,SSH-Bruteforce,SSH-Bruteforce,0.9995447,0.10571626291835545
120958,DDoS attacks-LOIC-HTTP,DDoS attacks-LOIC-HTTP,0.99920756,0.057609942076566334
122230,DDOS attack-HOIC,DDOS attack-HOIC,0.99941885,0.03594114248843461
122374,DoS attacks-GoldenEye,DoS attacks-GoldenEye,0.99964166,0.0789795699616862
122689,Bot,Bot,0.99861693,0.06752179993456542
122917,Infilteration,Infilteration,0.51110446,0.10116258573077708
123147,DoS attacks-Slowloris,DoS attacks-Slowloris,0.99784946,0.043700871759048576
124779,DoS attacks-Hulk,DoS attacks-Hulk,0.9995315,0.32218035062562445
125202,DDOS attack-LOIC-UDP,DDOS attack-LOIC-UDP,0.99111134,0.4776143753832951
125435,Infilteration,Infilteration,0.6846229,0.08995198755523992
126122,Bot,Bot,0.998887,0.0693495690194238
126434,DoS attacks-Slowloris,DoS attacks-Slowloris,0.99995804,0.06924834031900784
126779,DoS attacks-SlowHTTPTest,DoS attacks-SlowHTTPTest,0.59965056,0.030874368769411853
127065,DDOS attack-HOIC,DDOS attack-HOIC,0.9994198,0.04224920935340393
127729,Benign,Benign,0.99742377,0.35919465289796004
127859,DDoS attacks-LOIC-HTTP,DDoS attacks-LOIC-HTTP,0.99920756,0.07545950321462203
130273,DoS attacks-GoldenEye,DoS attacks-GoldenEye,0.9998425,0.08348929974922381
130623,FTP-BruteForce,FTP-BruteForce,0.55592954,0.030141619955566745
130802,DoS attacks-Hulk,DoS attacks-Hulk,0.9995059,0.10747887423583546
131309,DoS attacks-GoldenEye,DoS attacks-GoldenEye,0.9999156,0.09104982234233605
131354,DoS attacks-GoldenEye,DoS attacks-GoldenEye,0.9999502,0.07649745611904757
131483,DoS attacks-Hulk,DoS attacks-Hulk,0.9995024,0.19671385350639126
131694,SSH-Bruteforce,SSH-Bruteforce,0.99954456,0.08561515848970735
131703,Brute Force -XSS,Brute Force -XSS,0.9278162,0.025612629315348467
131987,Bot,Bot,0.998621,0.0691654840982967
132419,Infilteration,Infilteration,0.65391576,0.09899975145417594
132588,Benign,Benign,0.9496211,0.3989158029933656
133135,DDOS attack-LOIC-UDP,DDOS attack-LOIC-UDP,0.9010203,0.49707502549071725
134567,SSH-Bruteforce,SSH-Bruteforce,0.99959534,0.11240510368888224
134697,DDoS attacks-LOIC-HTTP,DDoS attacks-LOIC-HTTP,0.9991579,0.04964177125534219
134949,DDOS attack-HOIC,DDOS attack-HOIC,0.9994893,0.04767638945219177
135113,FTP-BruteForce,FTP-BruteForce,0.9630162,0.03092863232339127
136157,Benign,Benign,0.9997483,0.1671365446878611
136518,DDOS attack-HOIC,DDOS attack-HOIC,0.99941885,0.038888923597431346
138222,DDOS attack-LOIC-UDP,DDOS attack-LOIC-UDP,0.98076046,0.49730282978421836
138879,SSH-Bruteforce,SSH-Bruteforce,0.9995447,0.1189405187661492
139835,SSH-Bruteforce,SSH-Bruteforce,0.9995956,0.12239198767758752
139948,DoS attacks-SlowHTTPTest,DoS attacks-SlowHTTPTest,0.74610543,0.030073994029695017
141029,Benign,Benign,0.96936584,0.16700297223975213
141187,DoS attacks-Hulk,DoS attacks-Hulk,0.9995291,0.09615753485442924
143637,DDOS attack-LOIC-UDP,DDOS attack-LOIC-UDP,0.98557657,0.5009816863156096
143640,SSH-Bruteforce,SSH-Bruteforce,0.9995958,0.11234856367285317
144138,SSH-Bruteforce,SSH-Bruteforce,0.9995958,0.10616922710813992
145319,DoS attacks-SlowHTTPTest,DoS attacks-SlowHTTPTest,0.70314384,0.030139691059506757
145835,SSH-Bruteforce,SSH-Bruteforce,0.9995958,0.09801194124558721
146369,SSH-Bruteforce,SSH-Bruteforce,0.9995962,0.11178253099592228
147870,Brute Force -Web,Brute Force -Web,0.99021447,0.05068683475341984
148087,DoS attacks-Slowloris,DoS attacks-Slowloris,0.99896586,0.05953964297013914
148681,Infilteration,Infilteration,0.7687906,0.11466601555419298
149080,Brute Force -Web,Brute Force -Web,0.97249764,0.024895738564887027
149439,Infilteration,Infilteration,0.5200908,0.09547031732259392
149794,Brute Force -Web,Brute Force -Web,0.99032646,0.04736053624956882
150228,DoS attacks-Slowloris,DoS attacks-Slowloris,0.9975668,0.03769384704321577
150662,DoS attacks-SlowHTTPTest,DoS attacks-SlowHTTPTest,0.5760107,0.03032626879056366
151112,DoS attacks-Hulk,DoS attacks-Hulk,0.9995291,0.32406586683121963
151752,DDoS attacks-LOIC-HTTP,DDoS attacks-LOIC-HTTP,0.9991417,0.058981151204559046
152193,DoS attacks-Slowloris,DoS attacks-Slowloris,0.99995804,0.06266863144081058
152673,DDoS attacks-LOIC-HTTP,DDoS attacks-LOIC-HTTP,0.9991416,0.060490746412199314
152742,FTP-BruteForce,FTP-BruteForce,0.921125,0.030003758425784177
153141,FTP-BruteForce,FTP-BruteForce,0.63205576,0.030242333871566718
153878,DoS attacks-Hulk,DoS attacks-Hulk,0.9995315,0.2849467518004135
154745,Infilteration,Infilteration,0.6117094,0.10643260412683975
155914,DoS attacks-Slowloris,DoS attacks-Slowloris,0.99995804,0.05911485460127419
155941,SQL Injection,SQL Injection,0.9810612,0.053595807103371196
157284,Brute Force -XSS,Brute Force -XSS,0.9806794,0.048971057364017634
158038,Infilteration,Infilteration,0.6286409,0.09791796158424271
158743,Benign,Benign,0.99031025,0.3630237524631178
158951,Benign,Benign,0.99981123,0.08377841876238257
160192,DDOS attack-HOIC,DDOS attack-HOIC,0.9994759,0.04440369618828288
160675,DoS attacks-Slowloris,DoS attacks-Slowloris,0.99993813,0.053487077692976004
161911,Bot,Bot,0.9986041,0.06932629472298357
163102,DDOS attack-HOIC,DDOS attack-HOIC,0.99941957,0.037503738124730734
163228,DoS attacks-Slowloris,DoS attacks-Slowloris,0.99995804,0.05386098649218363
164082,DoS attacks-SlowHTTPTest,DoS attacks-SlowHTTPTest,0.70314384,0.030366372512510953
164952,DoS attacks-Hulk,DoS attacks-Hulk,0.99952996,0.2186768459156455
165405,DDOS attack-LOIC-UDP,DDOS attack-LOIC-UDP,0.99246407,0.48651238383574813
165922,DoS attacks-GoldenEye,DoS attacks-GoldenEye,0.9999175,0.08070220139546469
165935,SSH-Bruteforce,SSH-Bruteforce,0.99959606,0.11153581010342994
165952,DDOS attack-HOIC,DDOS attack-HOIC,0.999491,0.05714284972279382
166245,DDOS attack-HOIC,DDOS attack-HOIC,0.99941957,0.03900836584407241
166311,SQL Injection,SQL Injection,0.81440187,0.03301932767401772
166413,DoS attacks-SlowHTTPTest,DoS attacks-SlowHTTPTest,0.8116814,0.030656869165787137
166436,DoS attacks-SlowHTTPTest,DoS attacks-SlowHTTPTest,0.7758121,0.031344913993059276
166728,Bot,Bot,0.9988759,0.06351026416733307
167008,Infilteration,Infilteration,0.76541257,0.11525401421195658
167488,Benign,Benign,0.9568956,0.378744072511071
169666,DoS attacks-Hulk,DoS attacks-Hulk,0.99952984,0.1608376127977078
170021,Infilteration,Infilteration,0.654981,0.09051964348630326
171532,DoS attacks-Slowloris,DoS attacks-Slowloris,0.99914503,0.05739115620777879
171676,Bot,Bot,0.9986168,0.06127964701558419
172660,Infilteration,Infilteration,0.67234653,0.13303041206370414
173690,DDoS attacks-LOIC-HTTP,DDoS attacks-LOIC-HTTP,0.99915946,0.04708409247163292
173896,DDOS attack-HOIC,DDOS attack-HOIC,0.9994987,0.05840938353195824
175094,DDOS attack-HOIC,DDOS attack-HOIC,0.999419,0.04215828897546969
175695,DDOS attack-HOIC,DDOS attack-HOIC,0.999418,0.03975855160954522
178095,DDoS attacks-LOIC-HTTP,DDoS attacks-LOIC-HTTP,0.99915934,0.08504667391440868
180148,DDoS attacks-LOIC-HTTP,DDoS attacks-LOIC-HTTP,0.99914026,0.05854631410977773
181160,DoS attacks-SlowHTTPTest,DoS attacks-SlowHTTPTest,0.8724209,0.030484922720900642
181324,DoS attacks-GoldenEye,DoS attacks-GoldenEye,0.99990773,0.09089638165354952
182386,SSH-Bruteforce,SSH-Bruteforce,0.99959546,0.11378183373395123
182417,Brute Force -Web,Brute Force -Web,0.9875553,0.02629633135033238
183932,Brute Force -XSS,Brute Force -XSS,0.9776914,0.04770134663243597
184401,Infilteration,Infilteration,0.6850012,0.10742006869797527
185035,SSH-Bruteforce,SSH-Bruteforce,0.99959093,0.10977014390018036
185301,DoS attacks-GoldenEye,DoS attacks-GoldenEye,0.9999056,0.09378052599420816
188164,DDOS attack-HOIC,DDOS attack-HOIC,0.99948764,0.04206446220222759
188521,Bot,Bot,0.9988875,0.08369425550566612
189439,DDoS attacks-LOIC-HTTP,DDoS attacks-LOIC-HTTP,0.99915934,0.04595701862457069
191397,Infilteration,Infilteration,0.5251257,0.10016192464760398
191963,DDOS attack-HOIC,DDOS attack-HOIC,0.99948764,0.05480413558038655
192124,DoS attacks-Slowloris,DoS attacks-Slowloris,0.99999833,0.05694780695584711
192228,DoS attacks-Hulk,DoS attacks-Hulk,0.99953055,0.16979160428733675
192450,Infilteration,Infilteration,0.68236154,0.09392873725914297
193059,Infilteration,Infilteration,0.6142114,0.12185559623974873
193450,Benign,Benign,0.99950457,0.0969765113134673
193737,Infilteration,Infilteration,0.6804013,0.10818988346928371
193789,DoS attacks-Slowloris,DoS attacks-Slowloris,0.99991715,0.06746883248652469
193967,Bot,Bot,0.9975656,0.058726128738143646
194636,DoS attacks-SlowHTTPTest,DoS attacks-SlowHTTPTest,0.660714,0.029964892273396604
194790,DDoS attacks-LOIC-HTTP,DDoS attacks-LOIC-HTTP,0.9992077,0.07351027462337234
194936,Infilteration,Infilteration,0.6804013,0.10408267103897029
195631,DoS attacks-GoldenEye,DoS attacks-GoldenEye,0.9999225,0.0826249589301642
197064,DDOS attack-LOIC-UDP,DDOS attack-LOIC-UDP,0.98829156,0.46104864608264484
197092,DoS attacks-Slowloris,DoS attacks-Slowloris,0.99995804,0.0743370774725105
197830,DDOS attack-HOIC,DDOS attack-HOIC,0.9994198,0.044463450070599264
197964,Bot,Bot,0.9989231,0.06563192301032017
198436,DoS attacks-Hulk,DoS attacks-Hulk,0.9995297,0.11813541782762405
198580,FTP-BruteForce,FTP-BruteForce,0.67992306,0.030972614894229755
198625,FTP-BruteForce,FTP-BruteForce,0.9538616,0.0304663809501865
198731,FTP-BruteForce,FTP-BruteForce,0.67992306,0.029906200405761196
199216,DoS attacks-SlowHTTPTest,DoS attacks-SlowHTTPTest,0.74610543,0.031172785494831934
199219,DoS attacks-Hulk,DoS attacks-Hulk,0.9995297,0.3987762643449968
199313,DDOS attack-HOIC,DDOS attack-HOIC,0.9994179,0.04306631322311183
199790,DDOS attack-LOIC-UDP,DDOS attack-LOIC-UDP,0.9355789,0.4890347691506599
200112,Bot,Bot,0.998621,0.05852714174729057
200184,DDOS attack-LOIC-UDP,DDOS attack-LOIC-UDP,0.71478945,0.5032376397541349
200652,DoS attacks-Slowloris,DoS attacks-Slowloris,0.99996877,0.04748484684399401
200822,Infilteration,Infilteration,0.6918075,0.10008554132601954
201301,DoS attacks-GoldenEye,DoS attacks-GoldenEye,0.999913,0.09354385787978647
201366,DDOS attack-HOIC,DDOS attack-HOIC,0.99942064,0.050573055953089585
201517,Infilteration,Infilteration,0.6371704,0.09239831199762583
201691,Benign,Benign,0.9909513,0.0718899271189627
201841,Brute Force -Web,Brute Force -Web,0.88776606,0.028547237602893683
201915,FTP-BruteForce,FTP-BruteForce,0.67992306,0.0302818744643506
202665,Infilteration,Infilteration,0.6619809,0.10779532112627932
202868,DDOS attack-HOIC,DDOS attack-HOIC,0.99948764,0.05710341090135329
203296,DoS attacks-SlowHTTPTest,DoS attacks-SlowHTTPTest,0.8724209,0.03195936822641998
204165,Brute Force -XSS,Brute Force -XSS,0.94037557,0.029203532523908504
205334,FTP-BruteForce,FTP-BruteForce,0.9538616,0.03193920489895241
205450,DoS attacks-Slowloris,DoS attacks-Slowloris,0.9999646,0.0649866468233905
206443,SSH-Bruteforce,SSH-Bruteforce,0.9995957,0.11271663841857393
207060,Bot,Bot,0.9988617,0.07761120362079976
207243,DoS attacks-Hulk,DoS attacks-Hulk,0.9995315,0.2637099542578978
207263,DoS attacks-Slowloris,DoS attacks-Slowloris,0.9999304,0.06879280839118562
208427,DoS attacks-Slowloris,DoS attacks-Slowloris,0.999348,0.036120789981432644
208853,DoS attacks-Hulk,DoS attacks-Hulk,0.9995297,0.1333228015396013
208982,DDoS attacks-LOIC-HTTP,DDoS attacks-LOIC-HTTP,0.99920756,0.07079677194620848
209441,DoS attacks-Slowloris,DoS attacks-Slowloris,1.0,0.07675190341173799
209785,DoS attacks-Hulk,DoS attacks-Hulk,0.99952924,0.31201577605907393
209974,DoS attacks-Hulk,DoS attacks-Hulk,0.99952924,0.3644048838612839
210836,DDoS attacks-LOIC-HTTP,DDoS attacks-LOIC-HTTP,0.99915886,0.04806509222659516
210886,Bot,Bot,0.9989184,0.051701083054043306
211189,DoS attacks-Hulk,DoS attacks-Hulk,0.9995066,0.14764974746430526
211580,DoS attacks-SlowHTTPTest,DoS attacks-SlowHTTPTest,0.8724209,0.02903601847074344
211898,Brute Force -Web,Brute Force -Web,0.96432275,0.05400712682994979
212405,DoS attacks-GoldenEye,DoS attacks-GoldenEye,0.99983644,0.06730785117099292
212432,DoS attacks-Slowloris,DoS attacks-Slowloris,0.99937916,0.031244691172023553
212575,DoS attacks-Slowloris,DoS attacks-Slowloris,0.9994112,0.03191113194205919
212645,Bot,Bot,0.998621,0.07166712574431278
213256,DDoS attacks-LOIC-HTTP,DDoS attacks-LOIC-HTTP,0.9991721,0.06398206193079226
213893,FTP-BruteForce,FTP-BruteForce,0.63205576,0.030039766088380437
214171,DoS attacks-Hulk,DoS attacks-Hulk,0.99952865,0.33019485974481755
214964,Brute Force -XSS,Brute Force -XSS,0.9938803,0.02835137720134384
214991,DoS attacks-SlowHTTPTest,DoS attacks-SlowHTTPTest,0.6418936,0.03114973371604246
215418,SSH-Bruteforce,SSH-Bruteforce,0.9995956,0.11197050424920985
215475,DoS attacks-SlowHTTPTest,DoS attacks-SlowHTTPTest,0.59965056,0.03026587793702684
216346,Bot,Bot,0.998621,0.0573245253821838
217453,DoS attacks-GoldenEye,DoS attacks-GoldenEye,0.9999037,0.08359888852696995
217506,DDOS attack-HOIC,DDOS attack-HOIC,0.99941814,0.05121340735961699
218003,Bot,Bot,0.9988759,0.05740721296076268
218186,Infilteration,Infilteration,0.70936006,0.09118477734358332
218371,DoS attacks-Slowloris,DoS attacks-Slowloris,1.0,0.05420595064445066
218526,Benign,Benign,0.9988079,0.16600959072785937
219442,Infilteration,Infilteration,0.6761878,0.11923745446816181
219909,DoS attacks-SlowHTTPTest,DoS attacks-SlowHTTPTest,0.74610543,0.031005746873690287
220142,SSH-Bruteforce,SSH-Bruteforce,0.9995956,0.11304449316417586
220146,Brute Force -XSS,Brute Force -XSS,0.9821538,0.041396053249616704
220653,DDOS attack-LOIC-UDP,DDOS attack-LOIC-UDP,0.98631996,0.497899030306294
221528,Bot,Bot,0.9989231,0.07528575886544775
222292,DDoS attacks-LOIC-HTTP,DDoS attacks-LOIC-HTTP,0.9992077,0.06853043088745003
222400,DDOS attack-LOIC-UDP,DDOS attack-LOIC-UDP,0.7815631,0.4874862877947411
222621,DoS attacks-GoldenEye,DoS attacks-GoldenEye,0.99995303,0.07374455862110885
222741,Bot,Bot,0.9989231,0.08129634062887936
222843,DDOS attack-HOIC,DDOS attack-HOIC,0.99942064,0.05357522093874256
223169,FTP-BruteForce,FTP-BruteForce,0.6018197,0.03105411247624046
223337,DDOS attack-HOIC,DDOS attack-HOIC,0.9994168,0.04420664153787357
223746,Infilteration,Infilteration,0.7549333,0.0975805890737691
224113,Infilteration,Infilteration,0.9496884,0.10492039257492014
224980,DoS attacks-Hulk,DoS attacks-Hulk,0.99939275,0.2557205153979901
225021,Bot,Bot,0.9989159,0.0620712901763677
225229,DoS attacks-Slowloris,DoS attacks-Slowloris,0.999974,0.051001562254809785
225548,Brute Force -XSS,Brute Force -XSS,0.99763215,0.028200138009851328
226678,DoS attacks-Hulk,DoS attacks-Hulk,0.9995315,0.27280116887122685
227068,FTP-BruteForce,FTP-BruteForce,0.55592954,0.029402809013588715
227974,Benign,Benign,0.9913523,0.14769263569845115
229373,DoS attacks-GoldenEye,DoS attacks-GoldenEye,0.99986255,0.08819217578062821
231078,Benign,Benign,0.9617095,0.15518091700066472
231362,Bot,Bot,0.9988875,0.06910913849580624
231364,DDOS attack-LOIC-UDP,DDOS attack-LOIC-UDP,0.7855174,0.5075166791814354
232102,Brute Force -Web,Brute Force -Web,0.98625875,0.051484935386645336
232258,DoS attacks-Slowloris,DoS attacks-Slowloris,0.9994112,0.03365845978918269
232595,DoS attacks-Slowloris,DoS attacks-Slowloris,1.0,0.06924643019997101
232970,Bot,Bot,0.998621,0.07514646287287297
233319,DoS attacks-SlowHTTPTest,DoS attacks-SlowHTTPTest,0.59965056,0.03025700203051329
234034,DoS attacks-Slowloris,DoS attacks-Slowloris,1.0,0.06255022320973125
234049,SSH-Bruteforce,SSH-Bruteforce,0.99959534,0.12077513043176336
234340,DDOS attack-HOIC,DDOS attack-HOIC,0.9994862,0.05420736108920532
234429,DoS attacks-GoldenEye,DoS attacks-GoldenEye,0.99983656,0.08665562864503529
235728,SSH-Bruteforce,SSH-Bruteforce,0.9995466,0.09521141999655625
236692,SSH-Bruteforce,SSH-Bruteforce,0.9995454,0.11153383882281398
237041,DoS attacks-Hulk,DoS attacks-Hulk,0.99949205,0.2885807912784826
237510,DoS attacks-GoldenEye,DoS attacks-GoldenEye,0.9999502,0.08364540780301544
237626,DoS attacks-GoldenEye,DoS attacks-GoldenEye,0.9998497,0.0828931025172599
238095,DoS attacks-SlowHTTPTest,DoS attacks-SlowHTTPTest,0.70314384,0.03118465762057987
238198,SSH-Bruteforce,SSH-Bruteforce,0.9995466,0.1250267325005353
238203,DoS attacks-Hulk,DoS attacks-Hulk,0.9995315,0.3555063938115559
238710,DoS attacks-Hulk,DoS attacks-Hulk,0.99953055,0.36890856303890085
240544,DoS attacks-Hulk,DoS attacks-Hulk,0.99951434,0.21483002131376805
241017,DoS attacks-Hulk,DoS attacks-Hulk,0.99953055,0.3973851100434208
241112,DoS attacks-Hulk,DoS attacks-Hulk,0.99951196,0.17412616189399566
241153,Brute Force -XSS,Brute Force -XSS,0.9967679,0.027371976315700652
241322,DoS attacks-Slowloris,DoS attacks-Slowloris,0.99995804,0.04658910201963573
241586,Infilteration,Infilteration,0.7895522,0.09675396357410582
243253,FTP-BruteForce,FTP-BruteForce,0.9316143,0.02996868176204137
243348,Bot,Bot,0.9986187,0.08277180657141325
243410,DoS attacks-Hulk,DoS attacks-Hulk,0.9995315,0.3080286318756671
243512,Brute Force -Web,Brute Force -Web,0.9899782,0.04059706815604025
244272,FTP-BruteForce,FTP-BruteForce,0.90882814,0.03131959141706686
244609,DoS attacks-Slowloris,DoS attacks-Slowloris,0.9975668,0.029137728075351976
244749,Brute Force -Web,Brute Force -Web,0.98319936,0.044817956373987555
245289,SSH-Bruteforce,SSH-Bruteforce,0.99959534,0.10228810324008009
245695,Infilteration,Infilteration,0.6700867,0.09860030883142212
245944,Infilteration,Infilteration,0.63830274,0.08920071410425767
246006,DDOS attack-LOIC-UDP,DDOS attack-LOIC-UDP,0.9041024,0.49372193324516256
246629,Brute Force -Web,Brute Force -Web,0.9832191,0.053152251648904025
247339,SSH-Bruteforce,SSH-Bruteforce,0.9995447,0.11242082202910186
247717,Brute Force -Web,Brute Force -Web,0.99032646,0.046328793235029475
248218,Benign,Benign,0.9956268,0.16952616109344965
248695,FTP-BruteForce,FTP-BruteForce,0.90882814,0.0315863955093304
250642,Brute Force -Web,Brute Force -Web,0.98625875,0.048128980080979766
250791,DDOS attack-HOIC,DDOS attack-HOIC,0.9990747,0.054546596649742374
252079,DDOS attack-LOIC-UDP,DDOS attack-LOIC-UDP,0.85022664,0.49977952993035046
252162,DDOS attack-LOIC-UDP,DDOS attack-LOIC-UDP,0.99359894,0.4783717959499869
252600,Brute Force -XSS,Brute Force -XSS,0.9801419,0.048112829045680594
252676,Brute Force -Web,Brute Force -Web,0.961341,0.052593942880209466
252879,DoS attacks-SlowHTTPTest,DoS attacks-SlowHTTPTest,0.59965056,0.03134050611403727
253042,DoS attacks-Hulk,DoS attacks-Hulk,0.9995301,0.24531180023614774
253046,Brute Force -Web,Brute Force -Web,0.9903971,0.04778882952849939
253251,DoS attacks-GoldenEye,DoS attacks-GoldenEye,0.99976534,0.09418976548948554
254715,Brute Force -Web,Brute Force -Web,0.961596,0.023652956691668447
254773,Benign,Benign,0.9718658,0.1482707096234308
255268,Infilteration,Infilteration,0.9506956,0.11644695798407745
255418,Bot,Bot,0.9986187,0.060859349894143655
256587,DoS attacks-GoldenEye,DoS attacks-GoldenEye,0.99990857,0.08897665946513655
256733,Benign,Benign,0.97728604,0.08116737227638338
257390,DoS attacks-Slowloris,DoS attacks-Slowloris,0.9978369,0.11356109917408641
259395,Benign,Benign,0.99130416,0.17024573218686367
259600,DDoS attacks-LOIC-HTTP,DDoS attacks-LOIC-HTTP,0.9992077,0.06132323053511901
259608,Benign,Benign,0.99666256,0.16240638327233692
259946,DDOS attack-LOIC-UDP,DDOS attack-LOIC-UDP,0.98591983,0.47910256845354393
260353,Bot,Bot,0.998621,0.05532500272648355
261418,DoS attacks-SlowHTTPTest,DoS attacks-SlowHTTPTest,0.70314384,0.031637390948705435
262213,DDOS attack-HOIC,DDOS attack-HOIC,0.99941957,0.04440205229782601
262338,DDOS attack-HOIC,DDOS attack-HOIC,0.99942064,0.0509770042661819
262581,FTP-BruteForce,FTP-BruteForce,0.63205576,0.030419367701390754
262898,Brute Force -Web,Brute Force -Web,0.99033827,0.04719670307097812
263296,SSH-Bruteforce,SSH-Bruteforce,0.9995447,0.1126825666930854
263530,DDoS attacks-LOIC-HTTP,DDoS attacks-LOIC-HTTP,0.99920756,0.05489283192616712
264918,Infilteration,Infilteration,0.5286304,0.0854536252501974
267683,DoS attacks-Hulk,DoS attacks-Hulk,0.99953306,0.24587446816222824
267844,DoS attacks-GoldenEye,DoS attacks-GoldenEye,0.9998951,0.08350142036815911
270317,DoS attacks-SlowHTTPTest,DoS attacks-SlowHTTPTest,0.70314384,0.030325906050916562
271314,Benign,Benign,0.98921996,0.10577976387896337
271816,DoS attacks-Hulk,DoS attacks-Hulk,0.9995291,0.17525522443188324
272395,DoS attacks-SlowHTTPTest,DoS attacks-SlowHTTPTest,0.74610543,0.029442502514789748
273408,DoS attacks-GoldenEye,DoS attacks-GoldenEye,0.9999156,0.10917258984825062
274595,Infilteration,Infilteration,0.6956928,0.08180256931079
274707,DDOS attack-LOIC-UDP,DDOS attack-LOIC-UDP,0.9766483,0.4804221865136946
274915,DoS attacks-Hulk,DoS attacks-Hulk,0.99952996,0.35788119242137406
274973,DoS attacks-SlowHTTPTest,DoS attacks-SlowHTTPTest,0.8724209,0.03027250413724336
275348,DDOS attack-LOIC-UDP,DDOS attack-LOIC-UDP,0.98557657,0.4868501628217933
276107,DDOS attack-HOIC,DDOS attack-HOIC,0.9994174,0.043583886088937596
276421,Infilteration,Infilteration,0.67028034,0.09460863786749152
276433,DoS attacks-SlowHTTPTest,DoS attacks-SlowHTTPTest,0.8724209,0.030611820300733505
276638,DoS attacks-SlowHTTPTest,DoS attacks-SlowHTTPTest,0.8724209,0.029161178429414236
276916,DoS attacks-GoldenEye,DoS attacks-GoldenEye,0.9999156,0.06339794295676437
277208,DoS attacks-Slowloris,DoS attacks-Slowloris,0.99995804,0.06665464348806516
277814,DoS attacks-Slowloris,DoS attacks-Slowloris,0.99995804,0.05706290412957005
278182,Brute Force -Web,Brute Force -Web,0.94670415,0.025103604467939356
279085,DoS attacks-GoldenEye,DoS attacks-GoldenEye,0.999907,0.10759014175990256
280267,FTP-BruteForce,FTP-BruteForce,0.63205576,0.029336883450893803
280531,FTP-BruteForce,FTP-BruteForce,0.7224168,0.030353493079271043
280654,DDoS attacks-LOIC-HTTP,DDoS attacks-LOIC-HTTP,0.9991573,0.05883783783062546
281156,DDOS attack-LOIC-UDP,DDOS attack-LOIC-UDP,0.9920183,0.4912068280375882
281657,Benign,Benign,0.9997483,0.18495856826583423
281860,SSH-Bruteforce,SSH-Bruteforce,0.99959534,0.10433227133498224
282645,DDoS attacks-LOIC-HTTP,DDoS attacks-LOIC-HTTP,0.9991579,0.06462865132972662
283080,FTP-BruteForce,FTP-BruteForce,0.9316143,0.03100568215997679
283133,DoS attacks-Hulk,DoS attacks-Hulk,0.9995297,0.1336224915705796
283848,Brute Force -Web,Brute Force -Web,0.9557662,0.021439430984778962
285682,SSH-Bruteforce,SSH-Bruteforce,0.99959546,0.11002770602303769
285799,DDoS attacks-LOIC-HTTP,DDoS attacks-LOIC-HTTP,0.9991371,0.046348668134228
286012,DDOS attack-LOIC-UDP,DDOS attack-LOIC-UDP,0.93226135,0.5016014697829154
286975,Brute Force -XSS,Brute Force -XSS,0.99681216,0.028890307383995006
287311,DDoS attacks-LOIC-HTTP,DDoS attacks-LOIC-HTTP,0.99920756,0.0664592903448642
287602,Benign,Benign,0.97489697,0.152779968061038
287792,DDOS attack-LOIC-UDP,DDOS attack-LOIC-UDP,0.98871917,0.48329929069872857
287797,DDoS attacks-LOIC-HTTP,DDoS attacks-LOIC-HTTP,0.99920756,0.06220060020445628
287878,DDOS attack-LOIC-UDP,DDOS attack-LOIC-UDP,0.9872709,0.492797152241225
288495,DDOS attack-LOIC-UDP,DDOS attack-LOIC-UDP,0.9963966,0.5025740834436516
288753,Brute Force -XSS,Brute Force -XSS,0.85694945,0.02549413482778451
289382,SSH-Bruteforce,SSH-Bruteforce,0.99959546,0.11807969340872448
289408,DDOS attack-HOIC,DDOS attack-HOIC,0.9994174,0.04485826915933899
289834,DoS attacks-GoldenEye,DoS attacks-GoldenEye,0.99995065,0.06717945738222386
290931,Infilteration,Infilteration,0.67234653,0.10158984781731317
291046,Bot,Bot,0.99762374,0.05285279258492348
291486,SSH-Bruteforce,SSH-Bruteforce,0.9995956,0.1026476216412755
291573,DoS attacks-Hulk,DoS attacks-Hulk,0.99950325,0.19649168215239687
292359,DDOS attack-HOIC,DDOS attack-HOIC,0.99942064,0.04194133679690204
292364,DDoS attacks-LOIC-HTTP,DDoS attacks-LOIC-HTTP,0.99920756,0.06870252814592426
292602,DoS attacks-Slowloris,DoS attacks-Slowloris,0.99993813,0.054104493421752387
292855,DDoS attacks-LOIC-HTTP,DDoS attacks-LOIC-HTTP,0.99920756,0.06706382016255819
292965,DoS attacks-GoldenEye,DoS attacks-GoldenEye,0.9998254,0.0890368611117549
293180,Bot,Bot,0.9986168,0.07570923712693056
294297,DoS attacks-Hulk,DoS attacks-Hulk,0.9995203,0.2126499046127266
294434,SQL Injection,SQL Injection,0.9841471,0.04018375858723522
294469,DoS attacks-Slowloris,DoS attacks-Slowloris,1.0,0.06136886040514389
295399,Infilteration,Infilteration,0.597324,0.10896658162571082
296840,DoS attacks-SlowHTTPTest,DoS attacks-SlowHTTPTest,0.64445573,0.03024221675296801
296971,DoS attacks-GoldenEye,DoS attacks-GoldenEye,0.9999083,0.07818390312559453
297650,FTP-BruteForce,FTP-BruteForce,0.9316143,0.0297756641863961
297866,Brute Force -Web,Brute Force -Web,0.98319936,0.05444939919607261
298749,DDOS attack-HOIC,DDOS attack-HOIC,0.99941885,0.04737175526759496
299303,DDoS attacks-LOIC-HTTP,DDoS attacks-LOIC-HTTP,0.99916065,0.05866783385767049
299907,Infilteration,Infilteration,0.6845768,0.11238447304171706
300186,DoS attacks-Slowloris,DoS attacks-Slowloris,0.998793,0.034822192771816085
300727,DDOS attack-LOIC-UDP,DDOS attack-LOIC-UDP,0.990442,0.4986896910269648
301061,DDOS attack-HOIC,DDOS attack-HOIC,0.9994198,0.04430090779312801
302291,Brute Force -Web,Brute Force -Web,0.9633302,0.04983599270389405
303174,Benign,Benign,0.9598859,0.17157472923185235
304762,Benign,Benign,0.97299725,0.14582075127633953
305787,SSH-Bruteforce,SSH-Bruteforce,0.9995951,0.10402466534429311
306105,Benign,Benign,0.9990029,0.37394315880094375
307181,Bot,Bot,0.9988875,0.06314084481957705
307260,Benign,Benign,0.9991786,0.09810727562407406
307982,Brute Force -Web,Brute Force -Web,0.98625875,0.05283250871734191
308683,Bot,Bot,0.9986041,0.054754910738166074
308733,Infilteration,Infilteration,0.6181526,0.10009917177105421
309128,FTP-BruteForce,FTP-BruteForce,0.67992306,0.030254025320537337
309794,Infilteration,Infilteration,0.6830094,0.10848600952295995
309889,FTP-BruteForce,FTP-BruteForce,0.67992306,0.03036939086843693
310027,DDoS attacks-LOIC-HTTP,DDoS attacks-LOIC-HTTP,0.9991468,0.07418757919970365
310305,DoS attacks-GoldenEye,DoS attacks-GoldenEye,0.9999447,0.08153028940773588
310445,Benign,Benign,0.9883937,0.1186908757191828
310457,SSH-Bruteforce,SSH-Bruteforce,0.9995216,0.108562047344399
310702,DoS attacks-Slowloris,DoS attacks-Slowloris,0.9999559,0.04954066211666408
310796,DoS attacks-Hulk,DoS attacks-Hulk,0.9994381,0.13991532806408713
310997,DDOS attack-LOIC-UDP,DDOS attack-LOIC-UDP,0.98681307,0.4637718402749421
311497,DoS attacks-Hulk,DoS attacks-Hulk,0.9995301,0.3841535152254234
311643,DoS attacks-Hulk,DoS attacks-Hulk,0.99946254,0.15731312883098836
311685,Infilteration,Infilteration,0.87210274,0.12581179094762396
312043,Benign,Benign,0.99920565,0.1277511279334388
312105,DoS attacks-Slowloris,DoS attacks-Slowloris,0.99994373,0.07317888129659389
312336,Bot,Bot,0.998887,0.07705808881607612
312371,Infilteration,Infilteration,0.6700867,0.0979944105010967
313063,DDoS attacks-LOIC-HTTP,DDoS attacks-LOIC-HTTP,0.99920756,0.0676950928554535
313529,Brute Force -XSS,Brute Force -XSS,0.96876645,0.025798606749728892
313667,DDOS attack-LOIC-UDP,DDOS attack-LOIC-UDP,0.9910095,0.49517399505278037
314084,DoS attacks-Hulk,DoS attacks-Hulk,0.9993912,0.2686712115590967
314183,Brute Force -XSS,Brute Force -XSS,0.97995317,0.049047646554300606
314218,DDoS attacks-LOIC-HTTP,DDoS attacks-LOIC-HTTP,0.99915934,0.05256794235593154
315063,Brute Force -Web,Brute Force -Web,0.9896006,0.049391970100665206
315332,Benign,Benign,0.9885466,0.3763321003969855
315394,Benign,Benign,0.95262724,0.17150062932167898
315426,DDOS attack-LOIC-UDP,DDOS attack-LOIC-UDP,0.68953145,0.48132937649834917
317120,Brute Force -XSS,Brute Force -XSS,0.75741893,0.025126319760091054
317310,DDOS attack-HOIC,DDOS attack-HOIC,0.9994862,0.04774354949861781
318492,Brute Force -Web,Brute Force -Web,0.9896589,0.050902372280723585
318843,DDOS attack-HOIC,DDOS attack-HOIC,0.99946886,0.05914953837973991
319416,DoS attacks-Slowloris,DoS attacks-Slowloris,1.0,0.06278649903434286
319640,DoS attacks-Slowloris,DoS attacks-Slowloris,0.9999974,0.04942068845789771
319710,SSH-Bruteforce,SSH-Bruteforce,0.99959105,0.10503606661490861
320905,DDoS attacks-LOIC-HTTP,DDoS attacks-LOIC-HTTP,0.9984383,0.0708186376847405
320952,Brute Force -XSS,Brute Force -XSS,0.98186076,0.047436533045126406
321040,SSH-Bruteforce,SSH-Bruteforce,0.9995962,0.11354033695560883
321097,DDoS attacks-LOIC-HTTP,DDoS attacks-LOIC-HTTP,0.9992077,0.06821921264503472
321790,FTP-BruteForce,FTP-BruteForce,0.58461463,0.030707418935016273
322220,Bot,Bot,0.9989208,0.08354972968369301
323255,DDoS attacks-LOIC-HTTP,DDoS attacks-LOIC-HTTP,0.9991499,0.05096264253654925
323541,FTP-BruteForce,FTP-BruteForce,0.9131296,0.029987897525541984
323699,DDOS attack-HOIC,DDOS attack-HOIC,0.99941814,0.051127058167574235
324056,FTP-BruteForce,FTP-BruteForce,0.7710194,0.030671627209750363
324210,Benign,Benign,0.9998716,0.11188356661690102
324227,FTP-BruteForce,FTP-BruteForce,0.9630162,0.029986813510339938
325045,SSH-Bruteforce,SSH-Bruteforce,0.9995454,0.10630092524584411
325470,Infilteration,Infilteration,0.6469845,0.0952791011932177
326102,Bot,Bot,0.9988759,0.05094195894545861
326526,DoS attacks-SlowHTTPTest,DoS attacks-SlowHTTPTest,0.59965056,0.03002748171080083
326818,DoS attacks-Slowloris,DoS attacks-Slowloris,1.0,0.06898955629088166
326858,Benign,Benign,0.9998741,0.10489789861311527
326905,FTP-BruteForce,FTP-BruteForce,0.90882814,0.02914782173102015
328165,DoS attacks-Slowloris,DoS attacks-Slowloris,0.999348,0.033384678992831596
328754,Infilteration,Infilteration,0.52257234,0.10101333096045084
328840,Benign,Benign,0.9691822,0.16077431001667541
329146,SSH-Bruteforce,SSH-Bruteforce,0.9995216,0.10444870954195051
329442,SSH-Bruteforce,SSH-Bruteforce,0.9995956,0.11603930196806533
329485,DoS attacks-GoldenEye,DoS attacks-GoldenEye,0.9999522,0.07711071956033555
329947,SSH-Bruteforce,SSH-Bruteforce,0.99954456,0.09558902397671398
330383,Bot,Bot,0.99887973,0.08005559043725041
331386,DoS attacks-GoldenEye,DoS attacks-GoldenEye,0.999949,0.0783818042953075
331439,DDoS attacks-LOIC-HTTP,DDoS attacks-LOIC-HTTP,0.9992077,0.06495726434845916
331547,DDoS attacks-LOIC-HTTP,DDoS attacks-LOIC-HTTP,0.9992077,0.06553096430226824
332391,DoS attacks-GoldenEye,DoS attacks-GoldenEye,0.9999031,0.07661175964550515
332458,DDOS attack-LOIC-UDP,DDOS attack-LOIC-UDP,0.98871917,0.495415903092866
332537,FTP-BruteForce,FTP-BruteForce,0.921125,0.03164552969200929
332562,DDOS attack-HOIC,DDOS attack-HOIC,0.99941885,0.057022806483906896
333222,Benign,Benign,0.9708698,0.16691082136339697
333648,DDoS attacks-LOIC-HTTP,DDoS attacks-LOIC-HTTP,0.9991721,0.07012321339775462
335584,DoS attacks-GoldenEye,DoS attacks-GoldenEye,0.99990094,0.07748246728810881
336241,DoS attacks-SlowHTTPTest,DoS attacks-SlowHTTPTest,0.59965056,0.02938907313836825
336566,Bot,Bot,0.9988759,0.059020848532326475
338824,Brute Force -XSS,Brute Force -XSS,0.98399156,0.024478695319781307
339667,Brute Force -Web,Brute Force -Web,0.6743319,0.027296541379963624
339672,Bot,Bot,0.998887,0.06223067890884004
340658,DoS attacks-Slowloris,DoS attacks-Slowloris,0.99991715,0.06402406885227085
340972,DoS attacks-GoldenEye,DoS attacks-GoldenEye,0.9999231,0.08189489403317929
342541,Bot,Bot,0.998621,0.07168894912446067
343740,DoS attacks-Hulk,DoS attacks-Hulk,0.9995301,0.1294970338476329
344079,DoS attacks-GoldenEye,DoS attacks-GoldenEye,0.99984026,0.08114726016938778
344525,DoS attacks-SlowHTTPTest,DoS attacks-SlowHTTPTest,0.64445573,0.02994989161665995
344533,DoS attacks-Hulk,DoS attacks-Hulk,0.99953103,0.3238313737805836
344633,Bot,Bot,0.998621,0.05055430262131355
345186,DDOS attack-HOIC,DDOS attack-HOIC,0.99949014,0.047145358508124735
346512,Brute Force -XSS,Brute Force -XSS,0.9967739,0.030019020539054364
348298,FTP-BruteForce,FTP-BruteForce,0.5865937,0.029591155965871363
348721,Benign,Benign,0.9921645,0.39026509000471854
348766,DoS attacks-Hulk,DoS attacks-Hulk,0.99952996,0.3127809568647183
349906,Brute Force -Web,Brute Force -Web,0.9903716,0.03828075862313984
349945,Infilteration,Infilteration,0.605686,0.10183615221082454
350502,Benign,Benign,0.9927456,0.3544442782872842
351629,DDoS attacks-LOIC-HTTP,DDoS attacks-LOIC-HTTP,0.99920756,0.065128451880485
352406,DoS attacks-SlowHTTPTest,DoS attacks-SlowHTTPTest,0.59965056,0.02947471945806701
352421,DoS attacks-SlowHTTPTest,DoS attacks-SlowHTTPTest,0.74610543,0.030724843576548033
353051,Infilteration,Infilteration,0.6787502,0.09488446021489894
353305,DDOS attack-HOIC,DDOS attack-HOIC,0.9994123,0.046253332474375575
353346,DoS attacks-Slowloris,DoS attacks-Slowloris,0.99995804,0.07439068901316637
353691,DoS attacks-GoldenEye,DoS attacks-GoldenEye,0.99983025,0.07332066916990965
353766,DoS attacks-SlowHTTPTest,DoS attacks-SlowHTTPTest,0.8724209,0.030662007118371082
354580,DDoS attacks-LOIC-HTTP,DDoS attacks-LOIC-HTTP,0.99920756,0.08271901413404681
354905,DDoS attacks-LOIC-HTTP,DDoS attacks-LOIC-HTTP,0.99920756,0.06655219968854065
356751,Brute Force -Web,Brute Force -Web,0.96109253,0.04860406811454576
356787,DoS attacks-GoldenEye,DoS attacks-GoldenEye,0.99924624,0.07014320544496033
358097,SQL Injection,SQL Injection,0.95700216,0.052283916697853594
359145,DoS attacks-SlowHTTPTest,DoS attacks-SlowHTTPTest,0.660714,0.031614974281068076
359537,Benign,Benign,0.9753464,0.16296137141811673
361156,DDOS attack-HOIC,DDOS attack-HOIC,0.99949884,0.06072242034234998
361519,DDOS attack-LOIC-UDP,DDOS attack-LOIC-UDP,0.59873444,0.4934745754466442
362368,DoS attacks-GoldenEye,DoS attacks-GoldenEye,0.99989414,0.0833908703975047
362492,Bot,Bot,0.99888307,0.060769994975060526
362851,DoS attacks-GoldenEye,DoS attacks-GoldenEye,0.99978966,0.0794473328084001
363455,SSH-Bruteforce,SSH-Bruteforce,0.9995957,0.09948733256557996
363664,DoS attacks-Slowloris,DoS attacks-Slowloris,0.99995804,0.0635834730120346
363688,DoS attacks-GoldenEye,DoS attacks-GoldenEye,0.99975485,0.07056022010428564
363715,DDOS attack-LOIC-UDP,DDOS attack-LOIC-UDP,0.84763944,0.4886759496550823
364235,DDoS attacks-LOIC-HTTP,DDoS attacks-LOIC-HTTP,0.99915934,0.05847331428572333
364645,FTP-BruteForce,FTP-BruteForce,0.5865937,0.03067239683488976
364927,SSH-Bruteforce,SSH-Bruteforce,0.9995952,0.0973878426219621
365110,DDOS attack-LOIC-UDP,DDOS attack-LOIC-UDP,0.98853195,0.5054397782767851
365136,Infilteration,Infilteration,0.504111,0.09456042529665276
365833,Brute Force -Web,Brute Force -Web,0.91700566,0.02056437473198891
366290,Brute Force -Web,Brute Force -Web,0.9467071,0.025587337274949995
366662,FTP-BruteForce,FTP-BruteForce,0.9316143,0.03182703027540168
366663,DoS attacks-GoldenEye,DoS attacks-GoldenEye,0.99995434,0.07495561658000038
367918,DoS attacks-Hulk,DoS attacks-Hulk,0.9995321,0.2798933726653573
368211,SSH-Bruteforce,SSH-Bruteforce,0.9995957,0.10194110596309414
368802,Benign,Benign,0.9998135,0.0770480020822567
369335,DoS attacks-Slowloris,DoS attacks-Slowloris,0.9975668,0.031732793195611064
369453,FTP-BruteForce,FTP-BruteForce,0.63205576,0.03016491923126763
369740,FTP-BruteForce,FTP-BruteForce,0.67992306,0.03141855903597324
369784,DoS attacks-Hulk,DoS attacks-Hulk,0.9995296,0.30868914231831823
369975,SSH-Bruteforce,SSH-Bruteforce,0.9995958,0.1152766226041595
370271,DoS attacks-Hulk,DoS attacks-Hulk,0.99951434,0.23813433965608488
371195,DDOS attack-HOIC,DDOS attack-HOIC,0.99949074,0.0568262292056686
371468,DDOS attack-HOIC,DDOS attack-HOIC,0.9994198,0.038252321272058576
372674,DoS attacks-Slowloris,DoS attacks-Slowloris,0.99981266,0.06558763006826096
374398,Brute Force -XSS,Brute Force -XSS,0.9964862,0.027955384693549412
375348,DDoS attacks-LOIC-HTTP,DDoS attacks-LOIC-HTTP,0.99920756,0.05740437694537803
375398,DDOS attack-HOIC,DDOS attack-HOIC,0.99949,0.04728213109241797
376321,DoS attacks-GoldenEye,DoS attacks-GoldenEye,0.9999107,0.07966092401246516
376345,DoS attacks-Hulk,DoS attacks-Hulk,0.9995302,0.3593724495491676
376563,DDoS attacks-LOIC-HTTP,DDoS attacks-LOIC-HTTP,0.9992077,0.06425749061257535
376618,Bot,Bot,0.998857,0.07037055334940379
376680,DoS attacks-SlowHTTPTest,DoS attacks-SlowHTTPTest,0.59965056,0.030583755340747754
376910,DDOS attack-LOIC-UDP,DDOS attack-LOIC-UDP,0.98720807,0.47213728841136804
377236,Bot,Bot,0.9989231,0.05300017006514646
377864,DDoS attacks-LOIC-HTTP,DDoS attacks-LOIC-HTTP,0.9991468,0.059113704618664054
378164,DDOS attack-HOIC,DDOS attack-HOIC,0.9994198,0.04585718207880363
378382,Bot,Bot,0.998621,0.05577241011480705
378868,DDOS attack-LOIC-UDP,DDOS attack-LOIC-UDP,0.9933518,0.48583007107118414
379134,DDoS attacks-LOIC-HTTP,DDoS attacks-LOIC-HTTP,0.9991579,0.06515374448251632
379323,DDOS attack-LOIC-UDP,DDOS attack-LOIC-UDP,0.93904495,0.47806482032993525
379791,SQL Injection,SQL Injection,0.92231035,0.025109980584949843
380253,Bot,Bot,0.998887,0.06603912520589195
381870,DoS attacks-Hulk,DoS attacks-Hulk,0.9995315,0.3361084210894969
382053,Benign,Benign,0.99692696,0.12583610272556256
382638,DDoS attacks-LOIC-HTTP,DDoS attacks-LOIC-HTTP,0.9991721,0.06465754756895492
382654,DoS attacks-Slowloris,DoS attacks-Slowloris,0.999964,0.07159099353121245
382878,Benign,Benign,0.9987412,0.370423637981813
383016,FTP-BruteForce,FTP-BruteForce,0.63205576,0.03126709835759023
383599,Brute Force -Web,Brute Force -Web,0.99016726,0.046529970879627625
384388,FTP-BruteForce,FTP-BruteForce,0.90882814,0.030087307867438184
384785,Bot,Bot,0.998621,0.07004199486235874
385328,DoS attacks-SlowHTTPTest,DoS attacks-SlowHTTPTest,0.70314384,0.031254368821338585
385336,Brute Force -Web,Brute Force -Web,0.98920983,0.05016840887150431
385602,DoS attacks-Slowloris,DoS attacks-Slowloris,0.9962459,0.051034917342471675
385617,DoS attacks-Slowloris,DoS attacks-Slowloris,0.999348,0.04441734929834573
385798,Bot,Bot,0.998621,0.0609221690041607
385932,DoS attacks-Hulk,DoS attacks-Hulk,0.9995315,0.27750959301158906
385934,DoS attacks-Slowloris,DoS attacks-Slowloris,0.9988507,0.030397254999262158
386217,DDOS attack-LOIC-UDP,DDOS attack-LOIC-UDP,0.99343383,0.48991814524828836
387260,DoS attacks-SlowHTTPTest,DoS attacks-SlowHTTPTest,0.7348558,0.030489199687102286
387556,Brute Force -Web,Brute Force -Web,0.8924219,0.030197113552919763
388408,Benign,Benign,0.9805171,0.12161954523487739
389350,FTP-BruteForce,FTP-BruteForce,0.921125,0.029104793215847358
389415,Infilteration,Infilteration,0.6800929,0.11167963102081613
390091,DoS attacks-Hulk,DoS attacks-Hulk,0.9995301,0.2731639849283799
390292,Brute Force -XSS,Brute Force -XSS,0.9819301,0.047542487182756665
390371,DoS attacks-GoldenEye,DoS attacks-GoldenEye,0.99991643,0.07707850627590984
390775,SSH-Bruteforce,SSH-Bruteforce,0.9995956,0.11030561842890607
391731,DoS attacks-SlowHTTPTest,DoS attacks-SlowHTTPTest,0.74610543,0.03057674126593002
392548,Brute Force -Web,Brute Force -Web,0.97249764,0.02647641662739164
392665,Infilteration,Infilteration,0.6700867,0.10202355708397293
393056,SSH-Bruteforce,SSH-Bruteforce,0.9995958,0.11614384107500342
395416,Benign,Benign,0.99859315,0.1657651592818764
396789,DoS attacks-Slowloris,DoS attacks-Slowloris,0.99937916,0.036644764747500225
396967,Bot,Bot,0.9988759,0.04602100691783706
397039,DoS attacks-GoldenEye,DoS attacks-GoldenEye,0.999882,0.0955819303234885
397403,DoS attacks-Slowloris,DoS attacks-Slowloris,1.0,0.05738684479219425
398799,DDOS attack-LOIC-UDP,DDOS attack-LOIC-UDP,0.87255746,0.5032314595072873
398864,DoS attacks-GoldenEye,DoS attacks-GoldenEye,0.9999156,0.07776067840460699
399257,DDOS attack-LOIC-UDP,DDOS attack-LOIC-UDP,0.9770166,0.49924861781767615
399586,DoS attacks-Hulk,DoS attacks-Hulk,0.9995301,0.30110043153933563
399811,DDOS attack-HOIC,DDOS attack-HOIC,0.9994728,0.060230133641365535
400210,DDoS attacks-LOIC-HTTP,DDoS attacks-LOIC-HTTP,0.99914026,0.05180185795468628
401115,Infilteration,Infilteration,0.67091936,0.09932089208864081
402304,DoS attacks-GoldenEye,DoS attacks-GoldenEye,0.9998005,0.08594426164167701
403612,Infilteration,Infilteration,0.6700867,0.11408835761479075
403618,Bot,Bot,0.9986041,0.05927337994043835
403685,DDOS attack-HOIC,DDOS attack-HOIC,0.99942064,0.05102904296912081
403982,DDoS attacks-LOIC-HTTP,DDoS attacks-LOIC-HTTP,0.99920756,0.06040653520975958
404996,DoS attacks-SlowHTTPTest,DoS attacks-SlowHTTPTest,0.8116814,0.030956794859841708
405569,Bot,Bot,0.998887,0.06624650188845982
406393,DDOS attack-LOIC-UDP,DDOS attack-LOIC-UDP,0.99033606,0.5074045854806435
407937,Bot,Bot,0.99888307,0.06552208815054161
408181,DoS attacks-Slowloris,DoS attacks-Slowloris,0.9999547,0.052318623937263276
408518,Infilteration,Infilteration,0.7259198,0.10322171605057695
408538,SSH-Bruteforce,SSH-Bruteforce,0.9995969,0.10314739517936367
408785,DDOS attack-LOIC-UDP,DDOS attack-LOIC-UDP,0.8720211,0.471867597133965
410166,DoS attacks-Hulk,DoS attacks-Hulk,0.99948055,0.3295841760646965
410232,Bot,Bot,0.998887,0.06667380921114052
410467,FTP-BruteForce,FTP-BruteForce,0.70448196,0.03134157740360133
411378,DDoS attacks-LOIC-HTTP,DDoS attacks-LOIC-HTTP,0.9991423,0.04787789896466432
411418,DoS attacks-Hulk,DoS attacks-Hulk,0.99953055,0.40555239214413796
412307,DDOS attack-LOIC-UDP,DDOS attack-LOIC-UDP,0.9823866,0.49524156386991525
412338,DoS attacks-SlowHTTPTest,DoS attacks-SlowHTTPTest,0.59965056,0.030164628105687208
413460,DDOS attack-HOIC,DDOS attack-HOIC,0.999418,0.0394878576079577
413772,DDoS attacks-LOIC-HTTP,DDoS attacks-LOIC-HTTP,0.9991423,0.061656762992825076
414320,DoS attacks-Hulk,DoS attacks-Hulk,0.99952984,0.22594616268640522
414918,DDOS attack-LOIC-UDP,DDOS attack-LOIC-UDP,0.9734856,0.5031228132648433
415235,DDOS attack-LOIC-UDP,DDOS attack-LOIC-UDP,0.93226135,0.46269892615550867
415297,SQL Injection,SQL Injection,0.97850066,0.04701251909671467
415665,DDOS attack-HOIC,DDOS attack-HOIC,0.99942124,0.05399564802523649
415684,DoS attacks-GoldenEye,DoS attacks-GoldenEye,0.99990237,0.08149682789486712
415878,DDOS attack-LOIC-UDP,DDOS attack-LOIC-UDP,0.9987066,0.4958180159960297
415964,DDOS attack-LOIC-UDP,DDOS attack-LOIC-UDP,0.9928478,0.5074187060576822
416724,DoS attacks-SlowHTTPTest,DoS attacks-SlowHTTPTest,0.6418936,0.03104366622314081
417110,FTP-BruteForce,FTP-BruteForce,0.5865937,0.031008995228824277
417537,SSH-Bruteforce,SSH-Bruteforce,0.9995957,0.09995134273453488
417634,Brute Force -Web,Brute Force -Web,0.8445165,0.03977438080432194
418551,DDOS attack-HOIC,DDOS attack-HOIC,0.99949014,0.06217323377171069
418917,Infilteration,Infilteration,0.8807378,0.09956044301048261
420353,FTP-BruteForce,FTP-BruteForce,0.67992306,0.03022695594722824
420451,DoS attacks-GoldenEye,DoS attacks-GoldenEye,0.99990845,0.07369387591322873
420874,DDoS attacks-LOIC-HTTP,DDoS attacks-LOIC-HTTP,0.9984413,0.08218613396454222
421578,DoS attacks-GoldenEye,DoS attacks-GoldenEye,0.99981993,0.0714780644202253
421591,DDOS attack-HOIC,DDOS attack-HOIC,0.9994198,0.047539269030996145
421816,DoS attacks-SlowHTTPTest,DoS attacks-SlowHTTPTest,0.660714,0.030127262978931757
421817,Brute Force -Web,Brute Force -Web,0.96357995,0.04927193584512535
423486,Brute Force -XSS,Brute Force -XSS,0.9985702,0.028934424278438953
423527,DDOS attack-HOIC,DDOS attack-HOIC,0.99941957,0.03942471486539045
423765,Bot,Bot,0.9989231,0.04781367320347407
424233,DDOS attack-LOIC-UDP,DDOS attack-LOIC-UDP,0.9899682,0.4992370727094443
426472,Bot,Bot,0.9989208,0.04448161016593821
427344,DDoS attacks-LOIC-HTTP,DDoS attacks-LOIC-HTTP,0.99920756,0.0635233532215661
427584,DoS attacks-Slowloris,DoS attacks-Slowloris,0.9994112,0.030416805944656344
427612,DDoS attacks-LOIC-HTTP,DDoS attacks-LOIC-HTTP,0.99915934,0.05990644621396324
428942,DoS attacks-SlowHTTPTest,DoS attacks-SlowHTTPTest,0.74610543,0.031271216828249515
429478,SSH-Bruteforce,SSH-Bruteforce,0.9995908,0.10589198341990436
429861,DDoS attacks-LOIC-HTTP,DDoS attacks-LOIC-HTTP,0.9991499,0.06413186790710546
430386,DDoS attacks-LOIC-HTTP,DDoS attacks-LOIC-HTTP,0.9972362,0.05134481019896098
430855,Brute Force -Web,Brute Force -Web,0.9883017,0.024398488216426983
431553,DoS attacks-Hulk,DoS attacks-Hulk,0.9995061,0.2604375201255721
432002,FTP-BruteForce,FTP-BruteForce,0.84220636,0.0301856793209222
432325,DDOS attack-LOIC-UDP,DDOS attack-LOIC-UDP,0.98557657,0.4859421577067433
432465,Infilteration,Infilteration,0.76541257,0.10970084601036068
433631,DoS attacks-GoldenEye,DoS attacks-GoldenEye,0.99990237,0.07588476371517594
434271,Brute Force -XSS,Brute Force -XSS,0.9963613,0.02847145616064417
434291,DoS attacks-SlowHTTPTest,DoS attacks-SlowHTTPTest,0.7758121,0.030416187255785765
434619,Bot,Bot,0.9989208,0.04449522173892961
435047,Brute Force -Web,Brute Force -Web,0.99037457,0.04912770951801071
435082,Brute Force -Web,Brute Force -Web,0.9941704,0.029038730738583762
435789,Bot,Bot,0.9986187,0.0497069451418829
437479,DoS attacks-GoldenEye,DoS attacks-GoldenEye,0.9998902,0.09538742938792033
437486,SSH-Bruteforce,SSH-Bruteforce,0.99959534,0.09502990017972512
437912,DoS attacks-Slowloris,DoS attacks-Slowloris,0.998793,0.029863979287992892
438029,DoS attacks-GoldenEye,DoS attacks-GoldenEye,0.999907,0.07829230233793194
438062,DoS attacks-GoldenEye,DoS attacks-GoldenEye,0.9996605,0.08247846529556169
438174,Brute Force -Web,Brute Force -Web,0.9900344,0.05188100549685848
438668,DoS attacks-GoldenEye,DoS attacks-GoldenEye,0.99984515,0.08439164295345392
439451,DDOS attack-LOIC-UDP,DDOS attack-LOIC-UDP,0.9920183,0.4835416375379006
440080,DDoS attacks-LOIC-HTTP,DDoS attacks-LOIC-HTTP,0.99920756,0.07867314485693366
440968,Benign,Benign,0.96514,0.0703676054850585
441377,Infilteration,Infilteration,0.66407305,0.10919084525362055
442051,DoS attacks-Hulk,DoS attacks-Hulk,0.9995321,0.47387234786555865
442254,Benign,Benign,0.9973937,0.15243131013335576
442724,DoS attacks-SlowHTTPTest,DoS attacks-SlowHTTPTest,0.74610543,0.031167251849396282
442728,FTP-BruteForce,FTP-BruteForce,0.9630162,0.029911345713356963
443324,DoS attacks-GoldenEye,DoS attacks-GoldenEye,0.9999137,0.09860576192492743
444154,DDoS attacks-LOIC-HTTP,DDoS attacks-LOIC-HTTP,0.99915934,0.052724466828795946
444328,DoS attacks-Hulk,DoS attacks-Hulk,0.99952936,0.2107079993593528
444405,FTP-BruteForce,FTP-BruteForce,0.7224168,0.030398228136612526
444547,DoS attacks-Slowloris,DoS attacks-Slowloris,1.0,0.05532036405643981
445057,DDoS attacks-LOIC-HTTP,DDoS attacks-LOIC-HTTP,0.99920756,0.06451819729585984
445619,Brute Force -Web,Brute Force -Web,0.9869888,0.05192035761119518
445828,Benign,Benign,0.9994005,0.09630386378552613
446108,DoS attacks-GoldenEye,DoS attacks-GoldenEye,0.99990225,0.06653269252460581
447905,SSH-Bruteforce,SSH-Bruteforce,0.9995957,0.11088774231528775
450028,Bot,Bot,0.9989231,0.04522506128899839
450041,DDOS attack-HOIC,DDOS attack-HOIC,0.99942136,0.04177513211714423
450411,Infilteration,Infilteration,0.6617849,0.09215359729923112
450710,DoS attacks-Slowloris,DoS attacks-Slowloris,0.99995446,0.06306763334273302
450725,Benign,Benign,0.9690437,0.17070169753895603
453704,DDOS attack-LOIC-UDP,DDOS attack-LOIC-UDP,0.9804852,0.48611984131551667
453786,SSH-Bruteforce,SSH-Bruteforce,0.99959093,0.11640772698013535
453905,DDOS attack-LOIC-UDP,DDOS attack-LOIC-UDP,0.99479985,0.500394122020853
453987,DDoS attacks-LOIC-HTTP,DDoS attacks-LOIC-HTTP,0.99920756,0.05508815465088135
455710,DoS attacks-Hulk,DoS attacks-Hulk,0.9995315,0.14756251236714513
456116,DDOS attack-HOIC,DDOS attack-HOIC,0.9994862,0.0434107519171778
456153,FTP-BruteForce,FTP-BruteForce,0.58461463,0.030929947952013648
456941,FTP-BruteForce,FTP-BruteForce,0.9131296,0.03117407731141819
457587,Bot,Bot,0.998887,0.0630582416569142
457677,FTP-BruteForce,FTP-BruteForce,0.921125,0.029840411424099766
457891,Bot,Bot,0.998621,0.0548136852918204
458156,Benign,Benign,0.9731506,0.15404459284172645
458164,SSH-Bruteforce,SSH-Bruteforce,0.9995454,0.1076108185931689
459056,DoS attacks-GoldenEye,DoS attacks-GoldenEye,0.99990237,0.08063072547923589
459674,Infilteration,Infilteration,0.504111,0.09544125935980508
459821,DoS attacks-Slowloris,DoS attacks-Slowloris,0.99994373,0.060041925691505904
460443,Brute Force -XSS,Brute Force -XSS,0.9813685,0.04936815256008531
461617,DoS attacks-GoldenEye,DoS attacks-GoldenEye,0.9999025,0.076961899571664
462363,Bot,Bot,0.998621,0.07934859133912076
462813,Brute Force -Web,Brute Force -Web,0.9616066,0.0240701512656033
462908,FTP-BruteForce,FTP-BruteForce,0.9630162,0.03131175685707566
463389,DDOS attack-LOIC-UDP,DDOS attack-LOIC-UDP,0.6947349,0.490898684426718
463576,Infilteration,Infilteration,0.9078089,0.1304481421236946
464247,DDOS attack-LOIC-UDP,DDOS attack-LOIC-UDP,0.53105235,0.48122577522275445
464306,FTP-BruteForce,FTP-BruteForce,0.9538616,0.02986991133012784
464364,DDOS attack-HOIC,DDOS attack-HOIC,0.9994974,0.05175101487807687
464579,DoS attacks-Slowloris,DoS attacks-Slowloris,0.99767345,0.06614729383982831
465061,Brute Force -Web,Brute Force -Web,0.58456063,0.02214985448727891
465710,Bot,Bot,0.9989231,0.06570760485515215
467398,Bot,Bot,0.9979347,0.06266739082224582
467987,DDOS attack-LOIC-UDP,DDOS attack-LOIC-UDP,0.9567501,0.5049968523837649
468844,Benign,Benign,0.9995016,0.07785095262898034
469542,Bot,Bot,0.9988875,0.05605882325107481
469725,DoS attacks-Hulk,DoS attacks-Hulk,0.99952984,0.197271738425426
470203,DoS attacks-SlowHTTPTest,DoS attacks-SlowHTTPTest,0.660714,0.029388236500368148
470279,FTP-BruteForce,FTP-BruteForce,0.67992306,0.02905844759812315
470325,Brute Force -Web,Brute Force -Web,0.98627555,0.04723100478038378
472434,DoS attacks-Hulk,DoS attacks-Hulk,0.9993912,0.292173322669376
473684,SSH-Bruteforce,SSH-Bruteforce,0.9995908,0.11591401775410426
474140,DoS attacks-SlowHTTPTest,DoS attacks-SlowHTTPTest,0.74610543,0.031642659184033306
474577,Benign,Benign,0.99987483,0.08817914316618203
475200,DoS attacks-GoldenEye,DoS attacks-GoldenEye,0.9999076,0.08421569920726024
476206,Brute Force -XSS,Brute Force -XSS,0.9819609,0.04766640762797436
476336,Brute Force -XSS,Brute Force -XSS,0.9807628,0.048758314548489556
476416,FTP-BruteForce,FTP-BruteForce,0.9630162,0.03155533631217744
476835,DDOS attack-LOIC-UDP,DDOS attack-LOIC-UDP,0.993715,0.5078796091394828
477378,DDOS attack-HOIC,DDOS attack-HOIC,0.99949086,0.057480762722742385
477442,SSH-Bruteforce,SSH-Bruteforce,0.9995913,0.10857882031057353
477490,Infilteration,Infilteration,0.6430709,0.10557347989785604
477804,Benign,Benign,0.99949765,0.19816420254973932
477859,DDOS attack-LOIC-UDP,DDOS attack-LOIC-UDP,0.9810656,0.5120513527586826
478158,Benign,Benign,0.9773936,0.11295809404530399
479042,DoS attacks-SlowHTTPTest,DoS attacks-SlowHTTPTest,0.5044365,0.03060703257528774
480588,Benign,Benign,0.96666694,0.16429381252135444
480683,DoS attacks-GoldenEye,DoS attacks-GoldenEye,0.9999044,0.0741459935694363
481508,DoS attacks-Slowloris,DoS attacks-Slowloris,0.999964,0.056902209812137006
482463,DDoS attacks-LOIC-HTTP,DDoS attacks-LOIC-HTTP,0.99900645,0.06965600493160973
483042,Infilteration,Infilteration,0.67091936,0.09800750704810979
483707,Brute Force -Web,Brute Force -Web,0.96431524,0.04981587067651183
483764,Infilteration,Infilteration,0.6717477,0.1156689668062737
484171,Infilteration,Infilteration,0.66974586,0.11527259093900433
485957,DDOS attack-LOIC-UDP,DDOS attack-LOIC-UDP,0.5352156,0.499457683296063
486200,DDoS attacks-LOIC-HTTP,DDoS attacks-LOIC-HTTP,0.99915874,0.06346205907472025
486614,DDOS attack-LOIC-UDP,DDOS attack-LOIC-UDP,0.9038115,0.47817185139199503
487123,Infilteration,Infilteration,0.8051663,0.08913193888483639
487263,DDOS attack-LOIC-UDP,DDOS attack-LOIC-UDP,0.9899682,0.48772926527709404
487575,DoS attacks-Hulk,DoS attacks-Hulk,0.99951196,0.12625702128174943
487904,SSH-Bruteforce,SSH-Bruteforce,0.99949515,0.1082704170556027
488135,Benign,Benign,0.9701836,0.1573328824394883
488554,DDoS attacks-LOIC-HTTP,DDoS attacks-LOIC-HTTP,0.99920756,0.062328325592947875
489470,DoS attacks-GoldenEye,DoS attacks-GoldenEye,0.99990153,0.08164955719551759
490284,Benign,Benign,0.9710913,0.15264146255151245
490420,Benign,Benign,0.97630787,0.1577251424187076
491715,DoS attacks-SlowHTTPTest,DoS attacks-SlowHTTPTest,0.5760107,0.029397114333079122
491867,DoS attacks-SlowHTTPTest,DoS attacks-SlowHTTPTest,0.660714,0.030387770295397076
492119,SSH-Bruteforce,SSH-Bruteforce,0.99959546,0.09165028455112889
492815,DDOS attack-LOIC-UDP,DDOS attack-LOIC-UDP,0.9971431,0.5049592419031207
492964,DoS attacks-GoldenEye,DoS attacks-GoldenEye,0.9998049,0.07053350880525278
492969,DDOS attack-LOIC-UDP,DDOS attack-LOIC-UDP,0.9691394,0.47924965465538427
493139,DoS attacks-Hulk,DoS attacks-Hulk,0.9995302,0.26209727573044095
493521,DDOS attack-LOIC-UDP,DDOS attack-LOIC-UDP,0.94735867,0.5147421956442584
494293,DoS attacks-SlowHTTPTest,DoS attacks-SlowHTTPTest,0.5044365,0.029458933824789035
494676,DDoS attacks-LOIC-HTTP,DDoS attacks-LOIC-HTTP,0.99920756,0.06157304776532091
494780,DDoS attacks-LOIC-HTTP,DDoS attacks-LOIC-HTTP,0.9984352,0.06670509306169603
495251,DoS attacks-GoldenEye,DoS attacks-GoldenEye,0.9999156,0.07107491442165481
495254,DoS attacks-GoldenEye,DoS attacks-GoldenEye,0.99991465,0.07199379238003356
497947,DDOS attack-HOIC,DDOS attack-HOIC,0.99942064,0.04928599847458959
498379,Brute Force -Web,Brute Force -Web,0.9899199,0.05035274471124729
498647,Brute Force -Web,Brute Force -Web,0.9642936,0.04592874152099169
498997,DoS attacks-Slowloris,DoS attacks-Slowloris,0.9999646,0.051623868382260296
499490,DoS attacks-Slowloris,DoS attacks-Slowloris,1.0,0.07135997934581384
499534,DoS attacks-Hulk,DoS attacks-Hulk,0.9993912,0.2847417091269888
499736,Infilteration,Infilteration,0.67028034,0.1011523969247562
499961,DoS attacks-SlowHTTPTest,DoS attacks-SlowHTTPTest,0.8116814,0.030532225958207815
501190,DDOS attack-LOIC-UDP,DDOS attack-LOIC-UDP,0.994949,0.4908163897547202
502013,DoS attacks-GoldenEye,DoS attacks-GoldenEye,0.9999223,0.09011470917986453
502062,FTP-BruteForce,FTP-BruteForce,0.70448196,0.03126670113903629
502356,Benign,Benign,0.97204757,0.15021633774962373
503052,Brute Force -XSS,Brute Force -XSS,0.9796957,0.0480134534603035
504955,FTP-BruteForce,FTP-BruteForce,0.5865937,0.030595029896462567
505057,Bot,Bot,0.9986187,0.0636263573070408
505412,DoS attacks-Slowloris,DoS attacks-Slowloris,0.99995804,0.05955491791047518
505679,DDOS attack-LOIC-UDP,DDOS attack-LOIC-UDP,0.99359894,0.4891796323931067
506937,FTP-BruteForce,FTP-BruteForce,0.9316143,0.0306584601978086
507163,Bot,Bot,0.998621,0.05625944352866841
507836,DoS attacks-GoldenEye,DoS attacks-GoldenEye,0.99977976,0.07238803070879296
511434,DDoS attacks-LOIC-HTTP,DDoS attacks-LOIC-HTTP,0.9991417,0.05480529374887866
511643,DoS attacks-Hulk,DoS attacks-Hulk,0.99952865,0.21658394978649553
513633,DoS attacks-SlowHTTPTest,DoS attacks-SlowHTTPTest,0.660714,0.029897904185482438
514192,Infilteration,Infilteration,0.59890425,0.11058255027116859
514378,Brute Force -Web,Brute Force -Web,0.9943656,0.022643399528978314
515246,Benign,Benign,0.9998554,0.10276253256669976
516380,DDOS attack-HOIC,DDOS attack-HOIC,0.99946684,0.059077264538377805
516400,FTP-BruteForce,FTP-BruteForce,0.70448196,0.03096742109119599
517291,Brute Force -Web,Brute Force -Web,0.9567943,0.02442654327476279
517439,DoS attacks-Hulk,DoS attacks-Hulk,0.99952924,0.29525991255500705
517942,DDOS attack-LOIC-UDP,DDOS attack-LOIC-UDP,0.9904957,0.4953873583073386
518670,DDOS attack-LOIC-UDP,DDOS attack-LOIC-UDP,0.9938181,0.4950645744273372
518792,DDoS attacks-LOIC-HTTP,DDoS attacks-LOIC-HTTP,0.9992077,0.06576170674536841
519779,FTP-BruteForce,FTP-BruteForce,0.9630162,0.03178783261499796
519990,Brute Force -Web,Brute Force -Web,0.9899923,0.0511285417316657
520651,Benign,Benign,0.9636975,0.35486645039854625
520811,Brute Force -Web,Brute Force -Web,0.9902001,0.043690855792388184
521057,DoS attacks-Slowloris,DoS attacks-Slowloris,0.996207,0.04629128941590088
521271,DoS attacks-GoldenEye,DoS attacks-GoldenEye,0.9997975,0.08905580173811956
521292,DoS attacks-Slowloris,DoS attacks-Slowloris,0.99995184,0.04979714376418665
521606,Benign,Benign,0.97052675,0.15991693174556398
521700,Brute Force -XSS,Brute Force -XSS,0.98158586,0.025601931741534356
521856,DDoS attacks-LOIC-HTTP,DDoS attacks-LOIC-HTTP,0.9991416,0.04495082895506897
522204,Brute Force -XSS,Brute Force -XSS,0.997877,0.028411621790492947
522303,FTP-BruteForce,FTP-BruteForce,0.67992306,0.030930077659485744
523151,DDOS attack-HOIC,DDOS attack-HOIC,0.999418,0.04093721791785776
523818,Bot,Bot,0.998621,0.04805480108092142
524119,DoS attacks-Hulk,DoS attacks-Hulk,0.9995291,0.29747636948956657
524215,DoS attacks-Slowloris,DoS attacks-Slowloris,1.0,0.08927473230699223
524341,Brute Force -Web,Brute Force -Web,0.7830207,0.027149088791303178
524431,DoS attacks-SlowHTTPTest,DoS attacks-SlowHTTPTest,0.59965056,0.030734722504142997
525369,FTP-BruteForce,FTP-BruteForce,0.63205576,0.030764564096499192
527533,SSH-Bruteforce,SSH-Bruteforce,0.9995834,0.10696846762915924
527604,Brute Force -Web,Brute Force -Web,0.98755044,0.023758049028131834
527698,DoS attacks-GoldenEye,DoS attacks-GoldenEye,0.99976856,0.09689080998111532
528224,DDOS attack-HOIC,DDOS attack-HOIC,0.9994209,0.05073407673121022
528339,Infilteration,Infilteration,0.6485831,0.1178281594721613
529754,DoS attacks-GoldenEye,DoS attacks-GoldenEye,0.999907,0.092208125396678
530029,SSH-Bruteforce,SSH-Bruteforce,0.99959606,0.10373921969897548
530909,Benign,Benign,0.98102415,0.38391318625654436
531043,SSH-Bruteforce,SSH-Bruteforce,0.99959534,0.10144712943869161
531225,Brute Force -Web,Brute Force -Web,0.948074,0.02538467998944005
531234,DoS attacks-SlowHTTPTest,DoS attacks-SlowHTTPTest,0.8724209,0.031535249517292696
531260,DoS attacks-SlowHTTPTest,DoS attacks-SlowHTTPTest,0.8116814,0.030229512451582785
532195,Benign,Benign,0.9993311,0.3825086161080383
532594,Bot,Bot,0.9988759,0.058142597196042534
533025,Benign,Benign,0.9997974,0.06834988943666775
534785,DoS attacks-SlowHTTPTest,DoS attacks-SlowHTTPTest,0.7348558,0.03150003270485491
535830,DDOS attack-LOIC-UDP,DDOS attack-LOIC-UDP,0.9872709,0.48504472834176837
536590,DDOS attack-HOIC,DDOS attack-HOIC,0.99942124,0.04237098480936807
537001,DDoS attacks-LOIC-HTTP,DDoS attacks-LOIC-HTTP,0.9984413,0.08769139912357127
537705,Benign,Benign,0.99925715,0.0909367675989462
538877,Infilteration,Infilteration,0.66262794,0.08970983961433077
539934,DoS attacks-Hulk,DoS attacks-Hulk,0.99952996,0.32116429523384027
540314,DoS attacks-GoldenEye,DoS attacks-GoldenEye,0.99976116,0.08376540502329954
541578,Bot,Bot,0.998887,0.06207861835668227
541763,SSH-Bruteforce,SSH-Bruteforce,0.9995914,0.12335434469980755
541907,Benign,Benign,0.95660216,0.16654337245891426
542701,DoS attacks-Hulk,DoS attacks-Hulk,0.99952877,0.4664749850994119
542957,DoS attacks-GoldenEye,DoS attacks-GoldenEye,0.99990237,0.08050877135759948
543960,Infilteration,Infilteration,0.66407305,0.10260650420592021
544015,Bot,Bot,0.9988759,0.05441228678454757
544926,DoS attacks-SlowHTTPTest,DoS attacks-SlowHTTPTest,0.8116814,0.031154266474204384
545075,Benign,Benign,0.91185766,0.36991778880684
545107,SSH-Bruteforce,SSH-Bruteforce,0.9995956,0.10725797463463072
546412,DDoS attacks-LOIC-HTTP,DDoS attacks-LOIC-HTTP,0.9992077,0.074144769617984
547046,Infilteration,Infilteration,0.67234653,0.10720339190317307
547278,Benign,Benign,0.9689827,0.1629975638482326
547721,DDoS attacks-LOIC-HTTP,DDoS attacks-LOIC-HTTP,0.99731904,0.047627193524646505
548313,DoS attacks-SlowHTTPTest,DoS attacks-SlowHTTPTest,0.8724209,0.031009950202517733
548820,FTP-BruteForce,FTP-BruteForce,0.7193094,0.02997402648009373
549022,Brute Force -Web,Brute Force -Web,0.9726557,0.025081778556483303
549311,FTP-BruteForce,FTP-BruteForce,0.63205576,0.030821358282563827
549377,DoS attacks-Slowloris,DoS attacks-Slowloris,0.998793,0.03258339288422907
549420,Bot,Bot,0.9989231,0.06885775277379824
550396,Benign,Benign,0.99950457,0.08625740978402985
552052,DDOS attack-LOIC-UDP,DDOS attack-LOIC-UDP,0.9933518,0.5005359637144333
553764,Infilteration,Infilteration,0.6181526,0.10401743062492141
553967,DoS attacks-SlowHTTPTest,DoS attacks-SlowHTTPTest,0.7758121,0.02973440767238411
555078,Infilteration,Infilteration,0.6725764,0.10416192780501654
556032,Brute Force -XSS,Brute Force -XSS,0.9819301,0.05126765592775406
556093,DDOS attack-HOIC,DDOS attack-HOIC,0.99941885,0.05072593293745198
556135,FTP-BruteForce,FTP-BruteForce,0.921125,0.03043462331017588
556787,DDOS attack-LOIC-UDP,DDOS attack-LOIC-UDP,0.98853195,0.4902549870494365
557077,SQL Injection,SQL Injection,0.977962,0.04992481510985736
557127,Benign,Benign,0.9988574,0.3749129363450545
557149,DoS attacks-GoldenEye,DoS attacks-GoldenEye,0.9999076,0.08636995292173089
558508,DDOS attack-HOIC,DDOS attack-HOIC,0.99942124,0.038535053420180265
559418,Brute Force -XSS,Brute Force -XSS,0.98196316,0.04956626536865483
560298,Bot,Bot,0.9975656,0.04944617102758919
560414,DoS attacks-Slowloris,DoS attacks-Slowloris,0.99938333,0.031112395361829526
560964,FTP-BruteForce,FTP-BruteForce,0.9316143,0.031004602926978153
561247,FTP-BruteForce,FTP-BruteForce,0.9630162,0.030680683872772785
561844,Bot,Bot,0.9988568,0.07679586653711123
562744,DoS attacks-SlowHTTPTest,DoS attacks-SlowHTTPTest,0.59965056,0.03175838147726828
562807,SSH-Bruteforce,SSH-Bruteforce,0.9995962,0.10654084826155052
563067,DoS attacks-Hulk,DoS attacks-Hulk,0.999529,0.24637639826085067
563183,DDOS attack-HOIC,DDOS attack-HOIC,0.9994179,0.0497996176515586
563562,Benign,Benign,0.9747498,0.16129281501558823
566548,DDoS attacks-LOIC-HTTP,DDoS attacks-LOIC-HTTP,0.99920756,0.07169064609427966
567714,Brute Force -Web,Brute Force -Web,0.990351,0.05086721261953009
568374,DoS attacks-SlowHTTPTest,DoS attacks-SlowHTTPTest,0.64445573,0.0308799506998495
568690,DoS attacks-Slowloris,DoS attacks-Slowloris,0.99938154,0.08061996102321134
569841,FTP-BruteForce,FTP-BruteForce,0.63205576,0.03069038971331639
570266,DoS attacks-GoldenEye,DoS attacks-GoldenEye,0.9997248,0.06401845935956973
570893,FTP-BruteForce,FTP-BruteForce,0.55592954,0.031257480221808964
571160,DoS attacks-Slowloris,DoS attacks-Slowloris,1.0,0.08442634710947039
572251,DoS attacks-GoldenEye,DoS attacks-GoldenEye,0.99990237,0.07784196937164878
572369,DDOS attack-HOIC,DDOS attack-HOIC,0.9994197,0.058500834325055595
572379,Brute Force -XSS,Brute Force -XSS,0.9924164,0.029168721150564902
573050,Infilteration,Infilteration,0.6700867,0.10439417428402264
573092,Bot,Bot,0.998621,0.06255319887589561
573424,Brute Force -XSS,Brute Force -XSS,0.9278162,0.025019359061262847
574243,FTP-BruteForce,FTP-BruteForce,0.921125,0.030636086593900824
574359,DoS attacks-SlowHTTPTest,DoS attacks-SlowHTTPTest,0.59965056,0.029936632163719112
574820,FTP-BruteForce,FTP-BruteForce,0.9316143,0.030024452217309205
575894,DoS attacks-GoldenEye,DoS attacks-GoldenEye,0.99982965,0.07574844738025122
576116,Benign,Benign,0.9413103,0.3469307071488227
576383,SSH-Bruteforce,SSH-Bruteforce,0.99959606,0.12285612687656944
576568,Bot,Bot,0.998621,0.050823036513220066
576604,SSH-Bruteforce,SSH-Bruteforce,0.9995958,0.12427096256869552
577124,Infilteration,Infilteration,0.6700867,0.10850579546835559
577200,Brute Force -Web,Brute Force -Web,0.5546014,0.023673603711246938
577574,DoS attacks-SlowHTTPTest,DoS attacks-SlowHTTPTest,0.74610543,0.03002073425887497
577891,DDOS attack-HOIC,DDOS attack-HOIC,0.99941957,0.050778496157224184
579008,DoS attacks-GoldenEye,DoS attacks-GoldenEye,0.99990237,0.09779375530726753
579551,DoS attacks-GoldenEye,DoS attacks-GoldenEye,0.9998938,0.09577674344027476
579553,Benign,Benign,0.9883101,0.10341346590257416
579996,SSH-Bruteforce,SSH-Bruteforce,0.9995913,0.11377420039272745
580531,DDOS attack-HOIC,DDOS attack-HOIC,0.9994686,0.05799684931192195
580699,DDOS attack-HOIC,DDOS attack-HOIC,0.9994197,0.04378749590339115
581812,DoS attacks-GoldenEye,DoS attacks-GoldenEye,0.9997924,0.07274336390216096
582540,DDOS attack-HOIC,DDOS attack-HOIC,0.99942136,0.04358274261038397
582782,DoS attacks-Slowloris,DoS attacks-Slowloris,1.0,0.07889371857592709
582796,Benign,Benign,0.9756015,0.13527317554484364
583069,Benign,Benign,0.99950457,0.0783124730104866
583977,Infilteration,Infilteration,0.71292907,0.10656265335555315
586068,DDoS attacks-LOIC-HTTP,DDoS attacks-LOIC-HTTP,0.99916065,0.05920627716244953
586185,DoS attacks-SlowHTTPTest,DoS attacks-SlowHTTPTest,0.8724209,0.030958443913804645
586287,SSH-Bruteforce,SSH-Bruteforce,0.99959534,0.11429130375092766
587143,SSH-Bruteforce,SSH-Bruteforce,0.9995937,0.1020426754611996
588054,Benign,Benign,0.9978643,0.3647927579983399
588686,DoS attacks-Slowloris,DoS attacks-Slowloris,0.999964,0.05429926538004848
588707,DDOS attack-HOIC,DDOS attack-HOIC,0.9994198,0.055276378701016204
588815,DoS attacks-Slowloris,DoS attacks-Slowloris,0.99938154,0.057661069214864025
589312,DoS attacks-Slowloris,DoS attacks-Slowloris,0.99999774,0.05533985685018361
589510,Benign,Benign,0.9941955,0.40232080015048144
589638,Bot,Bot,0.9989231,0.06561099870703424
589832,SSH-Bruteforce,SSH-Bruteforce,0.9995863,0.11485942081471856
590357,DoS attacks-SlowHTTPTest,DoS attacks-SlowHTTPTest,0.8116814,0.029970376200289972
590730,DDOS attack-LOIC-UDP,DDOS attack-LOIC-UDP,0.98557657,0.496730359406341
592629,DDOS attack-HOIC,DDOS attack-HOIC,0.99942064,0.04835692888279586
592661,DDoS attacks-LOIC-HTTP,DDoS attacks-LOIC-HTTP,0.99915934,0.047979616027298944
592759,FTP-BruteForce,FTP-BruteForce,0.5865937,0.030038998956989804
594484,DoS attacks-Hulk,DoS attacks-Hulk,0.99953055,0.11619666094269954
596381,DoS attacks-Hulk,DoS attacks-Hulk,0.99953055,0.2569786243079575
596432,DoS attacks-Hulk,DoS attacks-Hulk,0.9995315,0.18110130346807696
596463,DDOS attack-HOIC,DDOS attack-HOIC,0.99942136,0.052690157367619284
598293,Brute Force -XSS,Brute Force -XSS,0.9819609,0.04859981753482512
599171,SSH-Bruteforce,SSH-Bruteforce,0.99959606,0.09253053843016401
600283,DDOS attack-LOIC-UDP,DDOS attack-LOIC-UDP,0.9777494,0.48904652698485107
601025,Infilteration,Infilteration,0.8961448,0.11998902136935963
601076,Benign,Benign,0.9735551,0.1622480021634357
601248,Benign,Benign,0.9123968,0.36659782761184534
602074,DDOS attack-LOIC-UDP,DDOS attack-LOIC-UDP,0.7937968,0.48538195005831863
602468,SSH-Bruteforce,SSH-Bruteforce,0.9995958,0.1019119686113007
603280,DoS attacks-GoldenEye,DoS attacks-GoldenEye,0.9998528,0.07846064975487255
603794,DoS attacks-SlowHTTPTest,DoS attacks-SlowHTTPTest,0.8724209,0.030231634264946683
603879,DoS attacks-Hulk,DoS attacks-Hulk,0.9995302,0.3264105204531914
604539,DoS attacks-SlowHTTPTest,DoS attacks-SlowHTTPTest,0.8724209,0.030564349095440257
606155,FTP-BruteForce,FTP-BruteForce,0.9630162,0.029587226727657012
607173,DDOS attack-HOIC,DDOS attack-HOIC,0.99941885,0.04735070221628168
607258,DDOS attack-HOIC,DDOS attack-HOIC,0.9994179,0.04217633354265704
607340,DoS attacks-Slowloris,DoS attacks-Slowloris,1.0,0.06907979568422662
608635,DDoS attacks-LOIC-HTTP,DDoS attacks-LOIC-HTTP,0.9992077,0.05656693023036341
610381,DoS attacks-GoldenEye,DoS attacks-GoldenEye,0.9999429,0.08353027355789855
610547,DoS attacks-Slowloris,DoS attacks-Slowloris,0.998793,0.035116301745882206
611074,Infilteration,Infilteration,0.65974724,0.13272062841989674
611368,DoS attacks-Hulk,DoS attacks-Hulk,0.9986343,0.23652140200864158
612632,DDOS attack-HOIC,DDOS attack-HOIC,0.9994734,0.05549431023280238
612695,Brute Force -Web,Brute Force -Web,0.98919404,0.047305315433276096
614266,Brute Force -Web,Brute Force -Web,0.9187693,0.02789960877456532
614472,Brute Force -Web,Brute Force -Web,0.9903695,0.049888665847478086
615138,DoS attacks-Hulk,DoS attacks-Hulk,0.9993813,0.6761449694867625
616668,DDoS attacks-LOIC-HTTP,DDoS attacks-LOIC-HTTP,0.99915934,0.06118652869618302
617191,DDOS attack-HOIC,DDOS attack-HOIC,0.9994174,0.04916168710446811
618615,DoS attacks-Hulk,DoS attacks-Hulk,0.99952376,0.26232260379330463
618663,Brute Force -Web,Brute Force -Web,0.9900502,0.035303407599893144
619960,DoS attacks-Hulk,DoS attacks-Hulk,0.9995315,0.3285048970392741
620071,FTP-BruteForce,FTP-BruteForce,0.63205576,0.028963620956973024
620109,FTP-BruteForce,FTP-BruteForce,0.921125,0.030857446296763902
621479,DDOS attack-LOIC-UDP,DDOS attack-LOIC-UDP,0.9951806,0.50787246482795
621707,DDOS attack-LOIC-UDP,DDOS attack-LOIC-UDP,0.9942502,0.4954337869325829
621721,Benign,Benign,0.99708956,0.09742062075274494
621782,SSH-Bruteforce,SSH-Bruteforce,0.99959534,0.11128634924305647
621884,FTP-BruteForce,FTP-BruteForce,0.921125,0.029547279268652082
622597,Bot,Bot,0.9988875,0.06908279359773617
622836,SSH-Bruteforce,SSH-Bruteforce,0.9995216,0.09573956108150905
622854,DoS attacks-Hulk,DoS attacks-Hulk,0.9995301,0.13297377545607136
622888,DDOS attack-HOIC,DDOS attack-HOIC,0.999419,0.06137370098271022
623914,DoS attacks-SlowHTTPTest,DoS attacks-SlowHTTPTest,0.74610543,0.030662284656256644
624071,DoS attacks-SlowHTTPTest,DoS attacks-SlowHTTPTest,0.7348558,0.02922256377286614
624147,SSH-Bruteforce,SSH-Bruteforce,0.9995912,0.10821241905325041
624957,DoS attacks-GoldenEye,DoS attacks-GoldenEye,0.9998894,0.07821416284246319
625380,Benign,Benign,0.99235356,0.39281385613498576
625897,Brute Force -Web,Brute Force -Web,0.9622297,0.047921361139114715
626359,DDOS attack-LOIC-UDP,DDOS attack-LOIC-UDP,0.9948571,0.4858278900806209
626687,FTP-BruteForce,FTP-BruteForce,0.9316143,0.02998720938421895
626732,DoS attacks-Hulk,DoS attacks-Hulk,0.99952376,0.19228260654796592
628867,Benign,Benign,0.99932384,0.39979646805253133
629710,DoS attacks-Hulk,DoS attacks-Hulk,0.9995321,0.09152001843760227
629734,Brute Force -Web,Brute Force -Web,0.9903312,0.049183365580742766
630081,Brute Force -XSS,Brute Force -XSS,0.88592446,0.025983261519867518
630498,DoS attacks-GoldenEye,DoS attacks-GoldenEye,0.99991775,0.08846245166230016
633069,FTP-BruteForce,FTP-BruteForce,0.55592954,0.030136776528586706
633244,DoS attacks-GoldenEye,DoS attacks-GoldenEye,0.99990237,0.07148457474900238
634085,Benign,Benign,0.99987483,0.09950332870368839
635380,DoS attacks-Hulk,DoS attacks-Hulk,0.99952996,0.21184230873989107
635670,DoS attacks-Slowloris,DoS attacks-Slowloris,0.99827254,0.05594646114781998
635904,FTP-BruteForce,FTP-BruteForce,0.5825916,0.031854237575580036
636835,FTP-BruteForce,FTP-BruteForce,0.86240774,0.031243310457716555
636981,DoS attacks-Slowloris,DoS attacks-Slowloris,0.999964,0.045465199625506436
637430,Bot,Bot,0.9988901,0.07906156862154667
638285,DDoS attacks-LOIC-HTTP,DDoS attacks-LOIC-HTTP,0.99917406,0.061367938232185226
638364,DoS attacks-GoldenEye,DoS attacks-GoldenEye,0.99990237,0.0708746743941766
638798,DoS attacks-SlowHTTPTest,DoS attacks-SlowHTTPTest,0.74610543,0.031175102825266254
639271,DDOS attack-LOIC-UDP,DDOS attack-LOIC-UDP,0.9823866,0.4913125009160948
639539,DoS attacks-Hulk,DoS attacks-Hulk,0.9995203,0.4042323823668972
640875,DDOS attack-HOIC,DDOS attack-HOIC,0.99942136,0.04066492376503439
641423,Brute Force -Web,Brute Force -Web,0.9897736,0.05319365438520696
641553,Infilteration,Infilteration,0.6823166,0.11342304312002871
641947,Bot,Bot,0.998887,0.06710925076420426
642177,DoS attacks-GoldenEye,DoS attacks-GoldenEye,0.99991286,0.08241500104855581
643445,DDoS attacks-LOIC-HTTP,DDoS attacks-LOIC-HTTP,0.99920756,0.07123516879509184
644030,DoS attacks-Slowloris,DoS attacks-Slowloris,0.9974228,0.06241489530933708
644398,Infilteration,Infilteration,0.5041136,0.09814517533776956
644982,DDOS attack-HOIC,DDOS attack-HOIC,0.99949086,0.057431274807908106
645824,Benign,Benign,0.99453545,0.17436269223693135
645963,Infilteration,Infilteration,0.89554965,0.13034097196990557
646091,DDOS attack-LOIC-UDP,DDOS attack-LOIC-UDP,0.994949,0.4792450109522659
646460,DDOS attack-HOIC,DDOS attack-HOIC,0.9994179,0.05133816093602206
646707,DoS attacks-SlowHTTPTest,DoS attacks-SlowHTTPTest,0.8724209,0.031429181429780906
647962,DDOS attack-HOIC,DDOS attack-HOIC,0.99942124,0.04812644381350761
648306,DoS attacks-SlowHTTPTest,DoS attacks-SlowHTTPTest,0.8724209,0.03160737205458253
648799,Benign,Benign,0.9871163,0.39257414299098736
651111,SSH-Bruteforce,SSH-Bruteforce,0.99959546,0.10979302412234482
651743,Brute Force -XSS,Brute Force -XSS,0.9808564,0.04829812169733516
651755,Bot,Bot,0.9989184,0.06586236770903453
651801,SSH-Bruteforce,SSH-Bruteforce,0.9995958,0.1126715492515159
652230,DDOS attack-HOIC,DDOS attack-HOIC,0.999418,0.05807506689199471
653293,Bot,Bot,0.998887,0.06825734929397043
653674,SSH-Bruteforce,SSH-Bruteforce,0.9995957,0.10580486773928466
654258,DDOS attack-LOIC-UDP,DDOS attack-LOIC-UDP,0.6755972,0.4999471747665468
654276,Brute Force -Web,Brute Force -Web,0.96141076,0.053425719799210514
654659,DoS attacks-Slowloris,DoS attacks-Slowloris,0.99995804,0.04817907715273917
657218,DoS attacks-SlowHTTPTest,DoS attacks-SlowHTTPTest,0.74610543,0.029701937181607962
657540,DDoS attacks-LOIC-HTTP,DDoS attacks-LOIC-HTTP,0.99920756,0.07559189801914701
658282,Benign,Benign,0.98010546,0.10916786811118129
659806,FTP-BruteForce,FTP-BruteForce,0.67992306,0.03037976497229833
661051,DDoS attacks-LOIC-HTTP,DDoS attacks-LOIC-HTTP,0.9992077,0.07279181097466192
661499,FTP-BruteForce,FTP-BruteForce,0.7193094,0.02924666103649043
662079,Brute Force -Web,Brute Force -Web,0.98672885,0.02687114468485663
662490,DDOS attack-LOIC-UDP,DDOS attack-LOIC-UDP,0.9926117,0.4833660192586563
662673,DDoS attacks-LOIC-HTTP,DDoS attacks-LOIC-HTTP,0.99915934,0.04994649681536856
663020,Brute Force -Web,Brute Force -Web,0.7830207,0.02569550120305064
663872,DDoS attacks-LOIC-HTTP,DDoS attacks-LOIC-HTTP,0.9991423,0.06334750211683493
664110,DDOS attack-HOIC,DDOS attack-HOIC,0.9994937,0.04963178820727254
664226,Bot,Bot,0.998621,0.05876883985759185
665520,DoS attacks-SlowHTTPTest,DoS attacks-SlowHTTPTest,0.74610543,0.03198775825641964
665639,Brute Force -Web,Brute Force -Web,0.98994446,0.03936564958889688
666222,DoS attacks-SlowHTTPTest,DoS attacks-SlowHTTPTest,0.64445573,0.029825286322063382
666886,Bot,Bot,0.9986168,0.05602757168030692
668877,DDOS attack-LOIC-UDP,DDOS attack-LOIC-UDP,0.84763944,0.4926133210942336
669816,Brute Force -XSS,Brute Force -XSS,0.97963667,0.0486040471129664
670092,DDOS attack-LOIC-UDP,DDOS attack-LOIC-UDP,0.8317432,0.49848899433100713
670290,DoS attacks-GoldenEye,DoS attacks-GoldenEye,0.99984944,0.06808161376548227
670741,DDOS attack-HOIC,DDOS attack-HOIC,0.9994174,0.044659992439677554
670921,DoS attacks-Hulk,DoS attacks-Hulk,0.9995297,0.35402432987315113
672508,Bot,Bot,0.998621,0.05105172907894595
672705,DoS attacks-SlowHTTPTest,DoS attacks-SlowHTTPTest,0.6418936,0.03168864393972515
672978,DDOS attack-HOIC,DDOS attack-HOIC,0.9994209,0.07111626891827327
673039,DoS attacks-Hulk,DoS attacks-Hulk,0.9995315,0.31086468637421016
673404,DDOS attack-LOIC-UDP,DDOS attack-LOIC-UDP,0.9935829,0.49319352525462756
673417,DoS attacks-Hulk,DoS attacks-Hulk,0.9995315,0.16539372404560604
673957,SSH-Bruteforce,SSH-Bruteforce,0.9995962,0.10280915234574728
674131,Infilteration,Infilteration,0.67091936,0.10110518512726274
674905,FTP-BruteForce,FTP-BruteForce,0.6425469,0.030692236815986873
675226,DoS attacks-SlowHTTPTest,DoS attacks-SlowHTTPTest,0.8724209,0.02983728479744996
675268,DoS attacks-Slowloris,DoS attacks-Slowloris,0.99995804,0.05684776145186177
675565,DoS attacks-GoldenEye,DoS attacks-GoldenEye,0.99995244,0.07617104423915633
676095,Brute Force -Web,Brute Force -Web,0.98961675,0.05098528104337685
677410,Benign,Benign,0.98572516,0.1712783633586007
678987,DDoS attacks-LOIC-HTTP,DDoS attacks-LOIC-HTTP,0.99724233,0.06091366331563741
679360,Infilteration,Infilteration,0.8228528,0.09596262436331748
679619,Benign,Benign,0.96826136,0.13789242630806275
680013,DoS attacks-SlowHTTPTest,DoS attacks-SlowHTTPTest,0.74610543,0.030553351772410697
680240,DDoS attacks-LOIC-HTTP,DDoS attacks-LOIC-HTTP,0.99920756,0.07687917721265347
680325,Infilteration,Infilteration,0.6700867,0.10222645889217497
680502,Bot,Bot,0.9986187,0.06591039315595981
681769,DoS attacks-GoldenEye,DoS attacks-GoldenEye,0.99991405,0.07661872541168413
683028,Benign,Benign,0.99934167,0.41530303167914806
684787,DDoS attacks-LOIC-HTTP,DDoS attacks-LOIC-HTTP,0.99920756,0.06240988845058604
684906,DDoS attacks-LOIC-HTTP,DDoS attacks-LOIC-HTTP,0.9991461,0.06765787140990753
684960,DoS attacks-GoldenEye,DoS attacks-GoldenEye,0.999907,0.07551410335637587
685369,DoS attacks-Hulk,DoS attacks-Hulk,0.9995302,0.3111980069080853
685591,Brute Force -Web,Brute Force -Web,0.9903591,0.05071128730192365
686123,FTP-BruteForce,FTP-BruteForce,0.921125,0.03075399933608447
687709,DDOS attack-LOIC-UDP,DDOS attack-LOIC-UDP,0.99239266,0.47261167220144107
687755,DoS attacks-Hulk,DoS attacks-Hulk,0.99953055,0.16542848302400115
687914,FTP-BruteForce,FTP-BruteForce,0.921125,0.03099867069832507
687973,DoS attacks-Slowloris,DoS attacks-Slowloris,0.99995184,0.05666520787770579
688215,DoS attacks-GoldenEye,DoS attacks-GoldenEye,0.99991214,0.07999083401269769
688862,DDOS attack-HOIC,DDOS attack-HOIC,0.99941564,0.04898923662559318
689226,Infilteration,Infilteration,0.6430709,0.09830260850880268
689373,FTP-BruteForce,FTP-BruteForce,0.63205576,0.030830860396553028
689405,DDOS attack-LOIC-UDP,DDOS attack-LOIC-UDP,0.9928478,0.5044385990876294
689639,Bot,Bot,0.99888355,0.045790564476991924
689656,DoS attacks-GoldenEye,DoS attacks-GoldenEye,0.997493,0.07475091058367678
691430,Brute Force -Web,Brute Force -Web,0.98625875,0.051779094511555934
691499,FTP-BruteForce,FTP-BruteForce,0.9630162,0.031205831197848588
692193,FTP-BruteForce,FTP-BruteForce,0.9316143,0.029113755042013745
693497,Infilteration,Infilteration,0.6622575,0.10739060160194369
694995,FTP-BruteForce,FTP-BruteForce,0.921125,0.03053327309654663
695015,DDOS attack-LOIC-UDP,DDOS attack-LOIC-UDP,0.9924784,0.4967986993032627
695058,Brute Force -XSS,Brute Force -XSS,0.9984516,0.02806163422849728
695173,DDOS attack-HOIC,DDOS attack-HOIC,0.999418,0.04603110090369755
695579,DoS attacks-Slowloris,DoS attacks-Slowloris,0.99938333,0.03320875097407916
695822,FTP-BruteForce,FTP-BruteForce,0.921125,0.030556013833935247
695843,Brute Force -XSS,Brute Force -XSS,0.9421426,0.029252437882700155
695895,SSH-Bruteforce,SSH-Bruteforce,0.99959487,0.0974115278424943
696877,SSH-Bruteforce,SSH-Bruteforce,0.9995962,0.11707568530684309
697328,DoS attacks-Hulk,DoS attacks-Hulk,0.99953187,0.3292118301069038
697769,Brute Force -Web,Brute Force -Web,0.98963684,0.048149792666158486
697795,DoS attacks-Hulk,DoS attacks-Hulk,0.99952376,0.5305243577471286
698896,DoS attacks-GoldenEye,DoS attacks-GoldenEye,0.9999089,0.09366887636532795
699653,SSH-Bruteforce,SSH-Bruteforce,0.9995447,0.10233999930811133
699804,FTP-BruteForce,FTP-BruteForce,0.9316143,0.029898838040162468
699953,Infilteration,Infilteration,0.63797796,0.10821946320331177
