sample_id,true_label,stability_jaccard5_mean,stability_jaccard5_min,n_seed_pairs
5639,Infilteration,0.5650510204081632,0.25,28
8334,DoS attacks-Slowloris,0.29109977324263037,0.1111111111111111,28
12685,DoS attacks-SlowHTTPTest,0.3605442176870749,0.25,28
13941,DoS attacks-SlowHTTPTest,0.32653061224489793,0.25,28
14421,DDOS attack-HOIC,0.366921768707483,0.25,28
18565,SSH-Bruteforce,0.4965986394557823,0.42857142857142855,28
19068,Brute Force -XSS,0.33857709750566894,0.1111111111111111,28
20056,Brute Force -XSS,0.21343537414965988,0.0,28
26534,DoS attacks-Slowloris,0.25283446712018137,0.1111111111111111,28
29876,DDoS attacks-LOIC-HTTP,0.5093537414965986,0.25,28
30515,Bot,0.4668367346938775,0.25,28
35439,SSH-Bruteforce,0.5340136054421768,0.42857142857142855,28
42318,DoS attacks-Hulk,0.3924319727891156,0.25,28
42573,Brute Force -Web,0.16071428571428567,0.0,28
44912,FTP-BruteForce,0.3903061224489796,0.25,28
45365,DoS attacks-GoldenEye,0.38605442176870747,0.25,28
46168,SQL Injection,0.40306122448979587,0.25,28
46271,Bot,0.447704081632653,0.25,28
49395,DoS attacks-SlowHTTPTest,0.3626700680272109,0.25,28
50452,DoS attacks-SlowHTTPTest,0.39880952380952384,0.25,28
51441,FTP-BruteForce,0.3924319727891157,0.25,28
58379,DDOS attack-LOIC-UDP,0.7142857142857144,0.6666666666666666,28
58919,DDoS attacks-LOIC-HTTP,0.5310374149659863,0.25,28
62914,DDoS attacks-LOIC-HTTP,0.38392857142857145,0.25,28
65664,SSH-Bruteforce,0.6360544217687075,0.42857142857142855,28
65934,Benign,0.6989795918367345,0.42857142857142855,28
66907,DoS attacks-SlowHTTPTest,0.4553571428571428,0.25,28
68038,Benign,0.6887755102040816,0.42857142857142855,28
68799,SQL Injection,0.6020408163265306,0.42857142857142855,28
69550,SSH-Bruteforce,0.49022108843537415,0.25,28
72472,SSH-Bruteforce,0.5374149659863946,0.42857142857142855,28
73380,DDOS attack-HOIC,0.31590136054421775,0.25,28
73653,DoS attacks-GoldenEye,0.31731859410430835,0.1111111111111111,28
74683,Infilteration,0.5276360544217688,0.25,28
76270,DDOS attack-LOIC-UDP,0.6649659863945578,0.42857142857142855,28
78135,DoS attacks-Slowloris,0.2733843537414966,0.1111111111111111,28
78982,DDOS attack-HOIC,0.37542517006802717,0.25,28
80241,DoS attacks-Hulk,0.4030612244897959,0.25,28
86164,Brute Force -Web,0.14866780045351474,0.0,28
88694,DoS attacks-SlowHTTPTest,0.3860544217687075,0.25,28
89190,Infilteration,0.5935374149659863,0.42857142857142855,28
90525,DDoS attacks-LOIC-HTTP,0.6683673469387755,0.42857142857142855,28
91374,SSH-Bruteforce,0.4795918367346938,0.42857142857142855,28
92086,FTP-BruteForce,0.36904761904761907,0.25,28
99470,DoS attacks-Slowloris,0.26346371882086167,0.1111111111111111,28
99643,Bot,0.3562925170068027,0.25,28
100422,Bot,0.5221088435374149,0.42857142857142855,28
102666,FTP-BruteForce,0.42857142857142866,0.25,28
107145,DDOS attack-HOIC,0.369047619047619,0.25,28
107842,Benign,0.7159863945578232,0.42857142857142855,28
108720,Brute Force -XSS,0.36975623582766437,0.1111111111111111,28
108787,DDoS attacks-LOIC-HTTP,0.38605442176870747,0.25,28
109595,DoS attacks-Hulk,0.445578231292517,0.42857142857142855,28
110687,FTP-BruteForce,0.3562925170068027,0.25,28
110737,DDoS attacks-LOIC-HTTP,0.4002267573696145,0.1111111111111111,28
113592,Bot,0.3584183673469388,0.25,28
120459,SSH-Bruteforce,0.6479591836734694,0.42857142857142855,28
131694,SSH-Bruteforce,0.629251700680272,0.42857142857142855,28
132419,Infilteration,0.6709183673469388,0.25,28
136157,Benign,0.6649659863945578,0.42857142857142855,28
139948,DoS attacks-SlowHTTPTest,0.3626700680272109,0.25,28
148681,Infilteration,0.3697562358276644,0.1111111111111111,28
152193,DoS attacks-Slowloris,0.5544217687074829,0.42857142857142855,28
155941,SQL Injection,0.3903061224489796,0.25,28
158038,Infilteration,0.46173469387755095,0.25,28
163228,DoS attacks-Slowloris,0.5467687074829931,0.25,28
164952,DoS attacks-Hulk,0.5136054421768707,0.42857142857142855,28
165922,DoS attacks-GoldenEye,0.38321995464852604,0.1111111111111111,28
166311,SQL Injection,0.3874716553287982,0.1111111111111111,28
169666,DoS attacks-Hulk,0.4689625850340135,0.25,28
180148,DDoS attacks-LOIC-HTTP,0.5136054421768707,0.42857142857142855,28
181160,DoS attacks-SlowHTTPTest,0.3775510204081633,0.25,28
188164,DDOS attack-HOIC,0.3562925170068027,0.25,28
192124,DoS attacks-Slowloris,0.41369047619047616,0.25,28
192228,DoS attacks-Hulk,0.4136904761904762,0.25,28
193059,Infilteration,0.5382653061224489,0.25,28
193789,DoS attacks-Slowloris,0.5756802721088434,0.25,28
197830,DDOS attack-HOIC,0.3329081632653061,0.25,28
198436,DoS attacks-Hulk,0.38180272108843544,0.25,28
199790,DDOS attack-LOIC-UDP,0.7023809523809524,0.6666666666666666,28
200184,DDOS attack-LOIC-UDP,0.6785714285714287,0.6666666666666666,28
200822,Infilteration,0.47321428571428575,0.25,28
201841,Brute Force -Web,0.13633786848072563,0.0,28
203296,DoS attacks-SlowHTTPTest,0.3562925170068028,0.25,28
207060,Bot,0.37329931972789115,0.25,28
209974,DoS attacks-Hulk,0.4829931972789115,0.42857142857142855,28
215475,DoS attacks-SlowHTTPTest,0.36267006802721086,0.25,28
217506,DDOS attack-HOIC,0.3520408163265306,0.25,28
218003,Bot,0.3945578231292517,0.25,28
219442,Infilteration,0.46896258503401356,0.25,28
220146,Brute Force -XSS,0.29393424036281185,0.1111111111111111,28
222292,DDoS attacks-LOIC-HTTP,0.4914965986394558,0.25,28
223337,DDOS attack-HOIC,0.3520408163265306,0.25,28
225548,Brute Force -XSS,0.19387755102040818,0.0,28
231364,DDOS attack-LOIC-UDP,0.7976190476190476,0.6666666666666666,28
232595,DoS attacks-Slowloris,0.5561224489795917,0.42857142857142855,28
232970,Bot,0.42857142857142866,0.25,28
234429,DoS attacks-GoldenEye,0.34141156462585037,0.25,28
236692,SSH-Bruteforce,0.5680272108843537,0.42857142857142855,28
237626,DoS attacks-GoldenEye,0.24078798185941036,0.1111111111111111,28
241017,DoS attacks-Hulk,0.4795918367346938,0.42857142857142855,28
241153,Brute Force -XSS,0.26969954648526073,0.1111111111111111,28
243253,FTP-BruteForce,0.4149659863945579,0.25,28
243512,Brute Force -Web,0.4170918367346939,0.25,28
244749,Brute Force -Web,0.4795918367346938,0.25,28
245695,Infilteration,0.6139455782312925,0.42857142857142855,28
252162,DDOS attack-LOIC-UDP,0.7125850340136054,0.42857142857142855,28
254715,Brute Force -Web,0.18381519274376415,0.0,28
262338,DDOS attack-HOIC,0.3392857142857143,0.25,28
262581,FTP-BruteForce,0.4540816326530613,0.25,28
262898,Brute Force -Web,0.3137755102040817,0.25,28
276433,DoS attacks-SlowHTTPTest,0.37542517006802717,0.25,28
277208,DoS attacks-Slowloris,0.48596938775510196,0.25,28
277814,DoS attacks-Slowloris,0.3867630385487528,0.1111111111111111,28
282645,DDoS attacks-LOIC-HTTP,0.45124716553287975,0.1111111111111111,28
287797,DDoS attacks-LOIC-HTTP,0.4221938775510204,0.1111111111111111,28
292965,DoS attacks-GoldenEye,0.30739795918367346,0.25,28
293180,Bot,0.46258503401360546,0.25,28
294434,SQL Injection,0.6547619047619048,0.42857142857142855,28
294469,DoS attacks-Slowloris,0.6547619047619048,0.42857142857142855,28
297866,Brute Force -Web,0.483843537414966,0.25,28
298749,DDOS attack-HOIC,0.3350340136054422,0.25,28
301061,DDOS attack-HOIC,0.38605442176870747,0.25,28
304762,Benign,0.49787414965986393,0.25,28
305787,SSH-Bruteforce,0.4872448979591836,0.25,28
308733,Infilteration,0.6186224489795917,0.25,28
309889,FTP-BruteForce,0.3414115646258504,0.25,28
310457,SSH-Bruteforce,0.630952380952381,0.42857142857142855,28
310997,DDOS attack-LOIC-UDP,0.7380952380952381,0.6666666666666666,28
311685,Infilteration,0.5119047619047618,0.25,28
312336,Bot,0.5476190476190476,0.42857142857142855,28
313529,Brute Force -XSS,0.2514172335600907,0.1111111111111111,28
314183,Brute Force -XSS,0.2875566893424036,0.1111111111111111,28
315063,Brute Force -Web,0.3584183673469388,0.25,28
315426,DDOS attack-LOIC-UDP,0.7261904761904763,0.6666666666666666,28
317120,Brute Force -XSS,0.2304421768707483,0.0,28
319710,SSH-Bruteforce,0.5340136054421769,0.42857142857142855,28
320952,Brute Force -XSS,0.21286848072562356,0.0,28
321790,FTP-BruteForce,0.4030612244897959,0.25,28
323255,DDoS attacks-LOIC-HTTP,0.5510204081632653,0.42857142857142855,28
328840,Benign,0.47661564625850344,0.25,28
332391,DoS attacks-GoldenEye,0.3187358276643991,0.1111111111111111,28
332458,DDOS attack-LOIC-UDP,0.7142857142857144,0.6666666666666666,28
333648,DDoS attacks-LOIC-HTTP,0.483843537414966,0.25,28
335584,DoS attacks-GoldenEye,0.2833049886621315,0.1111111111111111,28
336241,DoS attacks-SlowHTTPTest,0.3711734693877551,0.25,28
336566,Bot,0.3350340136054422,0.25,28
338824,Brute Force -XSS,0.1822562358276644,0.0,28
342541,Bot,0.4965986394557823,0.42857142857142855,28
346512,Brute Force -XSS,0.2825963718820862,0.1111111111111111,28
348721,Benign,0.9166666666666667,0.6666666666666666,28
353051,Infilteration,0.5450680272108844,0.25,28
353691,DoS attacks-GoldenEye,0.4200680272108843,0.25,28
354580,DDoS attacks-LOIC-HTTP,0.4243197278911564,0.25,28
356787,DoS attacks-GoldenEye,0.3329081632653061,0.25,28
358097,SQL Injection,0.5884353741496599,0.42857142857142855,28
359537,Benign,0.5408163265306122,0.25,28
362368,DoS attacks-GoldenEye,0.3109410430839002,0.1111111111111111,28
363664,DoS attacks-Slowloris,0.48937074829931965,0.25,28
364235,DDoS attacks-LOIC-HTTP,0.5212585034013605,0.25,28
365136,Infilteration,0.46811224489795916,0.25,28
367918,DoS attacks-Hulk,0.46258503401360546,0.25,28
369335,DoS attacks-Slowloris,0.314484126984127,0.1111111111111111,28
369453,FTP-BruteForce,0.3924319727891157,0.25,28
369784,DoS attacks-Hulk,0.42772108843537415,0.25,28
376563,DDoS attacks-LOIC-HTTP,0.46811224489795916,0.25,28
377864,DDoS attacks-LOIC-HTTP,0.42219387755102034,0.25,28
378164,DDOS attack-HOIC,0.35416666666666663,0.25,28
378382,Bot,0.5170068027210883,0.42857142857142855,28
379791,SQL Injection,0.2715419501133786,0.0,28
383016,FTP-BruteForce,0.39030612244897966,0.25,28
384388,FTP-BruteForce,0.32227891156462585,0.25,28
385336,Brute Force -Web,0.3392857142857143,0.25,28
385798,Bot,0.6054421768707483,0.42857142857142855,28
395416,Benign,0.5561224489795918,0.42857142857142855,28
396967,Bot,0.37542517006802717,0.25,28
398864,DoS attacks-GoldenEye,0.38818027210884354,0.25,28
410166,DoS attacks-Hulk,0.4880952380952381,0.42857142857142855,28
415297,SQL Injection,0.3378684807256236,0.1111111111111111,28
415684,DoS attacks-GoldenEye,0.3747165532879818,0.1111111111111111,28
417110,FTP-BruteForce,0.4009353741496599,0.25,28
417537,SSH-Bruteforce,0.4540816326530613,0.25,28
418917,Infilteration,0.4292800453514739,0.1111111111111111,28
423486,Brute Force -XSS,0.276218820861678,0.1111111111111111,28
432325,DDOS attack-LOIC-UDP,0.7857142857142858,0.6666666666666666,28
434271,Brute Force -XSS,0.2687074829931973,0.0,28
434619,Bot,0.3095238095238095,0.25,28
435047,Brute Force -Web,0.3052721088435374,0.25,28
435789,Bot,0.5085034013605442,0.42857142857142855,28
437912,DoS attacks-Slowloris,0.16709183673469383,0.1111111111111111,28
438062,DoS attacks-GoldenEye,0.3520408163265306,0.25,28
440080,DDoS attacks-LOIC-HTTP,0.41156462585034015,0.25,28
441377,Infilteration,0.5000000000000001,0.25,28
444328,DoS attacks-Hulk,0.5442176870748299,0.25,28
447905,SSH-Bruteforce,0.5306122448979592,0.42857142857142855,28
450041,DDOS attack-HOIC,0.3520408163265306,0.25,28
456153,FTP-BruteForce,0.447704081632653,0.25,28
462363,Bot,0.4562074829931973,0.25,28
464306,FTP-BruteForce,0.445578231292517,0.25,28
464579,DoS attacks-Slowloris,0.6054421768707482,0.42857142857142855,28
470203,DoS attacks-SlowHTTPTest,0.34141156462585037,0.25,28
474577,Benign,0.7261904761904763,0.6666666666666666,28
475200,DoS attacks-GoldenEye,0.3683390022675736,0.1111111111111111,28
476206,Brute Force -XSS,0.28613945578231287,0.1111111111111111,28
476835,DDOS attack-LOIC-UDP,0.773809523809524,0.6666666666666666,28
477378,DDOS attack-HOIC,0.3562925170068027,0.25,28
477859,DDOS attack-LOIC-UDP,0.7380952380952382,0.6666666666666666,28
478158,Benign,0.49234693877551017,0.25,28
482463,DDoS attacks-LOIC-HTTP,0.4404761904761905,0.25,28
483707,Brute Force -Web,0.32227891156462585,0.1111111111111111,28
483764,Infilteration,0.6109693877551019,0.25,28
484171,Infilteration,0.46527777777777773,0.1111111111111111,28
487123,Infilteration,0.5756802721088434,0.25,28
487263,DDOS attack-LOIC-UDP,0.7142857142857144,0.6666666666666666,28
498379,Brute Force -Web,0.34991496598639454,0.25,28
501190,DDOS attack-LOIC-UDP,0.7380952380952381,0.6666666666666666,28
502062,FTP-BruteForce,0.4043367346938776,0.25,28
502356,Benign,0.5871598639455782,0.25,28
507163,Bot,0.4540816326530612,0.25,28
516380,DDOS attack-HOIC,0.3244047619047619,0.25,28
517942,DDOS attack-LOIC-UDP,0.7500000000000001,0.6666666666666666,28
520811,Brute Force -Web,0.326530612244898,0.25,28
521606,Benign,0.5582482993197279,0.25,28
522204,Brute Force -XSS,0.19571995464852604,0.0,28
522303,FTP-BruteForce,0.40943877551020413,0.25,28
530029,SSH-Bruteforce,0.5306122448979591,0.42857142857142855,28
531043,SSH-Bruteforce,0.47108843537414963,0.42857142857142855,28
531260,DoS attacks-SlowHTTPTest,0.47151360544217685,0.25,28
532195,Benign,0.6717687074829931,0.42857142857142855,28
534785,DoS attacks-SlowHTTPTest,0.3754251700680272,0.25,28
535830,DDOS attack-LOIC-UDP,0.7738095238095238,0.6666666666666666,28
536590,DDOS attack-HOIC,0.3392857142857143,0.25,28
537705,Benign,0.5595238095238095,0.42857142857142855,28
540314,DoS attacks-GoldenEye,0.288265306122449,0.25,28
545107,SSH-Bruteforce,0.5340136054421769,0.42857142857142855,28
549022,Brute Force -Web,0.1417233560090703,0.0,28
549420,Bot,0.3350340136054422,0.25,28
556032,Brute Force -XSS,0.3329081632653061,0.25,28
556093,DDOS attack-HOIC,0.3520408163265306,0.25,28
556787,DDOS attack-LOIC-UDP,0.7500000000000001,0.6666666666666666,28
557077,SQL Injection,0.6547619047619049,0.42857142857142855,28
557149,DoS attacks-GoldenEye,0.31306689342403626,0.1111111111111111,28
562744,DoS attacks-SlowHTTPTest,0.3329081632653061,0.25,28
574359,DoS attacks-SlowHTTPTest,0.39455782312925175,0.25,28
577574,DoS attacks-SlowHTTPTest,0.3818027210884353,0.25,28
579553,Benign,0.4987244897959183,0.25,28
582796,Benign,0.6173469387755103,0.42857142857142855,28
588054,Benign,0.6989795918367347,0.42857142857142855,28
589312,DoS attacks-Slowloris,0.423469387755102,0.1111111111111111,28
596381,DoS attacks-Hulk,0.4094387755102041,0.25,28
596463,DDOS attack-HOIC,0.3839285714285715,0.25,28
598293,Brute Force -XSS,0.302437641723356,0.1111111111111111,28
601248,Benign,0.6802721088435374,0.42857142857142855,28
602468,SSH-Bruteforce,0.5255102040816325,0.42857142857142855,28
607340,DoS attacks-Slowloris,0.5663265306122449,0.42857142857142855,28
610381,DoS attacks-GoldenEye,0.3647959183673469,0.25,28
610547,DoS attacks-Slowloris,0.2662981859410431,0.1111111111111111,28
611368,DoS attacks-Hulk,0.40306122448979587,0.25,28
612632,DDOS attack-HOIC,0.28188775510204084,0.25,28
614266,Brute Force -Web,0.06547619047619048,0.0,28
615138,DoS attacks-Hulk,0.40943877551020413,0.25,28
616668,DDoS attacks-LOIC-HTTP,0.5157312925170068,0.25,28
618663,Brute Force -Web,0.366921768707483,0.25,28
620071,FTP-BruteForce,0.4149659863945578,0.25,28
621782,SSH-Bruteforce,0.5391156462585034,0.42857142857142855,28
624071,DoS attacks-SlowHTTPTest,0.3350340136054422,0.25,28
624147,SSH-Bruteforce,0.5063775510204082,0.25,28
626732,DoS attacks-Hulk,0.44387755102040816,0.25,28
629710,DoS attacks-Hulk,0.5667517006802721,0.25,28
629734,Brute Force -Web,0.3435374149659864,0.25,28
630081,Brute Force -XSS,0.26204648526077096,0.1111111111111111,28
638364,DoS attacks-GoldenEye,0.41156462585034015,0.25,28
639271,DDOS attack-LOIC-UDP,0.8571428571428571,0.6666666666666666,28
639539,DoS attacks-Hulk,0.5085034013605442,0.42857142857142855,28
641423,Brute Force -Web,0.2967687074829932,0.25,28
645824,Benign,0.5318877551020408,0.25,28
652230,DDOS attack-HOIC,0.34778911564625853,0.25,28
659806,FTP-BruteForce,0.38392857142857134,0.25,28
661051,DDoS attacks-LOIC-HTTP,0.3754251700680272,0.25,28
662079,Brute Force -Web,0.16609977324263037,0.0,28
662490,DDOS attack-LOIC-UDP,0.7380952380952382,0.6666666666666666,28
675226,DoS attacks-SlowHTTPTest,0.3796768707482993,0.25,28
675268,DoS attacks-Slowloris,0.5786564625850339,0.25,28
679360,Infilteration,0.5318877551020407,0.25,28
681769,DoS attacks-GoldenEye,0.328656462585034,0.25,28
689373,FTP-BruteForce,0.36054421768707484,0.25,28
695015,DDOS attack-LOIC-UDP,0.7857142857142858,0.6666666666666666,28
695843,Brute Force -XSS,0.20167233560090705,0.0,28
697328,DoS attacks-Hulk,0.4710884353741496,0.42857142857142855,28
