true_label,median,mean,std,N
Benign,0.6022534013605443,0.6189625850340136,0.10934418110342904,20
Bot,0.4508928571428571,0.4375425170068027,0.08100928926597345,20
Brute Force -Web,0.31802721088435376,0.28530328798185944,0.11948584319672245,20
Brute Force -XSS,0.269203514739229,0.2626133786848073,0.052329897889162987,20
DDOS attack-HOIC,0.3520408163265306,0.3486394557823129,0.02409472554562072,20
DDOS attack-LOIC-UDP,0.7380952380952381,0.742687074829932,0.04432119038199157,20
DDoS attacks-LOIC-HTTP,0.45967970521541945,0.4685728458049886,0.07181423369086383,20
DoS attacks-GoldenEye,0.33715986394557823,0.3415887188208616,0.045925846006159156,20
DoS attacks-Hulk,0.45408163265306123,0.4558248299319728,0.05191564868894466,20
DoS attacks-SlowHTTPTest,0.3732993197278911,0.3754039115646258,0.03612233303638368,20
DoS attacks-Slowloris,0.454719387755102,0.4333049886621315,0.14672755610265542,20
FTP-BruteForce,0.3966836734693878,0.3961309523809524,0.03465622693770169,20
Infilteration,0.5297619047619047,0.5269912131519274,0.07450537039149481,20
SQL Injection,0.40306122448979587,0.4766943814562862,0.1474022907944222,9
SSH-Bruteforce,0.532312925170068,0.5381377551020408,0.05730449485457242,20
