true_label,noise_percent,N,mean_jaccard5,median_jaccard5,prediction_changed_rate
Benign,1.0,20,0.6601190476190476,0.6666666666666666,0.0
Benign,5.0,20,0.6962301587301588,0.6666666666666666,0.0
Benign,10.0,20,0.6527777777777778,0.6666666666666666,0.0
Bot,1.0,20,0.43253968253968256,0.42857142857142855,0.0
Bot,5.0,20,0.46547619047619043,0.42857142857142855,0.0
Bot,10.0,20,0.44940476190476186,0.42857142857142855,0.0
Brute Force -Web,1.0,20,0.2806878306878307,0.25,0.0
Brute Force -Web,5.0,20,0.3087301587301587,0.25,0.0
Brute Force -Web,10.0,20,0.31210317460317455,0.25,0.0
Brute Force -XSS,1.0,20,0.26666666666666666,0.25,0.0
Brute Force -XSS,5.0,20,0.28644179894179894,0.25,0.0
Brute Force -XSS,10.0,20,0.27824074074074073,0.25,0.0
DDOS attack-HOIC,1.0,20,0.36507936507936506,0.42857142857142855,0.0
DDOS attack-HOIC,5.0,20,0.3571428571428571,0.25,0.0
DDOS attack-HOIC,10.0,20,0.3759920634920635,0.42857142857142855,0.0
DDOS attack-LOIC-UDP,1.0,20,0.7333333333333333,0.6666666666666666,0.0
DDOS attack-LOIC-UDP,5.0,20,0.7333333333333333,0.6666666666666666,0.0
DDOS attack-LOIC-UDP,10.0,20,0.7404761904761904,0.6666666666666666,0.0
DDoS attacks-LOIC-HTTP,1.0,20,0.45,0.42857142857142855,0.0
DDoS attacks-LOIC-HTTP,5.0,20,0.4451058201058201,0.42857142857142855,0.0
DDoS attacks-LOIC-HTTP,10.0,20,0.45701058201058203,0.42857142857142855,0.0
DoS attacks-GoldenEye,1.0,20,0.36607142857142855,0.42857142857142855,0.0
DoS attacks-GoldenEye,5.0,20,0.33095238095238094,0.25,0.0
DoS attacks-GoldenEye,10.0,20,0.35284391534391535,0.42857142857142855,0.0
DoS attacks-Hulk,1.0,20,0.43611111111111106,0.42857142857142855,0.0
DoS attacks-Hulk,5.0,20,0.4579365079365079,0.42857142857142855,0.0
DoS attacks-Hulk,10.0,20,0.4513888888888889,0.42857142857142855,0.0
DoS attacks-SlowHTTPTest,1.0,20,0.39682539682539686,0.42857142857142855,0.21666666666666667
DoS attacks-SlowHTTPTest,5.0,20,0.3551587301587302,0.3392857142857143,0.26666666666666666
DoS attacks-SlowHTTPTest,10.0,20,0.3482142857142857,0.25,0.4
DoS attacks-Slowloris,1.0,20,0.4489417989417989,0.42857142857142855,0.03333333333333333
DoS attacks-Slowloris,5.0,20,0.4041005291005291,0.42857142857142855,0.03333333333333333
DoS attacks-Slowloris,10.0,20,0.3826058201058201,0.42857142857142855,0.13333333333333333
FTP-BruteForce,1.0,20,0.3740079365079365,0.42857142857142855,0.05
FTP-BruteForce,5.0,20,0.36468253968253966,0.3392857142857143,0.08333333333333333
FTP-BruteForce,10.0,20,0.3819444444444444,0.42857142857142855,0.06666666666666667
Infilteration,1.0,20,0.5429232804232804,0.42857142857142855,0.08333333333333333
Infilteration,5.0,20,0.5656746031746032,0.6666666666666666,0.13333333333333333
Infilteration,10.0,20,0.5470238095238095,0.6666666666666666,0.13333333333333333
SQL Injection,1.0,9,0.5083774250440917,0.42857142857142855,0.1111111111111111
SQL Injection,5.0,9,0.41990005878894765,0.42857142857142855,0.18518518518518517
SQL Injection,10.0,9,0.4394473838918283,0.42857142857142855,0.2222222222222222
SSH-Bruteforce,1.0,20,0.5168650793650793,0.42857142857142855,0.0
SSH-Bruteforce,5.0,20,0.5313492063492063,0.42857142857142855,0.0
SSH-Bruteforce,10.0,20,0.5438492063492063,0.42857142857142855,0.0
