class,feature,mean_abs_shap,mean_signed_shap,n_flows
Benign,Dst Port,0.4467959466622414,0.43387285261365194,488861
Benign,Protocol,0.00010367823598699235,-6.626634623470472e-05,488861
Benign,Flow Duration,0.07303444465889204,0.053832580694629005,488861
Benign,Tot Fwd Pkts,0.008762847063821407,0.006294048462527084,488861
Benign,Tot Bwd Pkts,0.03220391763688004,-0.031531974141706276,488861
Benign,TotLen Fwd Pkts,0.02947777733459287,-0.0044443045277936235,488861
Benign,TotLen Bwd Pkts,0.036723114243211834,0.0059457774198002035,488861
Benign,Fwd Pkt Len Max,0.5556975976827385,0.2810986317237927,488861
Benign,Fwd Pkt Len Min,0.0008834256211334859,-0.0002902514203069423,488861
Benign,Fwd Pkt Len Mean,0.12886008156707313,0.11707344542019613,488861
Benign,Fwd Pkt Len Std,0.043225753976982015,0.027056917657821176,488861
Benign,Bwd Pkt Len Max,0.05268388806954616,0.03600824789903853,488861
Benign,Bwd Pkt Len Min,0.0039468465407779315,-0.0034058582541308395,488861
Benign,Bwd Pkt Len Mean,0.060909019141121214,0.022602964086606978,488861
Benign,Bwd Pkt Len Std,0.0509191081296826,0.03323110078356885,488861
Benign,Flow Byts/s,0.012512612861895912,0.011640943569253805,488861
Benign,Flow Pkts/s,0.00964408672766881,-0.0007169779990557122,488861
Benign,Flow IAT Mean,0.025540772475697974,0.02206959571356061,488861
Benign,Flow IAT Std,0.01226964280017835,0.008609014354329703,488861
Benign,Flow IAT Max,0.027776321333443803,0.007025378774195791,488861
Benign,Flow IAT Min,0.05898377403853837,0.0403571288509157,488861
Benign,Fwd IAT Tot,0.1631103165540665,0.15376733274035206,488861
Benign,Fwd IAT Mean,0.033482849937249703,-0.0032280293641011805,488861
Benign,Fwd IAT Std,0.10444420584496251,0.1007628885260921,488861
Benign,Fwd IAT Max,0.015529726277408498,-0.002068351949535212,488861
Benign,Fwd IAT Min,0.013074917034906779,0.008000277187512506,488861
Benign,Bwd IAT Tot,0.010704212557462574,0.00818000719529183,488861
Benign,Bwd IAT Mean,0.003362813487387647,-0.0013057206090950194,488861
Benign,Bwd IAT Std,0.004263471384485501,0.0016572382716286737,488861
Benign,Bwd IAT Max,0.0075513651932927785,0.002925627644598744,488861
Benign,Bwd IAT Min,0.01589963585465996,0.012434743349797972,488861
Benign,Fwd PSH Flags,0.002963153791878347,0.0014541222806819724,488861
Benign,Bwd PSH Flags,0.0,0.0,488861
Benign,Fwd URG Flags,0.0002680107091619621,0.0002638014754576853,488861
Benign,Bwd URG Flags,0.0,0.0,488861
Benign,Fwd Header Len,0.03196854915896419,0.026358065362219605,488861
Benign,Bwd Header Len,0.04637153546503937,0.007283005215233807,488861
Benign,Fwd Pkts/s,0.03900121308017594,0.02440272652202406,488861
Benign,Bwd Pkts/s,0.028347073257453375,-0.009470690980294749,488861
Benign,Pkt Len Min,0.00028281958173930887,7.395206488196564e-05,488861
Benign,Pkt Len Max,0.015427006551914728,0.0011699909268565473,488861
Benign,Pkt Len Mean,0.028829303722969213,-0.01808019809330827,488861
Benign,Pkt Len Std,0.009044527632220491,0.002241290142520162,488861
Benign,Pkt Len Var,0.0,0.0,488861
Benign,FIN Flag Cnt,0.002993113961517549,-0.0008491795072348542,488861
Benign,SYN Flag Cnt,0.0,0.0,488861
Benign,RST Flag Cnt,0.12668795234691585,0.03427834061639262,488861
Benign,PSH Flag Cnt,0.007877513994563863,0.006189470053275584,488861
Benign,ACK Flag Cnt,0.015459269682496422,0.0014184591869717013,488861
Benign,URG Flag Cnt,0.016075858370732395,-0.009327879154149663,488861
Benign,CWE Flag Count,0.0,0.0,488861
Benign,ECE Flag Cnt,0.09584083961258447,0.022483634832072105,488861
Benign,Down/Up Ratio,0.005092673700920034,0.0021718385847680744,488861
Benign,Pkt Size Avg,0.0029737022712796463,-0.002023694070741375,488861
Benign,Fwd Seg Size Avg,0.0,0.0,488861
Benign,Bwd Seg Size Avg,0.0,0.0,488861
Benign,Fwd Byts/b Avg,0.0,0.0,488861
Benign,Fwd Pkts/b Avg,0.0,0.0,488861
Benign,Fwd Blk Rate Avg,0.0,0.0,488861
Benign,Bwd Byts/b Avg,0.0,0.0,488861
Benign,Bwd Pkts/b Avg,0.0,0.0,488861
Benign,Bwd Blk Rate Avg,0.0,0.0,488861
Benign,Subflow Fwd Pkts,0.0,0.0,488861
Benign,Subflow Fwd Byts,0.0,0.0,488861
Benign,Subflow Bwd Pkts,0.0,0.0,488861
Benign,Subflow Bwd Byts,0.0,0.0,488861
Benign,Init Fwd Win Byts,0.29232373784099674,0.28581467673150573,488861
Benign,Init Bwd Win Byts,0.03875112102147981,0.03038548927029568,488861
Benign,Fwd Act Data Pkts,0.009651018434958657,0.0053650415921464795,488861
Benign,Fwd Seg Size Min,0.07920329520990502,0.07339493576271074,488861
Benign,Active Mean,0.0004269172376280503,-0.00016542452116031164,488861
Benign,Active Std,0.0006645857712444624,-0.00026212642425381855,488861
Benign,Active Max,0.0008198947055122186,-0.0004439262074410027,488861
Benign,Active Min,0.00014478381628894204,-3.649094077084869e-05,488861
Benign,Idle Mean,0.006509063427051785,0.00042620329088341696,488861
Benign,Idle Std,0.00034668530052300064,-0.00014799021554016002,488861
Benign,Idle Max,0.036634875886083926,0.028140073440382177,488861
Benign,Idle Min,0.0027490114592221447,0.0014064052918676174,488861
Bot,Dst Port,7.438284914487022,7.4374706530488535,25157
Bot,Protocol,0.016764800973227974,-0.009318002566683959,25157
Bot,Flow Duration,0.0005891172591247813,0.0005255247397297123,25157
Bot,Tot Fwd Pkts,0.00850241264885814,-0.007851045167791582,25157
Bot,Tot Bwd Pkts,0.000954924893264537,-0.00022077186548231744,25157
Bot,TotLen Fwd Pkts,0.015140904196353928,-0.010879412731163527,25157
Bot,TotLen Bwd Pkts,0.0009110400856510276,0.000259374176209173,25157
Bot,Fwd Pkt Len Max,0.0036292315126484195,-0.0031053197209973513,25157
Bot,Fwd Pkt Len Min,0.0001726507117023537,-0.0001726507117023537,25157
Bot,Fwd Pkt Len Mean,0.005924533886907021,-0.001894784749878672,25157
Bot,Fwd Pkt Len Std,0.0,0.0,25157
Bot,Bwd Pkt Len Max,0.0,0.0,25157
Bot,Bwd Pkt Len Min,0.0,0.0,25157
Bot,Bwd Pkt Len Mean,0.007265186397004934,0.0045882285425506335,25157
Bot,Bwd Pkt Len Std,0.0,0.0,25157
Bot,Flow Byts/s,0.0,0.0,25157
Bot,Flow Pkts/s,0.0005477037140564627,0.0001435678316166297,25157
Bot,Flow IAT Mean,0.00246581943301341,0.0022446989145956365,25157
Bot,Flow IAT Std,0.00019207752560775022,-0.00010455848113310689,25157
Bot,Flow IAT Max,0.0006463345811472895,0.0004638632051695576,25157
Bot,Flow IAT Min,0.003349739014356055,0.0026716006059461232,25157
Bot,Fwd IAT Tot,0.006995545968146214,0.006988642301687201,25157
Bot,Fwd IAT Mean,0.0052806698669901845,0.0048363966095896285,25157
Bot,Fwd IAT Std,0.004641625433585676,-0.002001760892734982,25157
Bot,Fwd IAT Max,0.0007148628683704714,-0.00042674594261538513,25157
Bot,Fwd IAT Min,0.007423485491581617,0.007181961490822013,25157
Bot,Bwd IAT Tot,6.163300810934189e-05,4.300612362626105e-05,25157
Bot,Bwd IAT Mean,1.374530476881627e-05,-1.3537516288576877e-05,25157
Bot,Bwd IAT Std,0.0,0.0,25157
Bot,Bwd IAT Max,1.5872164470249014e-06,8.122500384768938e-07,25157
Bot,Bwd IAT Min,0.00411856655438223,-0.002748951641067145,25157
Bot,Fwd PSH Flags,0.0,0.0,25157
Bot,Bwd PSH Flags,0.0,0.0,25157
Bot,Fwd URG Flags,0.0,0.0,25157
Bot,Bwd URG Flags,0.0,0.0,25157
Bot,Fwd Header Len,0.0,0.0,25157
Bot,Bwd Header Len,0.0,0.0,25157
Bot,Fwd Pkts/s,3.0142067322865785e-05,-1.0358888981532523e-05,25157
Bot,Bwd Pkts/s,0.00019946198122828431,-0.0001259456213656824,25157
Bot,Pkt Len Min,0.0,0.0,25157
Bot,Pkt Len Max,1.0631498097887706e-06,5.468995981435213e-07,25157
Bot,Pkt Len Mean,4.579639434340592e-06,4.579639434340592e-06,25157
Bot,Pkt Len Std,0.0,0.0,25157
Bot,Pkt Len Var,0.0,0.0,25157
Bot,FIN Flag Cnt,0.0,0.0,25157
Bot,SYN Flag Cnt,0.0,0.0,25157
Bot,RST Flag Cnt,0.04448525175957487,0.027941590410852656,25157
Bot,PSH Flag Cnt,0.0,0.0,25157
Bot,ACK Flag Cnt,0.0,0.0,25157
Bot,URG Flag Cnt,0.0,0.0,25157
Bot,CWE Flag Count,0.0,0.0,25157
Bot,ECE Flag Cnt,0.0,0.0,25157
Bot,Down/Up Ratio,0.0007496663514469464,-0.00036994681267545575,25157
Bot,Pkt Size Avg,0.00039262371098866794,0.0003515289229458095,25157
Bot,Fwd Seg Size Avg,0.0,0.0,25157
Bot,Bwd Seg Size Avg,0.0,0.0,25157
Bot,Fwd Byts/b Avg,0.0,0.0,25157
Bot,Fwd Pkts/b Avg,0.0,0.0,25157
Bot,Fwd Blk Rate Avg,0.0,0.0,25157
Bot,Bwd Byts/b Avg,0.0,0.0,25157
Bot,Bwd Pkts/b Avg,0.0,0.0,25157
Bot,Bwd Blk Rate Avg,0.0,0.0,25157
Bot,Subflow Fwd Pkts,0.0,0.0,25157
Bot,Subflow Fwd Byts,0.0,0.0,25157
Bot,Subflow Bwd Pkts,0.0,0.0,25157
Bot,Subflow Bwd Byts,0.0,0.0,25157
Bot,Init Fwd Win Byts,2.7752159952705112e-06,-2.611056925318657e-06,25157
Bot,Init Bwd Win Byts,0.0,0.0,25157
Bot,Fwd Act Data Pkts,0.0798874729297667,0.04050834198731963,25157
Bot,Fwd Seg Size Min,0.0,0.0,25157
Bot,Active Mean,0.0001526517694987842,0.00012331531911859755,25157
Bot,Active Std,1.247578219497991e-05,-7.724299511273279e-06,25157
Bot,Active Max,2.6766252701558383e-05,1.270572087787201e-05,25157
Bot,Active Min,0.0005217213393176981,-0.0003891917562410819,25157
Bot,Idle Mean,0.0006071111851411029,-0.00017580787783070523,25157
Bot,Idle Std,0.0,0.0,25157
Bot,Idle Max,0.0,0.0,25157
Bot,Idle Min,0.0018704423048814965,-0.0013976665740504611,25157
Brute Force -Web,Dst Port,2.3546472593795422,2.3546472593795422,86
Brute Force -Web,Protocol,0.00277845059023347,0.000746192887078884,86
Brute Force -Web,Flow Duration,0.03806801174962243,0.022916738377061,86
Brute Force -Web,Tot Fwd Pkts,0.034953408463056695,-0.007220476172691168,86
Brute Force -Web,Tot Bwd Pkts,0.0003697863065226133,-0.00031411244945470676,86
Brute Force -Web,TotLen Fwd Pkts,0.26925801121911336,0.22198217968608058,86
Brute Force -Web,TotLen Bwd Pkts,0.004476304317629615,-0.0017240617510884306,86
Brute Force -Web,Fwd Pkt Len Max,1.297699773034384,1.2273347544115643,86
Brute Force -Web,Fwd Pkt Len Min,0.0038073513396950655,0.0038073513396950655,86
Brute Force -Web,Fwd Pkt Len Mean,2.0376817570176233,2.034873075263445,86
Brute Force -Web,Fwd Pkt Len Std,1.3875778553097746,1.3875778553097746,86
Brute Force -Web,Bwd Pkt Len Max,0.0008231082627939624,0.0008231082627939624,86
Brute Force -Web,Bwd Pkt Len Min,0.01671167722968168,0.01671167722968168,86
Brute Force -Web,Bwd Pkt Len Mean,0.07342467751613883,0.0634007453918457,86
Brute Force -Web,Bwd Pkt Len Std,0.009485329999480136,-0.008861286695613417,86
Brute Force -Web,Flow Byts/s,0.15225132121596224,0.05414152145385742,86
Brute Force -Web,Flow Pkts/s,0.17891690897387127,0.036073310430659804,86
Brute Force -Web,Flow IAT Mean,0.047765543294507405,0.02081616534743198,86
Brute Force -Web,Flow IAT Std,0.06652286995288938,-0.031187756117000136,86
Brute Force -Web,Flow IAT Max,0.02815364405166271,0.025630704192228095,86
Brute Force -Web,Flow IAT Min,0.2334355864413949,0.17680987646413404,86
Brute Force -Web,Fwd IAT Tot,0.03270209667294524,-0.008953104878580847,86
Brute Force -Web,Fwd IAT Mean,0.026966552401697912,0.019140250461046084,86
Brute Force -Web,Fwd IAT Std,0.008673950683238894,0.0005243155498837316,86
Brute Force -Web,Fwd IAT Max,0.050411823183991185,0.047997086547141854,86
Brute Force -Web,Fwd IAT Min,0.6114969031755314,0.5942055901815725,86
Brute Force -Web,Bwd IAT Tot,0.00020945072174072266,0.00020530263265204984,86
Brute Force -Web,Bwd IAT Mean,0.06552829298862191,0.06552829298862191,86
Brute Force -Web,Bwd IAT Std,0.0020261796754460003,0.000832013092761816,86
Brute Force -Web,Bwd IAT Max,0.005970105875370114,0.005970105875370114,86
Brute Force -Web,Bwd IAT Min,0.024170066035071085,0.02315680509389833,86
Brute Force -Web,Fwd PSH Flags,0.0007395986034426579,0.0007395986034426579,86
Brute Force -Web,Bwd PSH Flags,0.0,0.0,86
Brute Force -Web,Fwd URG Flags,0.0,0.0,86
Brute Force -Web,Bwd URG Flags,0.0,0.0,86
Brute Force -Web,Fwd Header Len,0.0862616217413614,0.03962755480477976,86
Brute Force -Web,Bwd Header Len,0.002916525962740876,0.002664248437382454,86
Brute Force -Web,Fwd Pkts/s,0.8747104378633721,0.8070623708325763,86
Brute Force -Web,Bwd Pkts/s,1.2934643057889716,1.2934643057889716,86
Brute Force -Web,Pkt Len Min,0.003086665342020434,-0.003086665342020434,86
Brute Force -Web,Pkt Len Max,0.00339262256788653,-0.0006415429416784021,86
Brute Force -Web,Pkt Len Mean,0.5897432371627452,0.580684129581895,86
Brute Force -Web,Pkt Len Std,0.013673044914423033,0.0008025852920011033,86
Brute Force -Web,Pkt Len Var,0.0,0.0,86
Brute Force -Web,FIN Flag Cnt,0.0,0.0,86
Brute Force -Web,SYN Flag Cnt,0.0,0.0,86
Brute Force -Web,RST Flag Cnt,0.2854370959969454,0.2490405149238054,86
Brute Force -Web,PSH Flag Cnt,0.0,0.0,86
Brute Force -Web,ACK Flag Cnt,0.0,0.0,86
Brute Force -Web,URG Flag Cnt,0.0,0.0,86
Brute Force -Web,CWE Flag Count,0.0,0.0,86
Brute Force -Web,ECE Flag Cnt,0.0,0.0,86
Brute Force -Web,Down/Up Ratio,0.0,0.0,86
Brute Force -Web,Pkt Size Avg,0.06657251646352369,0.028365406879158908,86
Brute Force -Web,Fwd Seg Size Avg,0.0,0.0,86
Brute Force -Web,Bwd Seg Size Avg,0.0,0.0,86
Brute Force -Web,Fwd Byts/b Avg,0.0,0.0,86
Brute Force -Web,Fwd Pkts/b Avg,0.0,0.0,86
Brute Force -Web,Fwd Blk Rate Avg,0.0,0.0,86
Brute Force -Web,Bwd Byts/b Avg,0.0,0.0,86
Brute Force -Web,Bwd Pkts/b Avg,0.0,0.0,86
Brute Force -Web,Bwd Blk Rate Avg,0.0,0.0,86
Brute Force -Web,Subflow Fwd Pkts,0.0,0.0,86
Brute Force -Web,Subflow Fwd Byts,0.0,0.0,86
Brute Force -Web,Subflow Bwd Pkts,0.0,0.0,86
Brute Force -Web,Subflow Bwd Byts,0.0,0.0,86
Brute Force -Web,Init Fwd Win Byts,1.6356726358103197,1.531184706577035,86
Brute Force -Web,Init Bwd Win Byts,0.5732820643935093,0.3780482092569041,86
Brute Force -Web,Fwd Act Data Pkts,0.014856689198072566,0.01018238899319671,86
Brute Force -Web,Fwd Seg Size Min,0.011756025081457094,0.011756025081457094,86
Brute Force -Web,Active Mean,0.01907108689463416,-0.01907108689463416,86
Brute Force -Web,Active Std,0.0,0.0,86
Brute Force -Web,Active Max,0.010561501563981522,-0.010561501563981522,86
Brute Force -Web,Active Min,0.17943706068881723,-0.17943706068881723,86
Brute Force -Web,Idle Mean,0.07145740265070005,0.07145740265070005,86
Brute Force -Web,Idle Std,0.2653175841930301,-0.2653175841930301,86
Brute Force -Web,Idle Max,0.010484314242074655,-0.010484314242074655,86
Brute Force -Web,Idle Min,0.028076027714928915,-0.011564967244170433,86
Brute Force -XSS,Dst Port,1.1118053089488635,1.1118053089488635,44
Brute Force -XSS,Protocol,0.0,0.0,44
Brute Force -XSS,Flow Duration,0.17662784186276523,0.16418777812610974,44
Brute Force -XSS,Tot Fwd Pkts,1.7218536030162463,1.7195141532204368,44
Brute Force -XSS,Tot Bwd Pkts,0.0,0.0,44
Brute Force -XSS,TotLen Fwd Pkts,0.05753612518310547,0.018757390705021946,44
Brute Force -XSS,TotLen Bwd Pkts,0.017899246378378433,0.012254079634493048,44
Brute Force -XSS,Fwd Pkt Len Max,0.0015685480426658285,-0.0011683995412154632,44
Brute Force -XSS,Fwd Pkt Len Min,0.0020514257590879092,-0.0020514257590879092,44
Brute Force -XSS,Fwd Pkt Len Mean,1.277714729309082,1.1531463102860884,44
Brute Force -XSS,Fwd Pkt Len Std,0.09794559262015602,0.044004722075028854,44
Brute Force -XSS,Bwd Pkt Len Max,0.2351984977722168,0.11202067678624933,44
Brute Force -XSS,Bwd Pkt Len Min,0.006954635408791629,-0.006954635408791629,44
Brute Force -XSS,Bwd Pkt Len Mean,0.20639894225380637,0.11877721006220038,44
Brute Force -XSS,Bwd Pkt Len Std,0.02625108848918568,0.02625108848918568,44
Brute Force -XSS,Flow Byts/s,0.0605100772597573,-0.031315830620852386,44
Brute Force -XSS,Flow Pkts/s,0.08430197022177956,0.032015442848205566,44
Brute Force -XSS,Flow IAT Mean,0.11652831597761674,0.11652831597761674,44
Brute Force -XSS,Flow IAT Std,0.024185370315204967,-0.002723963592540134,44
Brute Force -XSS,Flow IAT Max,0.2177969975904985,0.17635545947334982,44
Brute Force -XSS,Flow IAT Min,0.3499532829631459,0.31364924257451837,44
Brute Force -XSS,Fwd IAT Tot,0.013410109010609713,0.004904017191041599,44
Brute Force -XSS,Fwd IAT Mean,0.03455417806451971,0.026612745089964432,44
Brute Force -XSS,Fwd IAT Std,0.06997254219922153,0.04754252867265181,44
Brute Force -XSS,Fwd IAT Max,0.01946583390235901,0.008977029133926739,44
Brute Force -XSS,Fwd IAT Min,0.22025084495544434,0.1768205165863037,44
Brute Force -XSS,Bwd IAT Tot,0.005564599551937797,0.0013371389359235764,44
Brute Force -XSS,Bwd IAT Mean,0.017568966204469853,-0.017568966204469853,44
Brute Force -XSS,Bwd IAT Std,0.015468579801646147,0.015404878692193464,44
Brute Force -XSS,Bwd IAT Max,0.00605824047868902,0.00605824047868902,44
Brute Force -XSS,Bwd IAT Min,0.06937158107757568,0.011406624859029596,44
Brute Force -XSS,Fwd PSH Flags,0.0,0.0,44
Brute Force -XSS,Bwd PSH Flags,0.0,0.0,44
Brute Force -XSS,Fwd URG Flags,0.0,0.0,44
Brute Force -XSS,Bwd URG Flags,0.0,0.0,44
Brute Force -XSS,Fwd Header Len,0.07211782173676924,0.06993189725008878,44
Brute Force -XSS,Bwd Header Len,0.0,0.0,44
Brute Force -XSS,Fwd Pkts/s,2.0054231123490767,1.7801244909113103,44
Brute Force -XSS,Bwd Pkts/s,0.4590996395457875,0.4590996395457875,44
Brute Force -XSS,Pkt Len Min,0.037922024726867676,-0.037922024726867676,44
Brute Force -XSS,Pkt Len Max,0.2024681568145752,-0.08075438846241344,44
Brute Force -XSS,Pkt Len Mean,0.611020261591131,0.611020261591131,44
Brute Force -XSS,Pkt Len Std,1.7884219776500354,1.752135536887429,44
Brute Force -XSS,Pkt Len Var,0.0,0.0,44
Brute Force -XSS,FIN Flag Cnt,0.0,0.0,44
Brute Force -XSS,SYN Flag Cnt,0.0,0.0,44
Brute Force -XSS,RST Flag Cnt,0.0,0.0,44
Brute Force -XSS,PSH Flag Cnt,0.0,0.0,44
Brute Force -XSS,ACK Flag Cnt,0.0,0.0,44
Brute Force -XSS,URG Flag Cnt,0.0,0.0,44
Brute Force -XSS,CWE Flag Count,0.0,0.0,44
Brute Force -XSS,ECE Flag Cnt,0.0,0.0,44
Brute Force -XSS,Down/Up Ratio,0.0,0.0,44
Brute Force -XSS,Pkt Size Avg,0.17421841621398926,0.05750595981424505,44
Brute Force -XSS,Fwd Seg Size Avg,0.0,0.0,44
Brute Force -XSS,Bwd Seg Size Avg,0.0,0.0,44
Brute Force -XSS,Fwd Byts/b Avg,0.0,0.0,44
Brute Force -XSS,Fwd Pkts/b Avg,0.0,0.0,44
Brute Force -XSS,Fwd Blk Rate Avg,0.0,0.0,44
Brute Force -XSS,Bwd Byts/b Avg,0.0,0.0,44
Brute Force -XSS,Bwd Pkts/b Avg,0.0,0.0,44
Brute Force -XSS,Bwd Blk Rate Avg,0.0,0.0,44
Brute Force -XSS,Subflow Fwd Pkts,0.0,0.0,44
Brute Force -XSS,Subflow Fwd Byts,0.0,0.0,44
Brute Force -XSS,Subflow Bwd Pkts,0.0,0.0,44
Brute Force -XSS,Subflow Bwd Byts,0.0,0.0,44
Brute Force -XSS,Init Fwd Win Byts,2.5052608143199575,2.21335861899636,44
Brute Force -XSS,Init Bwd Win Byts,0.025093189694664696,0.003619963133876974,44
Brute Force -XSS,Fwd Act Data Pkts,0.06958803263577548,-0.026349896734411068,44
Brute Force -XSS,Fwd Seg Size Min,0.0,0.0,44
Brute Force -XSS,Active Mean,0.0,0.0,44
Brute Force -XSS,Active Std,0.0,0.0,44
Brute Force -XSS,Active Max,0.006198674440383911,0.006198674440383911,44
Brute Force -XSS,Active Min,0.016534993594343014,-0.016534993594343014,44
Brute Force -XSS,Idle Mean,0.017688370563767174,-0.017688370563767174,44
Brute Force -XSS,Idle Std,0.00453024222092195,-0.004441861063241959,44
Brute Force -XSS,Idle Max,0.0,0.0,44
Brute Force -XSS,Idle Min,0.06173566796562888,-0.06173566796562888,44
DDOS attack-HOIC,Dst Port,0.5746637268168848,0.5746637268168848,59580
DDOS attack-HOIC,Protocol,0.0,0.0,59580
DDOS attack-HOIC,Flow Duration,0.0011583545616946393,0.0011176258175514737,59580
DDOS attack-HOIC,Tot Fwd Pkts,0.0,0.0,59580
DDOS attack-HOIC,Tot Bwd Pkts,0.22326097133056394,-0.1810445293158883,59580
DDOS attack-HOIC,TotLen Fwd Pkts,0.00022350705362238633,-0.00014841756631800616,59580
DDOS attack-HOIC,TotLen Bwd Pkts,0.0,0.0,59580
DDOS attack-HOIC,Fwd Pkt Len Max,0.0012527603477229606,-0.0008240378675303951,59580
DDOS attack-HOIC,Fwd Pkt Len Min,0.0,0.0,59580
DDOS attack-HOIC,Fwd Pkt Len Mean,0.0,0.0,59580
DDOS attack-HOIC,Fwd Pkt Len Std,0.0,0.0,59580
DDOS attack-HOIC,Bwd Pkt Len Max,0.0,0.0,59580
DDOS attack-HOIC,Bwd Pkt Len Min,0.0,0.0,59580
DDOS attack-HOIC,Bwd Pkt Len Mean,0.0,0.0,59580
DDOS attack-HOIC,Bwd Pkt Len Std,0.0,0.0,59580
DDOS attack-HOIC,Flow Byts/s,0.0,0.0,59580
DDOS attack-HOIC,Flow Pkts/s,0.00036727367290997513,0.00016480348141411882,59580
DDOS attack-HOIC,Flow IAT Mean,2.529723866748586e-05,1.4531276257256607e-05,59580
DDOS attack-HOIC,Flow IAT Std,1.505422198000111e-05,1.3566021652740294e-05,59580
DDOS attack-HOIC,Flow IAT Max,0.0025109580156186077,0.0025109580156186077,59580
DDOS attack-HOIC,Flow IAT Min,0.0,0.0,59580
DDOS attack-HOIC,Fwd IAT Tot,0.01028858606108646,0.009158357464654928,59580
DDOS attack-HOIC,Fwd IAT Mean,0.0,0.0,59580
DDOS attack-HOIC,Fwd IAT Std,9.04376913373524e-05,-9.04376913373524e-05,59580
DDOS attack-HOIC,Fwd IAT Max,8.278396074385322e-05,1.7092662065290854e-05,59580
DDOS attack-HOIC,Fwd IAT Min,0.0,0.0,59580
DDOS attack-HOIC,Bwd IAT Tot,0.0,0.0,59580
DDOS attack-HOIC,Bwd IAT Mean,0.0,0.0,59580
DDOS attack-HOIC,Bwd IAT Std,0.0,0.0,59580
DDOS attack-HOIC,Bwd IAT Max,0.0,0.0,59580
DDOS attack-HOIC,Bwd IAT Min,0.0,0.0,59580
DDOS attack-HOIC,Fwd PSH Flags,0.0,0.0,59580
DDOS attack-HOIC,Bwd PSH Flags,0.0,0.0,59580
DDOS attack-HOIC,Fwd URG Flags,0.0,0.0,59580
DDOS attack-HOIC,Bwd URG Flags,0.0,0.0,59580
DDOS attack-HOIC,Fwd Header Len,0.0,0.0,59580
DDOS attack-HOIC,Bwd Header Len,0.0,0.0,59580
DDOS attack-HOIC,Fwd Pkts/s,0.0003757204534063887,1.097586219764548e-05,59580
DDOS attack-HOIC,Bwd Pkts/s,0.0,0.0,59580
DDOS attack-HOIC,Pkt Len Min,0.0,0.0,59580
DDOS attack-HOIC,Pkt Len Max,0.0,0.0,59580
DDOS attack-HOIC,Pkt Len Mean,0.0,0.0,59580
DDOS attack-HOIC,Pkt Len Std,0.0,0.0,59580
DDOS attack-HOIC,Pkt Len Var,0.0,0.0,59580
DDOS attack-HOIC,FIN Flag Cnt,0.0,0.0,59580
DDOS attack-HOIC,SYN Flag Cnt,0.0,0.0,59580
DDOS attack-HOIC,RST Flag Cnt,0.0,0.0,59580
DDOS attack-HOIC,PSH Flag Cnt,0.0,0.0,59580
DDOS attack-HOIC,ACK Flag Cnt,0.0,0.0,59580
DDOS attack-HOIC,URG Flag Cnt,0.0,0.0,59580
DDOS attack-HOIC,CWE Flag Count,0.0,0.0,59580
DDOS attack-HOIC,ECE Flag Cnt,0.0,0.0,59580
DDOS attack-HOIC,Down/Up Ratio,0.0,0.0,59580
DDOS attack-HOIC,Pkt Size Avg,0.0,0.0,59580
DDOS attack-HOIC,Fwd Seg Size Avg,0.0,0.0,59580
DDOS attack-HOIC,Bwd Seg Size Avg,0.0,0.0,59580
DDOS attack-HOIC,Fwd Byts/b Avg,0.0,0.0,59580
DDOS attack-HOIC,Fwd Pkts/b Avg,0.0,0.0,59580
DDOS attack-HOIC,Fwd Blk Rate Avg,0.0,0.0,59580
DDOS attack-HOIC,Bwd Byts/b Avg,0.0,0.0,59580
DDOS attack-HOIC,Bwd Pkts/b Avg,0.0,0.0,59580
DDOS attack-HOIC,Bwd Blk Rate Avg,0.0,0.0,59580
DDOS attack-HOIC,Subflow Fwd Pkts,0.0,0.0,59580
DDOS attack-HOIC,Subflow Fwd Byts,0.0,0.0,59580
DDOS attack-HOIC,Subflow Bwd Pkts,0.0,0.0,59580
DDOS attack-HOIC,Subflow Bwd Byts,0.0,0.0,59580
DDOS attack-HOIC,Init Fwd Win Byts,6.473700539191004,6.473700539191004,59580
DDOS attack-HOIC,Init Bwd Win Byts,2.8741957707947715e-06,2.8741957707947715e-06,59580
DDOS attack-HOIC,Fwd Act Data Pkts,0.0,0.0,59580
DDOS attack-HOIC,Fwd Seg Size Min,8.336742749026894e-06,-8.336742749026894e-06,59580
DDOS attack-HOIC,Active Mean,0.0,0.0,59580
DDOS attack-HOIC,Active Std,0.0,0.0,59580
DDOS attack-HOIC,Active Max,0.0,0.0,59580
DDOS attack-HOIC,Active Min,0.0,0.0,59580
DDOS attack-HOIC,Idle Mean,0.0,0.0,59580
DDOS attack-HOIC,Idle Std,0.0,0.0,59580
DDOS attack-HOIC,Idle Max,0.0,0.0,59580
DDOS attack-HOIC,Idle Min,0.0,0.0,59580
DDOS attack-LOIC-UDP,Dst Port,0.0012870610834241987,0.0012870610834241987,333
DDOS attack-LOIC-UDP,Protocol,0.0,0.0,333
DDOS attack-LOIC-UDP,Flow Duration,0.3565194298913171,0.3551766564538171,333
DDOS attack-LOIC-UDP,Tot Fwd Pkts,9.1755077831738,9.1755077831738,333
DDOS attack-LOIC-UDP,Tot Bwd Pkts,0.00860790877012877,0.00860790877012877,333
DDOS attack-LOIC-UDP,TotLen Fwd Pkts,0.0,0.0,333
DDOS attack-LOIC-UDP,TotLen Bwd Pkts,0.0,0.0,333
DDOS attack-LOIC-UDP,Fwd Pkt Len Max,0.0,0.0,333
DDOS attack-LOIC-UDP,Fwd Pkt Len Min,0.0013822001200896484,0.0013822001200896484,333
DDOS attack-LOIC-UDP,Fwd Pkt Len Mean,0.0019290733623791028,-0.0019290733623791028,333
DDOS attack-LOIC-UDP,Fwd Pkt Len Std,0.0008217371082878686,0.0008217371082878686,333
DDOS attack-LOIC-UDP,Bwd Pkt Len Max,0.0,0.0,333
DDOS attack-LOIC-UDP,Bwd Pkt Len Min,0.0,0.0,333
DDOS attack-LOIC-UDP,Bwd Pkt Len Mean,0.0,0.0,333
DDOS attack-LOIC-UDP,Bwd Pkt Len Std,0.0,0.0,333
DDOS attack-LOIC-UDP,Flow Byts/s,0.186280694451776,0.15841014965160474,333
DDOS attack-LOIC-UDP,Flow Pkts/s,0.18675406057913382,0.11862721027912679,333
DDOS attack-LOIC-UDP,Flow IAT Mean,0.27548133002387154,0.2111019558376736,333
DDOS attack-LOIC-UDP,Flow IAT Std,0.3278414522921359,-0.07717798708437441,333
DDOS attack-LOIC-UDP,Flow IAT Max,0.14671544484548024,0.068642103636229,333
DDOS attack-LOIC-UDP,Flow IAT Min,0.26896770580394846,0.24317801535666525,333
DDOS attack-LOIC-UDP,Fwd IAT Tot,3.461207667628566,3.4505930491037913,333
DDOS attack-LOIC-UDP,Fwd IAT Mean,0.22742143693986955,0.14233102884378518,333
DDOS attack-LOIC-UDP,Fwd IAT Std,0.16953848074148367,0.08491925649098805,333
DDOS attack-LOIC-UDP,Fwd IAT Max,0.032648135233927775,0.018393903165250212,333
DDOS attack-LOIC-UDP,Fwd IAT Min,0.12492146076740804,0.08343814586375926,333
DDOS attack-LOIC-UDP,Bwd IAT Tot,0.0,0.0,333
DDOS attack-LOIC-UDP,Bwd IAT Mean,0.0,0.0,333
DDOS attack-LOIC-UDP,Bwd IAT Std,4.0921765762764414e-05,-4.0921765762764414e-05,333
DDOS attack-LOIC-UDP,Bwd IAT Max,0.0,0.0,333
DDOS attack-LOIC-UDP,Bwd IAT Min,0.0,0.0,333
DDOS attack-LOIC-UDP,Fwd PSH Flags,0.0,0.0,333
DDOS attack-LOIC-UDP,Bwd PSH Flags,0.0,0.0,333
DDOS attack-LOIC-UDP,Fwd URG Flags,0.0,0.0,333
DDOS attack-LOIC-UDP,Bwd URG Flags,0.0,0.0,333
DDOS attack-LOIC-UDP,Fwd Header Len,0.3700827521246833,0.3700827521246833,333
DDOS attack-LOIC-UDP,Bwd Header Len,0.06984450079657294,0.06984450079657294,333
DDOS attack-LOIC-UDP,Fwd Pkts/s,0.11938690781235337,0.09586239147472668,333
DDOS attack-LOIC-UDP,Bwd Pkts/s,0.0026666307234549306,0.0026666307234549306,333
DDOS attack-LOIC-UDP,Pkt Len Min,0.05140974714949324,0.05140974714949324,333
DDOS attack-LOIC-UDP,Pkt Len Max,0.0,0.0,333
DDOS attack-LOIC-UDP,Pkt Len Mean,0.0,0.0,333
DDOS attack-LOIC-UDP,Pkt Len Std,0.0,0.0,333
DDOS attack-LOIC-UDP,Pkt Len Var,0.0,0.0,333
DDOS attack-LOIC-UDP,FIN Flag Cnt,0.0,0.0,333
DDOS attack-LOIC-UDP,SYN Flag Cnt,0.0,0.0,333
DDOS attack-LOIC-UDP,RST Flag Cnt,0.0,0.0,333
DDOS attack-LOIC-UDP,PSH Flag Cnt,0.0,0.0,333
DDOS attack-LOIC-UDP,ACK Flag Cnt,0.0,0.0,333
DDOS attack-LOIC-UDP,URG Flag Cnt,0.0,0.0,333
DDOS attack-LOIC-UDP,CWE Flag Count,0.0,0.0,333
DDOS attack-LOIC-UDP,ECE Flag Cnt,0.0,0.0,333
DDOS attack-LOIC-UDP,Down/Up Ratio,0.0,0.0,333
DDOS attack-LOIC-UDP,Pkt Size Avg,0.0,0.0,333
DDOS attack-LOIC-UDP,Fwd Seg Size Avg,0.0,0.0,333
DDOS attack-LOIC-UDP,Bwd Seg Size Avg,0.0,0.0,333
DDOS attack-LOIC-UDP,Fwd Byts/b Avg,0.0,0.0,333
DDOS attack-LOIC-UDP,Fwd Pkts/b Avg,0.0,0.0,333
DDOS attack-LOIC-UDP,Fwd Blk Rate Avg,0.0,0.0,333
DDOS attack-LOIC-UDP,Bwd Byts/b Avg,0.0,0.0,333
DDOS attack-LOIC-UDP,Bwd Pkts/b Avg,0.0,0.0,333
DDOS attack-LOIC-UDP,Bwd Blk Rate Avg,0.0,0.0,333
DDOS attack-LOIC-UDP,Subflow Fwd Pkts,0.0,0.0,333
DDOS attack-LOIC-UDP,Subflow Fwd Byts,0.0,0.0,333
DDOS attack-LOIC-UDP,Subflow Bwd Pkts,0.0,0.0,333
DDOS attack-LOIC-UDP,Subflow Bwd Byts,0.0,0.0,333
DDOS attack-LOIC-UDP,Init Fwd Win Byts,0.0014442824744605445,0.0014442824744605445,333
DDOS attack-LOIC-UDP,Init Bwd Win Byts,0.0,0.0,333
DDOS attack-LOIC-UDP,Fwd Act Data Pkts,0.8082380781660566,0.8082380781660566,333
DDOS attack-LOIC-UDP,Fwd Seg Size Min,0.0,0.0,333
DDOS attack-LOIC-UDP,Active Mean,0.0,0.0,333
DDOS attack-LOIC-UDP,Active Std,0.0,0.0,333
DDOS attack-LOIC-UDP,Active Max,0.0,0.0,333
DDOS attack-LOIC-UDP,Active Min,0.0,0.0,333
DDOS attack-LOIC-UDP,Idle Mean,0.0,0.0,333
DDOS attack-LOIC-UDP,Idle Std,0.0,0.0,333
DDOS attack-LOIC-UDP,Idle Max,0.0,0.0,333
DDOS attack-LOIC-UDP,Idle Min,0.0,0.0,333
DDoS attacks-LOIC-HTTP,Dst Port,0.25437005392507844,0.25437005392507844,51327
DDoS attacks-LOIC-HTTP,Protocol,0.02886268549873848,-0.028775753775082742,51327
DDoS attacks-LOIC-HTTP,Flow Duration,0.30716419050889393,0.28268067252920004,51327
DDoS attacks-LOIC-HTTP,Tot Fwd Pkts,0.021137757278755425,-0.01566344024511344,51327
DDoS attacks-LOIC-HTTP,Tot Bwd Pkts,0.00023064634802604978,-1.6674337538143316e-06,51327
DDoS attacks-LOIC-HTTP,TotLen Fwd Pkts,0.018725782027224035,-0.009420397833158367,51327
DDoS attacks-LOIC-HTTP,TotLen Bwd Pkts,0.10541617084149181,0.10541617084149181,51327
DDoS attacks-LOIC-HTTP,Fwd Pkt Len Max,0.0009622255199305357,-0.000733532460486006,51327
DDoS attacks-LOIC-HTTP,Fwd Pkt Len Min,0.0,0.0,51327
DDoS attacks-LOIC-HTTP,Fwd Pkt Len Mean,3.2943903309436744e-06,3.2943903309436744e-06,51327
DDoS attacks-LOIC-HTTP,Fwd Pkt Len Std,0.08045674821487717,-0.043446281394904245,51327
DDoS attacks-LOIC-HTTP,Bwd Pkt Len Max,1.6978026684188902e-06,-1.6978026684188902e-06,51327
DDoS attacks-LOIC-HTTP,Bwd Pkt Len Min,0.0,0.0,51327
DDoS attacks-LOIC-HTTP,Bwd Pkt Len Mean,0.11557743569645972,0.11557743569645972,51327
DDoS attacks-LOIC-HTTP,Bwd Pkt Len Std,0.7366932585737039,0.7168471614902975,51327
DDoS attacks-LOIC-HTTP,Flow Byts/s,0.03270078629291875,0.00015934032335429457,51327
DDoS attacks-LOIC-HTTP,Flow Pkts/s,0.1107940236817976,0.1072471232626712,51327
DDoS attacks-LOIC-HTTP,Flow IAT Mean,0.06808167437383711,0.06460660058607068,51327
DDoS attacks-LOIC-HTTP,Flow IAT Std,0.10577471418323324,0.10480516287191075,51327
DDoS attacks-LOIC-HTTP,Flow IAT Max,0.5281143148342977,0.5163423958607312,51327
DDoS attacks-LOIC-HTTP,Flow IAT Min,0.5553353071969919,0.5552993379915785,51327
DDoS attacks-LOIC-HTTP,Fwd IAT Tot,0.4198911570512352,0.416223268439978,51327
DDoS attacks-LOIC-HTTP,Fwd IAT Mean,0.038614092507316754,0.03398192286767777,51327
DDoS attacks-LOIC-HTTP,Fwd IAT Std,1.1924493284175484,1.1900302685477429,51327
DDoS attacks-LOIC-HTTP,Fwd IAT Max,0.0669983910225734,0.04087517112722867,51327
DDoS attacks-LOIC-HTTP,Fwd IAT Min,0.0062793979402859055,-0.005176947977912301,51327
DDoS attacks-LOIC-HTTP,Bwd IAT Tot,0.0028623074469069413,0.002770780799362269,51327
DDoS attacks-LOIC-HTTP,Bwd IAT Mean,0.014378844155317103,0.014378844155317103,51327
DDoS attacks-LOIC-HTTP,Bwd IAT Std,0.18227308273575554,0.18204933353942612,51327
DDoS attacks-LOIC-HTTP,Bwd IAT Max,0.00010125129856971227,6.221408844179944e-05,51327
DDoS attacks-LOIC-HTTP,Bwd IAT Min,0.10826394777526327,0.10428170676419696,51327
DDoS attacks-LOIC-HTTP,Fwd PSH Flags,0.0,0.0,51327
DDoS attacks-LOIC-HTTP,Bwd PSH Flags,0.0,0.0,51327
DDoS attacks-LOIC-HTTP,Fwd URG Flags,0.0,0.0,51327
DDoS attacks-LOIC-HTTP,Bwd URG Flags,0.0,0.0,51327
DDoS attacks-LOIC-HTTP,Fwd Header Len,0.010534139751312663,0.008079711342084591,51327
DDoS attacks-LOIC-HTTP,Bwd Header Len,0.0,0.0,51327
DDoS attacks-LOIC-HTTP,Fwd Pkts/s,1.231149624892844,1.191886816088511,51327
DDoS attacks-LOIC-HTTP,Bwd Pkts/s,0.0005059614784822956,-0.00042270987451948624,51327
DDoS attacks-LOIC-HTTP,Pkt Len Min,0.0,0.0,51327
DDoS attacks-LOIC-HTTP,Pkt Len Max,9.515362972059076e-05,7.654378733132443e-05,51327
DDoS attacks-LOIC-HTTP,Pkt Len Mean,0.02005838085768166,0.02005838085768166,51327
DDoS attacks-LOIC-HTTP,Pkt Len Std,3.4073534248647552e-06,2.929175940206905e-06,51327
DDoS attacks-LOIC-HTTP,Pkt Len Var,0.0,0.0,51327
DDoS attacks-LOIC-HTTP,FIN Flag Cnt,0.0,0.0,51327
DDoS attacks-LOIC-HTTP,SYN Flag Cnt,0.0,0.0,51327
DDoS attacks-LOIC-HTTP,RST Flag Cnt,0.0,0.0,51327
DDoS attacks-LOIC-HTTP,PSH Flag Cnt,0.0,0.0,51327
DDoS attacks-LOIC-HTTP,ACK Flag Cnt,0.007057905508364643,-0.0009488120954082745,51327
DDoS attacks-LOIC-HTTP,URG Flag Cnt,0.00013108716315858227,0.00013108716315858227,51327
DDoS attacks-LOIC-HTTP,CWE Flag Count,0.0,0.0,51327
DDoS attacks-LOIC-HTTP,ECE Flag Cnt,0.0,0.0,51327
DDoS attacks-LOIC-HTTP,Down/Up Ratio,0.0,0.0,51327
DDoS attacks-LOIC-HTTP,Pkt Size Avg,2.7307639683113027e-06,2.502741646924131e-06,51327
DDoS attacks-LOIC-HTTP,Fwd Seg Size Avg,0.0,0.0,51327
DDoS attacks-LOIC-HTTP,Bwd Seg Size Avg,0.0,0.0,51327
DDoS attacks-LOIC-HTTP,Fwd Byts/b Avg,0.0,0.0,51327
DDoS attacks-LOIC-HTTP,Fwd Pkts/b Avg,0.0,0.0,51327
DDoS attacks-LOIC-HTTP,Fwd Blk Rate Avg,0.0,0.0,51327
DDoS attacks-LOIC-HTTP,Bwd Byts/b Avg,0.0,0.0,51327
DDoS attacks-LOIC-HTTP,Bwd Pkts/b Avg,0.0,0.0,51327
DDoS attacks-LOIC-HTTP,Bwd Blk Rate Avg,0.0,0.0,51327
DDoS attacks-LOIC-HTTP,Subflow Fwd Pkts,0.0,0.0,51327
DDoS attacks-LOIC-HTTP,Subflow Fwd Byts,0.0,0.0,51327
DDoS attacks-LOIC-HTTP,Subflow Bwd Pkts,0.0,0.0,51327
DDoS attacks-LOIC-HTTP,Subflow Bwd Byts,0.0,0.0,51327
DDoS attacks-LOIC-HTTP,Init Fwd Win Byts,0.8946053954607224,0.8889232693989031,51327
DDoS attacks-LOIC-HTTP,Init Bwd Win Byts,0.010260282138889345,-0.005184832666637784,51327
DDoS attacks-LOIC-HTTP,Fwd Act Data Pkts,0.0031717887443042892,-0.002160717864228588,51327
DDoS attacks-LOIC-HTTP,Fwd Seg Size Min,0.0007295695105001635,0.0007295695105001635,51327
DDoS attacks-LOIC-HTTP,Active Mean,0.0,0.0,51327
DDoS attacks-LOIC-HTTP,Active Std,0.0,0.0,51327
DDoS attacks-LOIC-HTTP,Active Max,0.0,0.0,51327
DDoS attacks-LOIC-HTTP,Active Min,0.0,0.0,51327
DDoS attacks-LOIC-HTTP,Idle Mean,0.008540996661732388,0.00023713623441298955,51327
DDoS attacks-LOIC-HTTP,Idle Std,0.0,0.0,51327
DDoS attacks-LOIC-HTTP,Idle Max,0.00034724232803354536,-9.836866898031017e-05,51327
DDoS attacks-LOIC-HTTP,Idle Min,9.92063739580477e-05,-3.5452998787455586e-05,51327
DoS attacks-GoldenEye,Dst Port,0.390002124168838,0.390002124168838,3694
DoS attacks-GoldenEye,Protocol,0.0,0.0,3694
DoS attacks-GoldenEye,Flow Duration,0.011011986972579584,-0.004315092296424787,3694
DoS attacks-GoldenEye,Tot Fwd Pkts,0.0015892548759885911,0.0008870434877223173,3694
DoS attacks-GoldenEye,Tot Bwd Pkts,0.033120211615198424,-0.017997673542743512,3694
DoS attacks-GoldenEye,TotLen Fwd Pkts,0.030018137801190486,-0.010428355846394703,3694
DoS attacks-GoldenEye,TotLen Bwd Pkts,0.16197998509512893,0.16159103880976752,3694
DoS attacks-GoldenEye,Fwd Pkt Len Max,0.3308407174747056,0.194573815990669,3694
DoS attacks-GoldenEye,Fwd Pkt Len Min,0.0,0.0,3694
DoS attacks-GoldenEye,Fwd Pkt Len Mean,0.02088018023909655,-0.005918003509802372,3694
DoS attacks-GoldenEye,Fwd Pkt Len Std,0.07540122766912984,0.05611127637564717,3694
DoS attacks-GoldenEye,Bwd Pkt Len Max,0.01499537771046323,0.014261316982035904,3694
DoS attacks-GoldenEye,Bwd Pkt Len Min,0.0,0.0,3694
DoS attacks-GoldenEye,Bwd Pkt Len Mean,0.3418247654558067,0.29458398411063547,3694
DoS attacks-GoldenEye,Bwd Pkt Len Std,1.2784728508222793,1.2397102723588929,3694
DoS attacks-GoldenEye,Flow Byts/s,0.4244860291287392,0.42386811013213993,3694
DoS attacks-GoldenEye,Flow Pkts/s,0.039657076436503874,0.033893157678097086,3694
DoS attacks-GoldenEye,Flow IAT Mean,1.0623928662823159,0.9678990106422577,3694
DoS attacks-GoldenEye,Flow IAT Std,0.007050568436569437,-0.0012359289975829814,3694
DoS attacks-GoldenEye,Flow IAT Max,0.04122998331066848,0.03983895095800411,3694
DoS attacks-GoldenEye,Flow IAT Min,1.3179459089063346,1.2900011261928126,3694
DoS attacks-GoldenEye,Fwd IAT Tot,0.008365539711878374,0.004595829850606294,3694
DoS attacks-GoldenEye,Fwd IAT Mean,0.0014298389457533278,0.0011689872049807728,3694
DoS attacks-GoldenEye,Fwd IAT Std,0.025336260916932443,0.02476945514606668,3694
DoS attacks-GoldenEye,Fwd IAT Max,0.0698064402367014,0.02279830585638768,3694
DoS attacks-GoldenEye,Fwd IAT Min,0.10142733538286326,0.09296389560668483,3694
DoS attacks-GoldenEye,Bwd IAT Tot,0.0030632690280982464,-0.0002954999820955005,3694
DoS attacks-GoldenEye,Bwd IAT Mean,0.022090544233337634,0.02126800917133358,3694
DoS attacks-GoldenEye,Bwd IAT Std,0.5343059215535327,0.5260682242847354,3694
DoS attacks-GoldenEye,Bwd IAT Max,0.043251504366244246,0.040413402646183,3694
DoS attacks-GoldenEye,Bwd IAT Min,0.04681069746363402,0.03685286294207033,3694
DoS attacks-GoldenEye,Fwd PSH Flags,0.00237087385036136,0.00237087385036136,3694
DoS attacks-GoldenEye,Bwd PSH Flags,0.0,0.0,3694
DoS attacks-GoldenEye,Fwd URG Flags,0.0,0.0,3694
DoS attacks-GoldenEye,Bwd URG Flags,0.0,0.0,3694
DoS attacks-GoldenEye,Fwd Header Len,0.020431425614039447,0.016653621654995853,3694
DoS attacks-GoldenEye,Bwd Header Len,0.00699711465551586,0.0056727780609048244,3694
DoS attacks-GoldenEye,Fwd Pkts/s,0.02908851858984798,0.026764025479054928,3694
DoS attacks-GoldenEye,Bwd Pkts/s,0.01484194405994095,0.0071663384058053385,3694
DoS attacks-GoldenEye,Pkt Len Min,0.0,0.0,3694
DoS attacks-GoldenEye,Pkt Len Max,0.0056351546538992705,0.0034574243786145236,3694
DoS attacks-GoldenEye,Pkt Len Mean,0.018856916030032866,0.01820851043552467,3694
DoS attacks-GoldenEye,Pkt Len Std,0.01493629947119167,-0.0004317585881103615,3694
DoS attacks-GoldenEye,Pkt Len Var,0.0,0.0,3694
DoS attacks-GoldenEye,FIN Flag Cnt,0.0,0.0,3694
DoS attacks-GoldenEye,SYN Flag Cnt,0.0,0.0,3694
DoS attacks-GoldenEye,RST Flag Cnt,0.0,0.0,3694
DoS attacks-GoldenEye,PSH Flag Cnt,0.0621558180614362,0.002963306972253755,3694
DoS attacks-GoldenEye,ACK Flag Cnt,0.024618693022838978,0.015784463433233156,3694
DoS attacks-GoldenEye,URG Flag Cnt,0.0008105453311525684,0.0008105453311525684,3694
DoS attacks-GoldenEye,CWE Flag Count,0.0,0.0,3694
DoS attacks-GoldenEye,ECE Flag Cnt,0.0,0.0,3694
DoS attacks-GoldenEye,Down/Up Ratio,0.009567547825522596,-0.006711082582416958,3694
DoS attacks-GoldenEye,Pkt Size Avg,0.041549628918146404,0.04144973217892402,3694
DoS attacks-GoldenEye,Fwd Seg Size Avg,0.0,0.0,3694
DoS attacks-GoldenEye,Bwd Seg Size Avg,0.0,0.0,3694
DoS attacks-GoldenEye,Fwd Byts/b Avg,0.0,0.0,3694
DoS attacks-GoldenEye,Fwd Pkts/b Avg,0.0,0.0,3694
DoS attacks-GoldenEye,Fwd Blk Rate Avg,0.0,0.0,3694
DoS attacks-GoldenEye,Bwd Byts/b Avg,0.0,0.0,3694
DoS attacks-GoldenEye,Bwd Pkts/b Avg,0.0,0.0,3694
DoS attacks-GoldenEye,Bwd Blk Rate Avg,0.0,0.0,3694
DoS attacks-GoldenEye,Subflow Fwd Pkts,0.0,0.0,3694
DoS attacks-GoldenEye,Subflow Fwd Byts,0.0,0.0,3694
DoS attacks-GoldenEye,Subflow Bwd Pkts,0.0,0.0,3694
DoS attacks-GoldenEye,Subflow Bwd Byts,0.0,0.0,3694
DoS attacks-GoldenEye,Init Fwd Win Byts,0.26152265762469545,0.22724769976439835,3694
DoS attacks-GoldenEye,Init Bwd Win Byts,0.02492689866921549,0.02492689866921549,3694
DoS attacks-GoldenEye,Fwd Act Data Pkts,0.001360988642760206,-0.0001243053172560208,3694
DoS attacks-GoldenEye,Fwd Seg Size Min,8.188420517223877,8.188420517223877,3694
DoS attacks-GoldenEye,Active Mean,8.557172936882015e-05,-7.872456915648357e-05,3694
DoS attacks-GoldenEye,Active Std,0.0,0.0,3694
DoS attacks-GoldenEye,Active Max,0.0,0.0,3694
DoS attacks-GoldenEye,Active Min,0.0,0.0,3694
DoS attacks-GoldenEye,Idle Mean,0.01824294597830202,-0.01787061954616016,3694
DoS attacks-GoldenEye,Idle Std,0.0020679116055458122,0.000857521471747464,3694
DoS attacks-GoldenEye,Idle Max,0.030057381473493756,-0.014480521631163394,3694
DoS attacks-GoldenEye,Idle Min,0.0,0.0,3694
DoS attacks-Hulk,Dst Port,0.007616388400693025,0.007616388400693025,38759
DoS attacks-Hulk,Protocol,0.0,0.0,38759
DoS attacks-Hulk,Flow Duration,0.05264170184162872,0.04937231091941952,38759
DoS attacks-Hulk,Tot Fwd Pkts,0.0012248820289590754,-0.0008327828653364556,38759
DoS attacks-Hulk,Tot Bwd Pkts,0.22489804283359993,0.21545270004829523,38759
DoS attacks-Hulk,TotLen Fwd Pkts,4.8499590054044055e-05,-4.456497302269793e-05,38759
DoS attacks-Hulk,TotLen Bwd Pkts,0.008815929448568599,0.008815929448568599,38759
DoS attacks-Hulk,Fwd Pkt Len Max,0.2033776756890335,0.2033776756890335,38759
DoS attacks-Hulk,Fwd Pkt Len Min,0.0,0.0,38759
DoS attacks-Hulk,Fwd Pkt Len Mean,0.0026874732680849628,-0.0024727791061052956,38759
DoS attacks-Hulk,Fwd Pkt Len Std,0.0012309080479348596,-0.0011439616104567296,38759
DoS attacks-Hulk,Bwd Pkt Len Max,0.0,0.0,38759
DoS attacks-Hulk,Bwd Pkt Len Min,0.0,0.0,38759
DoS attacks-Hulk,Bwd Pkt Len Mean,0.00022248934658661437,0.00017835559107797852,38759
DoS attacks-Hulk,Bwd Pkt Len Std,0.07019977416535514,0.02262957981457734,38759
DoS attacks-Hulk,Flow Byts/s,0.0004697640388323619,-0.0003231422411324842,38759
DoS attacks-Hulk,Flow Pkts/s,0.00042634101477338326,-0.0004014017879724558,38759
DoS attacks-Hulk,Flow IAT Mean,5.337408709173592e-05,-1.8701360593464247e-05,38759
DoS attacks-Hulk,Flow IAT Std,0.0004720180752310653,0.0003201408453156709,38759
DoS attacks-Hulk,Flow IAT Max,0.00010063109738301614,4.189769323434576e-05,38759
DoS attacks-Hulk,Flow IAT Min,0.011802802664960678,0.011784890053635729,38759
DoS attacks-Hulk,Fwd IAT Tot,0.0021186701059741266,0.0021154091249245134,38759
DoS attacks-Hulk,Fwd IAT Mean,0.002204222115555268,0.0021860496729451647,38759
DoS attacks-Hulk,Fwd IAT Std,0.00021443051073172811,-0.00013119579145803108,38759
DoS attacks-Hulk,Fwd IAT Max,0.0,0.0,38759
DoS attacks-Hulk,Fwd IAT Min,0.07958292121466949,0.07815626164044158,38759
DoS attacks-Hulk,Bwd IAT Tot,3.650283353051096e-06,-1.5015160805386944e-06,38759
DoS attacks-Hulk,Bwd IAT Mean,0.0,0.0,38759
DoS attacks-Hulk,Bwd IAT Std,0.0005916652641551297,-0.0005834999675982513,38759
DoS attacks-Hulk,Bwd IAT Max,0.0,0.0,38759
DoS attacks-Hulk,Bwd IAT Min,0.008226670674850316,0.006044545733783202,38759
DoS attacks-Hulk,Fwd PSH Flags,0.0,0.0,38759
DoS attacks-Hulk,Bwd PSH Flags,0.0,0.0,38759
DoS attacks-Hulk,Fwd URG Flags,0.0,0.0,38759
DoS attacks-Hulk,Bwd URG Flags,0.0,0.0,38759
DoS attacks-Hulk,Fwd Header Len,0.0003245378377781511,0.00029851556233341823,38759
DoS attacks-Hulk,Bwd Header Len,0.0,0.0,38759
DoS attacks-Hulk,Fwd Pkts/s,0.001382018344967434,0.001341641350622169,38759
DoS attacks-Hulk,Bwd Pkts/s,0.0006420830891207955,-0.0004782197509819166,38759
DoS attacks-Hulk,Pkt Len Min,0.0,0.0,38759
DoS attacks-Hulk,Pkt Len Max,0.0,0.0,38759
DoS attacks-Hulk,Pkt Len Mean,0.00019052907739551344,-0.00017512719043560535,38759
DoS attacks-Hulk,Pkt Len Std,0.0032856453375143513,-0.001858703393605709,38759
DoS attacks-Hulk,Pkt Len Var,0.0,0.0,38759
DoS attacks-Hulk,FIN Flag Cnt,0.02440216380187505,0.009191451007119919,38759
DoS attacks-Hulk,SYN Flag Cnt,0.0,0.0,38759
DoS attacks-Hulk,RST Flag Cnt,0.0,0.0,38759
DoS attacks-Hulk,PSH Flag Cnt,0.0,0.0,38759
DoS attacks-Hulk,ACK Flag Cnt,0.0,0.0,38759
DoS attacks-Hulk,URG Flag Cnt,0.0,0.0,38759
DoS attacks-Hulk,CWE Flag Count,0.0,0.0,38759
DoS attacks-Hulk,ECE Flag Cnt,0.0,0.0,38759
DoS attacks-Hulk,Down/Up Ratio,0.0,0.0,38759
DoS attacks-Hulk,Pkt Size Avg,0.0,0.0,38759
DoS attacks-Hulk,Fwd Seg Size Avg,0.0,0.0,38759
DoS attacks-Hulk,Bwd Seg Size Avg,0.0,0.0,38759
DoS attacks-Hulk,Fwd Byts/b Avg,0.0,0.0,38759
DoS attacks-Hulk,Fwd Pkts/b Avg,0.0,0.0,38759
DoS attacks-Hulk,Fwd Blk Rate Avg,0.0,0.0,38759
DoS attacks-Hulk,Bwd Byts/b Avg,0.0,0.0,38759
DoS attacks-Hulk,Bwd Pkts/b Avg,0.0,0.0,38759
DoS attacks-Hulk,Bwd Blk Rate Avg,0.0,0.0,38759
DoS attacks-Hulk,Subflow Fwd Pkts,0.0,0.0,38759
DoS attacks-Hulk,Subflow Fwd Byts,0.0,0.0,38759
DoS attacks-Hulk,Subflow Bwd Pkts,0.0,0.0,38759
DoS attacks-Hulk,Subflow Bwd Byts,0.0,0.0,38759
DoS attacks-Hulk,Init Fwd Win Byts,0.22548597331829381,0.19275311459918987,38759
DoS attacks-Hulk,Init Bwd Win Byts,0.0,0.0,38759
DoS attacks-Hulk,Fwd Act Data Pkts,0.0,0.0,38759
DoS attacks-Hulk,Fwd Seg Size Min,6.4924704987873785,6.485058510603989,38759
DoS attacks-Hulk,Active Mean,3.502812374855805e-05,3.502812374855805e-05,38759
DoS attacks-Hulk,Active Std,0.0,0.0,38759
DoS attacks-Hulk,Active Max,0.0,0.0,38759
DoS attacks-Hulk,Active Min,0.0,0.0,38759
DoS attacks-Hulk,Idle Mean,0.0,0.0,38759
DoS attacks-Hulk,Idle Std,0.0,0.0,38759
DoS attacks-Hulk,Idle Max,0.0,0.0,38759
DoS attacks-Hulk,Idle Min,0.0,0.0,38759
DoS attacks-SlowHTTPTest,Dst Port,0.16339033047966717,0.16339033047966717,653
DoS attacks-SlowHTTPTest,Protocol,0.0,0.0,653
DoS attacks-SlowHTTPTest,Flow Duration,1.1410113067393282,1.1410113067393282,653
DoS attacks-SlowHTTPTest,Tot Fwd Pkts,0.0,0.0,653
DoS attacks-SlowHTTPTest,Tot Bwd Pkts,0.0,0.0,653
DoS attacks-SlowHTTPTest,TotLen Fwd Pkts,0.0,0.0,653
DoS attacks-SlowHTTPTest,TotLen Bwd Pkts,0.0,0.0,653
DoS attacks-SlowHTTPTest,Fwd Pkt Len Max,0.0,0.0,653
DoS attacks-SlowHTTPTest,Fwd Pkt Len Min,0.0,0.0,653
DoS attacks-SlowHTTPTest,Fwd Pkt Len Mean,0.0,0.0,653
DoS attacks-SlowHTTPTest,Fwd Pkt Len Std,0.0,0.0,653
DoS attacks-SlowHTTPTest,Bwd Pkt Len Max,0.0,0.0,653
DoS attacks-SlowHTTPTest,Bwd Pkt Len Min,0.0,0.0,653
DoS attacks-SlowHTTPTest,Bwd Pkt Len Mean,0.0,0.0,653
DoS attacks-SlowHTTPTest,Bwd Pkt Len Std,0.0,0.0,653
DoS attacks-SlowHTTPTest,Flow Byts/s,0.0,0.0,653
DoS attacks-SlowHTTPTest,Flow Pkts/s,0.16189537807774215,0.15521358238792712,653
DoS attacks-SlowHTTPTest,Flow IAT Mean,0.07397873368781704,0.037571756617033464,653
DoS attacks-SlowHTTPTest,Flow IAT Std,0.0,0.0,653
DoS attacks-SlowHTTPTest,Flow IAT Max,1.5204644429555896,1.2649242640636964,653
DoS attacks-SlowHTTPTest,Flow IAT Min,0.3064408353422904,0.2596229448070205,653
DoS attacks-SlowHTTPTest,Fwd IAT Tot,0.0,0.0,653
DoS attacks-SlowHTTPTest,Fwd IAT Mean,0.0,0.0,653
DoS attacks-SlowHTTPTest,Fwd IAT Std,0.0,0.0,653
DoS attacks-SlowHTTPTest,Fwd IAT Max,0.0,0.0,653
DoS attacks-SlowHTTPTest,Fwd IAT Min,0.0,0.0,653
DoS attacks-SlowHTTPTest,Bwd IAT Tot,0.0,0.0,653
DoS attacks-SlowHTTPTest,Bwd IAT Mean,0.0,0.0,653
DoS attacks-SlowHTTPTest,Bwd IAT Std,0.0,0.0,653
DoS attacks-SlowHTTPTest,Bwd IAT Max,0.0,0.0,653
DoS attacks-SlowHTTPTest,Bwd IAT Min,0.0,0.0,653
DoS attacks-SlowHTTPTest,Fwd PSH Flags,0.0,0.0,653
DoS attacks-SlowHTTPTest,Bwd PSH Flags,0.0,0.0,653
DoS attacks-SlowHTTPTest,Fwd URG Flags,0.0,0.0,653
DoS attacks-SlowHTTPTest,Bwd URG Flags,0.0,0.0,653
DoS attacks-SlowHTTPTest,Fwd Header Len,0.00040611930499580696,0.0003801559826864035,653
DoS attacks-SlowHTTPTest,Bwd Header Len,0.0,0.0,653
DoS attacks-SlowHTTPTest,Fwd Pkts/s,0.02064304877568898,0.016824197988232648,653
DoS attacks-SlowHTTPTest,Bwd Pkts/s,0.5983215145093559,-0.038759187753861384,653
DoS attacks-SlowHTTPTest,Pkt Len Min,0.0,0.0,653
DoS attacks-SlowHTTPTest,Pkt Len Max,0.0,0.0,653
DoS attacks-SlowHTTPTest,Pkt Len Mean,0.0,0.0,653
DoS attacks-SlowHTTPTest,Pkt Len Std,0.0,0.0,653
DoS attacks-SlowHTTPTest,Pkt Len Var,0.0,0.0,653
DoS attacks-SlowHTTPTest,FIN Flag Cnt,0.0,0.0,653
DoS attacks-SlowHTTPTest,SYN Flag Cnt,0.0,0.0,653
DoS attacks-SlowHTTPTest,RST Flag Cnt,0.0,0.0,653
DoS attacks-SlowHTTPTest,PSH Flag Cnt,0.00041904182930635274,0.00041904182930635274,653
DoS attacks-SlowHTTPTest,ACK Flag Cnt,0.0,0.0,653
DoS attacks-SlowHTTPTest,URG Flag Cnt,0.0,0.0,653
DoS attacks-SlowHTTPTest,CWE Flag Count,0.0,0.0,653
DoS attacks-SlowHTTPTest,ECE Flag Cnt,0.0,0.0,653
DoS attacks-SlowHTTPTest,Down/Up Ratio,0.0,0.0,653
DoS attacks-SlowHTTPTest,Pkt Size Avg,0.0,0.0,653
DoS attacks-SlowHTTPTest,Fwd Seg Size Avg,0.0,0.0,653
DoS attacks-SlowHTTPTest,Bwd Seg Size Avg,0.0,0.0,653
DoS attacks-SlowHTTPTest,Fwd Byts/b Avg,0.0,0.0,653
DoS attacks-SlowHTTPTest,Fwd Pkts/b Avg,0.0,0.0,653
DoS attacks-SlowHTTPTest,Fwd Blk Rate Avg,0.0,0.0,653
DoS attacks-SlowHTTPTest,Bwd Byts/b Avg,0.0,0.0,653
DoS attacks-SlowHTTPTest,Bwd Pkts/b Avg,0.0,0.0,653
DoS attacks-SlowHTTPTest,Bwd Blk Rate Avg,0.0,0.0,653
DoS attacks-SlowHTTPTest,Subflow Fwd Pkts,0.0,0.0,653
DoS attacks-SlowHTTPTest,Subflow Fwd Byts,0.0,0.0,653
DoS attacks-SlowHTTPTest,Subflow Bwd Pkts,0.0,0.0,653
DoS attacks-SlowHTTPTest,Subflow Bwd Byts,0.0,0.0,653
DoS attacks-SlowHTTPTest,Init Fwd Win Byts,0.0004544740066411484,0.0004544740066411484,653
DoS attacks-SlowHTTPTest,Init Bwd Win Byts,0.0,0.0,653
DoS attacks-SlowHTTPTest,Fwd Act Data Pkts,0.0,0.0,653
DoS attacks-SlowHTTPTest,Fwd Seg Size Min,5.8857582641414625,5.8857582641414625,653
DoS attacks-SlowHTTPTest,Active Mean,0.0,0.0,653
DoS attacks-SlowHTTPTest,Active Std,0.0,0.0,653
DoS attacks-SlowHTTPTest,Active Max,0.0,0.0,653
DoS attacks-SlowHTTPTest,Active Min,0.0,0.0,653
DoS attacks-SlowHTTPTest,Idle Mean,0.0,0.0,653
DoS attacks-SlowHTTPTest,Idle Std,0.0,0.0,653
DoS attacks-SlowHTTPTest,Idle Max,0.0,0.0,653
DoS attacks-SlowHTTPTest,Idle Min,0.0,0.0,653
DoS attacks-Slowloris,Dst Port,1.1940505222720994,1.188225812543163,905
DoS attacks-Slowloris,Protocol,0.0,0.0,905
DoS attacks-Slowloris,Flow Duration,0.6705964315003453,-0.6128364689442334,905
DoS attacks-Slowloris,Tot Fwd Pkts,0.00900222293579776,-0.007533749427584654,905
DoS attacks-Slowloris,Tot Bwd Pkts,0.0024266640784332107,-0.0022515591995492168,905
DoS attacks-Slowloris,TotLen Fwd Pkts,0.15833608722159875,0.1579251958520373,905
DoS attacks-Slowloris,TotLen Bwd Pkts,0.024933647450821175,0.024169489823652236,905
DoS attacks-Slowloris,Fwd Pkt Len Max,0.03942535568996029,0.03942535568996029,905
DoS attacks-Slowloris,Fwd Pkt Len Min,0.0,0.0,905
DoS attacks-Slowloris,Fwd Pkt Len Mean,0.0006319866654622621,0.0005978515793605404,905
DoS attacks-Slowloris,Fwd Pkt Len Std,0.03762969549189615,0.000854618773275976,905
DoS attacks-Slowloris,Bwd Pkt Len Max,0.0,0.0,905
DoS attacks-Slowloris,Bwd Pkt Len Min,0.002456866048317588,-0.002456866048317588,905
DoS attacks-Slowloris,Bwd Pkt Len Mean,0.07515646581491713,-0.0751495108420019,905
DoS attacks-Slowloris,Bwd Pkt Len Std,0.001990467540466983,0.001659715241490148,905
DoS attacks-Slowloris,Flow Byts/s,0.09419833862979109,0.08458931432903143,905
DoS attacks-Slowloris,Flow Pkts/s,0.03177847467074737,-0.030295499517114122,905
DoS attacks-Slowloris,Flow IAT Mean,0.008844273393325384,0.004411827793437473,905
DoS attacks-Slowloris,Flow IAT Std,0.1092285746368914,0.10307070905991023,905
DoS attacks-Slowloris,Flow IAT Max,0.010508955644639157,-0.0092231508118013,905
DoS attacks-Slowloris,Flow IAT Min,0.048011396207862135,0.017364134182587514,905
DoS attacks-Slowloris,Fwd IAT Tot,0.035138906826630484,-0.007623803154539667,905
DoS attacks-Slowloris,Fwd IAT Mean,0.002522027031492792,-0.000567843044660368,905
DoS attacks-Slowloris,Fwd IAT Std,1.2571877158149172,1.2542994378021408,905
DoS attacks-Slowloris,Fwd IAT Max,0.05136536234650164,-0.02519713976106591,905
DoS attacks-Slowloris,Fwd IAT Min,0.18017719753539366,0.16072202229368093,905
DoS attacks-Slowloris,Bwd IAT Tot,2.6883856504661603,2.6560182687327347,905
DoS attacks-Slowloris,Bwd IAT Mean,0.8796288927615676,0.8725751170795926,905
DoS attacks-Slowloris,Bwd IAT Std,0.018159349978958045,0.005559928114242975,905
DoS attacks-Slowloris,Bwd IAT Max,7.662176817161602,7.662176817161602,905
DoS attacks-Slowloris,Bwd IAT Min,0.009965627891582679,-0.009599111356787919,905
DoS attacks-Slowloris,Fwd PSH Flags,0.18001322877999829,0.13467961938341677,905
DoS attacks-Slowloris,Bwd PSH Flags,0.0,0.0,905
DoS attacks-Slowloris,Fwd URG Flags,0.0,0.0,905
DoS attacks-Slowloris,Bwd URG Flags,0.0,0.0,905
DoS attacks-Slowloris,Fwd Header Len,0.018191956156525163,-0.013339824571135294,905
DoS attacks-Slowloris,Bwd Header Len,0.23429197869906768,0.1600013353547997,905
DoS attacks-Slowloris,Fwd Pkts/s,0.022429212285668812,-0.001536605766464992,905
DoS attacks-Slowloris,Bwd Pkts/s,0.022636379853137947,0.022120244990396234,905
DoS attacks-Slowloris,Pkt Len Min,0.0,0.0,905
DoS attacks-Slowloris,Pkt Len Max,0.1225400471555594,0.12235632627708477,905
DoS attacks-Slowloris,Pkt Len Mean,0.18481500952283322,-0.07588164608781509,905
DoS attacks-Slowloris,Pkt Len Std,0.024257128805086757,0.019556163556009365,905
DoS attacks-Slowloris,Pkt Len Var,0.0,0.0,905
DoS attacks-Slowloris,FIN Flag Cnt,0.16134879602253108,-0.0376525752452197,905
DoS attacks-Slowloris,SYN Flag Cnt,0.0,0.0,905
DoS attacks-Slowloris,RST Flag Cnt,0.0,0.0,905
DoS attacks-Slowloris,PSH Flag Cnt,0.008809078595914894,0.006697488226284638,905
DoS attacks-Slowloris,ACK Flag Cnt,0.0,0.0,905
DoS attacks-Slowloris,URG Flag Cnt,0.0,0.0,905
DoS attacks-Slowloris,CWE Flag Count,0.0,0.0,905
DoS attacks-Slowloris,ECE Flag Cnt,0.0,0.0,905
DoS attacks-Slowloris,Down/Up Ratio,0.008654673455169846,0.006311080468952327,905
DoS attacks-Slowloris,Pkt Size Avg,0.11306031790886135,-0.037551728137948895,905
DoS attacks-Slowloris,Fwd Seg Size Avg,0.0,0.0,905
DoS attacks-Slowloris,Bwd Seg Size Avg,0.0,0.0,905
DoS attacks-Slowloris,Fwd Byts/b Avg,0.0,0.0,905
DoS attacks-Slowloris,Fwd Pkts/b Avg,0.0,0.0,905
DoS attacks-Slowloris,Fwd Blk Rate Avg,0.0,0.0,905
DoS attacks-Slowloris,Bwd Byts/b Avg,0.0,0.0,905
DoS attacks-Slowloris,Bwd Pkts/b Avg,0.0,0.0,905
DoS attacks-Slowloris,Bwd Blk Rate Avg,0.0,0.0,905
DoS attacks-Slowloris,Subflow Fwd Pkts,0.0,0.0,905
DoS attacks-Slowloris,Subflow Fwd Byts,0.0,0.0,905
DoS attacks-Slowloris,Subflow Bwd Pkts,0.0,0.0,905
DoS attacks-Slowloris,Subflow Bwd Byts,0.0,0.0,905
DoS attacks-Slowloris,Init Fwd Win Byts,1.0921523626338052,1.0921523626338052,905
DoS attacks-Slowloris,Init Bwd Win Byts,1.1573273210894337,-0.034121253082106784,905
DoS attacks-Slowloris,Fwd Act Data Pkts,0.01827907667634237,-0.014368389192865698,905
DoS attacks-Slowloris,Fwd Seg Size Min,6.598045256388121,6.598045256388121,905
DoS attacks-Slowloris,Active Mean,0.0010993611746730066,-0.0007559477953621037,905
DoS attacks-Slowloris,Active Std,0.2548125546281509,-0.2470856050101433,905
DoS attacks-Slowloris,Active Max,0.0014993142027881264,0.0008789162609458628,905
DoS attacks-Slowloris,Active Min,0.380134068273049,-0.34790602204549376,905
DoS attacks-Slowloris,Idle Mean,0.1609404674551105,0.15821032445075103,905
DoS attacks-Slowloris,Idle Std,0.0033827354894817203,0.0026502511777930495,905
DoS attacks-Slowloris,Idle Max,0.9012320334081492,-0.9012320334081492,905
DoS attacks-Slowloris,Idle Min,0.001734272682864363,2.3309639474963616e-05,905
FTP-BruteForce,Dst Port,0.14461703660858935,0.14461703660858935,3202
FTP-BruteForce,Protocol,0.0,0.0,3202
FTP-BruteForce,Flow Duration,0.12082002581394441,0.050056633839080066,3202
FTP-BruteForce,Tot Fwd Pkts,0.0,0.0,3202
FTP-BruteForce,Tot Bwd Pkts,0.0,0.0,3202
FTP-BruteForce,TotLen Fwd Pkts,0.0,0.0,3202
FTP-BruteForce,TotLen Bwd Pkts,0.0,0.0,3202
FTP-BruteForce,Fwd Pkt Len Max,0.0,0.0,3202
FTP-BruteForce,Fwd Pkt Len Min,0.0,0.0,3202
FTP-BruteForce,Fwd Pkt Len Mean,0.0,0.0,3202
FTP-BruteForce,Fwd Pkt Len Std,0.0,0.0,3202
FTP-BruteForce,Bwd Pkt Len Max,0.0,0.0,3202
FTP-BruteForce,Bwd Pkt Len Min,0.0,0.0,3202
FTP-BruteForce,Bwd Pkt Len Mean,0.0,0.0,3202
FTP-BruteForce,Bwd Pkt Len Std,0.0,0.0,3202
FTP-BruteForce,Flow Byts/s,0.0,0.0,3202
FTP-BruteForce,Flow Pkts/s,0.812132187890381,0.812132187890381,3202
FTP-BruteForce,Flow IAT Mean,0.22097519082921807,0.09361983804982725,3202
FTP-BruteForce,Flow IAT Std,0.0,0.0,3202
FTP-BruteForce,Flow IAT Max,0.3831363942457839,0.31036010970926375,3202
FTP-BruteForce,Flow IAT Min,0.3014810003391435,-0.19692876888468144,3202
FTP-BruteForce,Fwd IAT Tot,0.0,0.0,3202
FTP-BruteForce,Fwd IAT Mean,0.0,0.0,3202
FTP-BruteForce,Fwd IAT Std,0.0,0.0,3202
FTP-BruteForce,Fwd IAT Max,0.0,0.0,3202
FTP-BruteForce,Fwd IAT Min,0.0,0.0,3202
FTP-BruteForce,Bwd IAT Tot,0.0,0.0,3202
FTP-BruteForce,Bwd IAT Mean,0.0,0.0,3202
FTP-BruteForce,Bwd IAT Std,0.0,0.0,3202
FTP-BruteForce,Bwd IAT Max,0.0,0.0,3202
FTP-BruteForce,Bwd IAT Min,0.0,0.0,3202
FTP-BruteForce,Fwd PSH Flags,0.0,0.0,3202
FTP-BruteForce,Bwd PSH Flags,0.0,0.0,3202
FTP-BruteForce,Fwd URG Flags,0.0,0.0,3202
FTP-BruteForce,Bwd URG Flags,0.0,0.0,3202
FTP-BruteForce,Fwd Header Len,0.0,0.0,3202
FTP-BruteForce,Bwd Header Len,0.0,0.0,3202
FTP-BruteForce,Fwd Pkts/s,0.0002481741766718162,-1.776677269551398e-05,3202
FTP-BruteForce,Bwd Pkts/s,0.03967794576784285,0.03525699041248634,3202
FTP-BruteForce,Pkt Len Min,0.0,0.0,3202
FTP-BruteForce,Pkt Len Max,0.0,0.0,3202
FTP-BruteForce,Pkt Len Mean,0.0,0.0,3202
FTP-BruteForce,Pkt Len Std,0.0,0.0,3202
FTP-BruteForce,Pkt Len Var,0.0,0.0,3202
FTP-BruteForce,FIN Flag Cnt,0.0,0.0,3202
FTP-BruteForce,SYN Flag Cnt,0.0,0.0,3202
FTP-BruteForce,RST Flag Cnt,0.0,0.0,3202
FTP-BruteForce,PSH Flag Cnt,7.246017716662129e-05,7.246017716662129e-05,3202
FTP-BruteForce,ACK Flag Cnt,0.0,0.0,3202
FTP-BruteForce,URG Flag Cnt,0.0,0.0,3202
FTP-BruteForce,CWE Flag Count,0.0,0.0,3202
FTP-BruteForce,ECE Flag Cnt,0.0,0.0,3202
FTP-BruteForce,Down/Up Ratio,0.0,0.0,3202
FTP-BruteForce,Pkt Size Avg,0.0,0.0,3202
FTP-BruteForce,Fwd Seg Size Avg,0.0,0.0,3202
FTP-BruteForce,Bwd Seg Size Avg,0.0,0.0,3202
FTP-BruteForce,Fwd Byts/b Avg,0.0,0.0,3202
FTP-BruteForce,Fwd Pkts/b Avg,0.0,0.0,3202
FTP-BruteForce,Fwd Blk Rate Avg,0.0,0.0,3202
FTP-BruteForce,Bwd Byts/b Avg,0.0,0.0,3202
FTP-BruteForce,Bwd Pkts/b Avg,0.0,0.0,3202
FTP-BruteForce,Bwd Blk Rate Avg,0.0,0.0,3202
FTP-BruteForce,Subflow Fwd Pkts,0.0,0.0,3202
FTP-BruteForce,Subflow Fwd Byts,0.0,0.0,3202
FTP-BruteForce,Subflow Bwd Pkts,0.0,0.0,3202
FTP-BruteForce,Subflow Bwd Byts,0.0,0.0,3202
FTP-BruteForce,Init Fwd Win Byts,0.0016452746418101725,0.0016452746418101725,3202
FTP-BruteForce,Init Bwd Win Byts,0.0,0.0,3202
FTP-BruteForce,Fwd Act Data Pkts,0.0,0.0,3202
FTP-BruteForce,Fwd Seg Size Min,6.065687704950031,6.065687704950031,3202
FTP-BruteForce,Active Mean,0.0,0.0,3202
FTP-BruteForce,Active Std,0.0,0.0,3202
FTP-BruteForce,Active Max,0.0,0.0,3202
FTP-BruteForce,Active Min,0.0,0.0,3202
FTP-BruteForce,Idle Mean,0.0,0.0,3202
FTP-BruteForce,Idle Std,0.0,0.0,3202
FTP-BruteForce,Idle Max,0.0,0.0,3202
FTP-BruteForce,Idle Min,0.0,0.0,3202
Infilteration,Dst Port,0.37078985467657344,0.2491372648652617,2288
Infilteration,Protocol,0.0016679298002403099,0.001393114249189417,2288
Infilteration,Flow Duration,0.03320260147948365,0.021510717752096536,2288
Infilteration,Tot Fwd Pkts,0.008884749212465086,0.007675228419003787,2288
Infilteration,Tot Bwd Pkts,0.012086267237896686,0.011340248834836733,2288
Infilteration,TotLen Fwd Pkts,0.027191170445688955,0.024153184223841953,2288
Infilteration,TotLen Bwd Pkts,0.02232822671636835,-0.012831075208170431,2288
Infilteration,Fwd Pkt Len Max,0.07242531543011432,-0.02059735284818636,2288
Infilteration,Fwd Pkt Len Min,0.0021403854960328214,-0.000709317832976788,2288
Infilteration,Fwd Pkt Len Mean,0.016257959645944876,-0.00697769360108809,2288
Infilteration,Fwd Pkt Len Std,0.012588887781529993,0.006675359669265213,2288
Infilteration,Bwd Pkt Len Max,0.014577153679374214,0.012100837447426536,2288
Infilteration,Bwd Pkt Len Min,0.022635358196872096,-0.01810732588067755,2288
Infilteration,Bwd Pkt Len Mean,0.015849401900818298,0.015366665966860898,2288
Infilteration,Bwd Pkt Len Std,0.025079540439418978,0.02432589597635336,2288
Infilteration,Flow Byts/s,0.014655211588719508,0.0029524193777071012,2288
Infilteration,Flow Pkts/s,0.013181250412147362,-0.008894392660447767,2288
Infilteration,Flow IAT Mean,0.012103992742258351,0.008483865877965114,2288
Infilteration,Flow IAT Std,0.04557864982765038,0.0068776665867625415,2288
Infilteration,Flow IAT Max,0.08399360496681053,0.07217829377501161,2288
Infilteration,Flow IAT Min,0.07422616598489401,0.051459932660723066,2288
Infilteration,Fwd IAT Tot,0.021935576325529938,0.01258078154984054,2288
Infilteration,Fwd IAT Mean,0.024899881202857813,-0.008714856801333127,2288
Infilteration,Fwd IAT Std,0.028447534654523942,0.003309099199054958,2288
Infilteration,Fwd IAT Max,0.01367221095345237,0.012532106646291025,2288
Infilteration,Fwd IAT Min,0.03952387496308013,0.03734129792326814,2288
Infilteration,Bwd IAT Tot,0.012427425884700322,0.007532526563097547,2288
Infilteration,Bwd IAT Mean,0.008779533259518496,0.005190117375834005,2288
Infilteration,Bwd IAT Std,0.011347734011136569,-0.009361611379610075,2288
Infilteration,Bwd IAT Max,0.006470495587462312,-0.0005339310615212768,2288
Infilteration,Bwd IAT Min,0.028673155324442402,0.020558829074139362,2288
Infilteration,Fwd PSH Flags,0.0025642510060663822,0.0018564260506129765,2288
Infilteration,Bwd PSH Flags,0.0,0.0,2288
Infilteration,Fwd URG Flags,0.048764972420005534,0.04789911283479704,2288
Infilteration,Bwd URG Flags,0.0,0.0,2288
Infilteration,Fwd Header Len,0.9116639890870848,0.875859667371203,2288
Infilteration,Bwd Header Len,0.008264436588420734,-0.006473502079090038,2288
Infilteration,Fwd Pkts/s,0.034863465315812116,0.02728497898662007,2288
Infilteration,Bwd Pkts/s,0.05124047752860543,0.038790115943321817,2288
Infilteration,Pkt Len Min,0.001470347176064978,-0.00011515801030022282,2288
Infilteration,Pkt Len Max,0.04541579826728447,0.03843160442539029,2288
Infilteration,Pkt Len Mean,0.06987268941385763,0.06312056854888276,2288
Infilteration,Pkt Len Std,0.01868978413668546,0.014976933285906598,2288
Infilteration,Pkt Len Var,0.0,0.0,2288
Infilteration,FIN Flag Cnt,0.00030929363378278025,-0.00030929363378278025,2288
Infilteration,SYN Flag Cnt,0.0,0.0,2288
Infilteration,RST Flag Cnt,0.037624285771296576,0.0015623669524292847,2288
Infilteration,PSH Flag Cnt,0.3823229116159719,0.3810335972926,2288
Infilteration,ACK Flag Cnt,0.03835514708832427,0.03220665204775083,2288
Infilteration,URG Flag Cnt,0.0005803899644138096,0.0005741008407586104,2288
Infilteration,CWE Flag Count,0.0,0.0,2288
Infilteration,ECE Flag Cnt,0.05545135311313443,0.004121937118210159,2288
Infilteration,Down/Up Ratio,0.00045531712003521154,0.00018464509475898076,2288
Infilteration,Pkt Size Avg,0.016250822093936947,0.014739039894584175,2288
Infilteration,Fwd Seg Size Avg,0.0,0.0,2288
Infilteration,Bwd Seg Size Avg,0.0,0.0,2288
Infilteration,Fwd Byts/b Avg,0.0,0.0,2288
Infilteration,Fwd Pkts/b Avg,0.0,0.0,2288
Infilteration,Fwd Blk Rate Avg,0.0,0.0,2288
Infilteration,Bwd Byts/b Avg,0.0,0.0,2288
Infilteration,Bwd Pkts/b Avg,0.0,0.0,2288
Infilteration,Bwd Blk Rate Avg,0.0,0.0,2288
Infilteration,Subflow Fwd Pkts,0.0,0.0,2288
Infilteration,Subflow Fwd Byts,0.0,0.0,2288
Infilteration,Subflow Bwd Pkts,0.0,0.0,2288
Infilteration,Subflow Bwd Byts,0.0,0.0,2288
Infilteration,Init Fwd Win Byts,0.14033442944079846,0.12548952169351643,2288
Infilteration,Init Bwd Win Byts,0.016746802763505417,0.012763474371049788,2288
Infilteration,Fwd Act Data Pkts,0.005582690238952637,0.0050949329262846834,2288
Infilteration,Fwd Seg Size Min,0.6528725790810752,0.644952467271498,2288
Infilteration,Active Mean,0.001309409216567353,-0.0006002303916257579,2288
Infilteration,Active Std,0.000804965937887872,0.0003526621608884184,2288
Infilteration,Active Max,0.0026424297919640173,-0.00016152081112344783,2288
Infilteration,Active Min,0.0010554217375241793,0.00017220887739758392,2288
Infilteration,Idle Mean,0.003776179743813468,-0.00038075929025670034,2288
Infilteration,Idle Std,0.002879602300537216,0.0027653156043766264,2288
Infilteration,Idle Max,0.0393722840956041,0.018203785369446227,2288
Infilteration,Idle Min,0.004917256898813315,0.0012509819719341252,2288
SQL Injection,Dst Port,1.3193622165256076,1.3193622165256076,9
SQL Injection,Protocol,0.0,0.0,9
SQL Injection,Flow Duration,0.9205757776896158,0.878084659576416,9
SQL Injection,Tot Fwd Pkts,0.0,0.0,9
SQL Injection,Tot Bwd Pkts,0.13023093011644152,0.1231679121653239,9
SQL Injection,TotLen Fwd Pkts,0.3581991990407308,0.34668559498257107,9
SQL Injection,TotLen Bwd Pkts,0.0026997336082988316,-0.0016505875521235997,9
SQL Injection,Fwd Pkt Len Max,0.43781179851955837,0.43781179851955837,9
SQL Injection,Fwd Pkt Len Min,0.0,0.0,9
SQL Injection,Fwd Pkt Len Mean,0.0023727050671974816,-0.0020484247555335364,9
SQL Injection,Fwd Pkt Len Std,1.6537695990668402,1.6537695990668402,9
SQL Injection,Bwd Pkt Len Max,0.17590761184692383,0.12234318256378174,9
SQL Injection,Bwd Pkt Len Min,0.0,0.0,9
SQL Injection,Bwd Pkt Len Mean,0.013062294158670638,-0.00464009369413058,9
SQL Injection,Bwd Pkt Len Std,2.1496620178222656,2.140516916910807,9
SQL Injection,Flow Byts/s,0.07304755846659343,0.06130370166566637,9
SQL Injection,Flow Pkts/s,0.016777460773785908,0.0035962334109677207,9
SQL Injection,Flow IAT Mean,0.015955375300513372,0.006604584968752331,9
SQL Injection,Flow IAT Std,1.0404307047526042,1.0277605056762695,9
SQL Injection,Flow IAT Max,0.07796577612559001,0.05329185061984592,9
SQL Injection,Flow IAT Min,1.1696996688842773,1.1696996688842773,9
SQL Injection,Fwd IAT Tot,0.013091563350624509,-0.007245048880577087,9
SQL Injection,Fwd IAT Mean,0.03421109252505832,0.03421109252505832,9
SQL Injection,Fwd IAT Std,0.10165510574976604,-0.042681223816341825,9
SQL Injection,Fwd IAT Max,0.000989152015083366,0.000989152015083366,9
SQL Injection,Fwd IAT Min,1.148660871717665,1.148660871717665,9
SQL Injection,Bwd IAT Tot,0.009022580252753364,-0.007088384694523281,9
SQL Injection,Bwd IAT Mean,0.1245828734503852,0.002246320661571291,9
SQL Injection,Bwd IAT Std,0.030688140127393935,-0.007186611493428548,9
SQL Injection,Bwd IAT Max,0.0,0.0,9
SQL Injection,Bwd IAT Min,0.17336363262600368,0.14674912558661568,9
SQL Injection,Fwd PSH Flags,0.0,0.0,9
SQL Injection,Bwd PSH Flags,0.0,0.0,9
SQL Injection,Fwd URG Flags,0.0,0.0,9
SQL Injection,Bwd URG Flags,0.0,0.0,9
SQL Injection,Fwd Header Len,0.002773643574780888,-0.0025664379613267053,9
SQL Injection,Bwd Header Len,0.007131447394688924,0.007131447394688924,9
SQL Injection,Fwd Pkts/s,0.4887423515319824,0.4390367401970757,9
SQL Injection,Bwd Pkts/s,0.21806783146328396,0.21806783146328396,9
SQL Injection,Pkt Len Min,0.0,0.0,9
SQL Injection,Pkt Len Max,0.18229741520351833,0.050411257478925914,9
SQL Injection,Pkt Len Mean,0.0,0.0,9
SQL Injection,Pkt Len Std,0.14152227507697213,0.12972932391696507,9
SQL Injection,Pkt Len Var,0.0,0.0,9
SQL Injection,FIN Flag Cnt,0.0,0.0,9
SQL Injection,SYN Flag Cnt,0.0,0.0,9
SQL Injection,RST Flag Cnt,0.5482874446445041,0.5249832471211752,9
SQL Injection,PSH Flag Cnt,0.0,0.0,9
SQL Injection,ACK Flag Cnt,0.0,0.0,9
SQL Injection,URG Flag Cnt,0.004699941724538803,-0.004699941724538803,9
SQL Injection,CWE Flag Count,0.0,0.0,9
SQL Injection,ECE Flag Cnt,0.05048875676261054,0.049938042958577476,9
SQL Injection,Down/Up Ratio,0.07509255409240723,0.06788717375861274,9
SQL Injection,Pkt Size Avg,0.001180452708568838,0.001024845884078079,9
SQL Injection,Fwd Seg Size Avg,0.0,0.0,9
SQL Injection,Bwd Seg Size Avg,0.0,0.0,9
SQL Injection,Fwd Byts/b Avg,0.0,0.0,9
SQL Injection,Fwd Pkts/b Avg,0.0,0.0,9
SQL Injection,Fwd Blk Rate Avg,0.0,0.0,9
SQL Injection,Bwd Byts/b Avg,0.0,0.0,9
SQL Injection,Bwd Pkts/b Avg,0.0,0.0,9
SQL Injection,Bwd Blk Rate Avg,0.0,0.0,9
SQL Injection,Subflow Fwd Pkts,0.0,0.0,9
SQL Injection,Subflow Fwd Byts,0.0,0.0,9
SQL Injection,Subflow Bwd Pkts,0.0,0.0,9
SQL Injection,Subflow Bwd Byts,0.0,0.0,9
SQL Injection,Init Fwd Win Byts,0.9049756791856554,0.19591318236456978,9
SQL Injection,Init Bwd Win Byts,0.2938126458062066,0.2629306846194797,9
SQL Injection,Fwd Act Data Pkts,0.041929023133383855,0.041929023133383855,9
SQL Injection,Fwd Seg Size Min,0.010251227352354262,0.010251227352354262,9
SQL Injection,Active Mean,0.0,0.0,9
SQL Injection,Active Std,0.0,0.0,9
SQL Injection,Active Max,0.0,0.0,9
SQL Injection,Active Min,0.0,0.0,9
SQL Injection,Idle Mean,0.0,0.0,9
SQL Injection,Idle Std,0.0,0.0,9
SQL Injection,Idle Max,0.0,0.0,9
SQL Injection,Idle Min,0.0,0.0,9
SSH-Bruteforce,Dst Port,6.207858455882353,6.207858455882353,10455
SSH-Bruteforce,Protocol,0.0,0.0,10455
SSH-Bruteforce,Flow Duration,0.003906385001242303,-0.00325516746809242,10455
SSH-Bruteforce,Tot Fwd Pkts,0.0,0.0,10455
SSH-Bruteforce,Tot Bwd Pkts,0.0,0.0,10455
SSH-Bruteforce,TotLen Fwd Pkts,0.0,0.0,10455
SSH-Bruteforce,TotLen Bwd Pkts,0.0022143009574375674,0.001705692898765356,10455
SSH-Bruteforce,Fwd Pkt Len Max,0.0,0.0,10455
SSH-Bruteforce,Fwd Pkt Len Min,0.0,0.0,10455
SSH-Bruteforce,Fwd Pkt Len Mean,0.0,0.0,10455
SSH-Bruteforce,Fwd Pkt Len Std,0.0006127986880593868,0.00048107606038586594,10455
SSH-Bruteforce,Bwd Pkt Len Max,0.0,0.0,10455
SSH-Bruteforce,Bwd Pkt Len Min,0.0,0.0,10455
SSH-Bruteforce,Bwd Pkt Len Mean,5.5240478771032754e-05,2.2625948811535173e-05,10455
SSH-Bruteforce,Bwd Pkt Len Std,0.0,0.0,10455
SSH-Bruteforce,Flow Byts/s,0.0,0.0,10455
SSH-Bruteforce,Flow Pkts/s,0.002981506814687575,0.0029586520165361782,10455
SSH-Bruteforce,Flow IAT Mean,0.0024875861614415203,0.0024875861614415203,10455
SSH-Bruteforce,Flow IAT Std,0.0,0.0,10455
SSH-Bruteforce,Flow IAT Max,0.0011039302430045713,0.00044039977560312427,10455
SSH-Bruteforce,Flow IAT Min,0.02811564185983082,0.024373055690216253,10455
SSH-Bruteforce,Fwd IAT Tot,0.0007758155614779019,-0.0006894593259354404,10455
SSH-Bruteforce,Fwd IAT Mean,0.0,0.0,10455
SSH-Bruteforce,Fwd IAT Std,0.0,0.0,10455
SSH-Bruteforce,Fwd IAT Max,0.0,0.0,10455
SSH-Bruteforce,Fwd IAT Min,0.0017651868516437635,0.001215028238319313,10455
SSH-Bruteforce,Bwd IAT Tot,0.0,0.0,10455
SSH-Bruteforce,Bwd IAT Mean,5.827522460266143e-05,-1.4805933438323435e-05,10455
SSH-Bruteforce,Bwd IAT Std,0.0,0.0,10455
SSH-Bruteforce,Bwd IAT Max,0.0,0.0,10455
SSH-Bruteforce,Bwd IAT Min,0.0,0.0,10455
SSH-Bruteforce,Fwd PSH Flags,0.0,0.0,10455
SSH-Bruteforce,Bwd PSH Flags,0.0,0.0,10455
SSH-Bruteforce,Fwd URG Flags,0.0,0.0,10455
SSH-Bruteforce,Bwd URG Flags,0.0,0.0,10455
SSH-Bruteforce,Fwd Header Len,0.002309785694211707,0.0017413792001294611,10455
SSH-Bruteforce,Bwd Header Len,0.21971133727881398,0.21971133727881398,10455
SSH-Bruteforce,Fwd Pkts/s,0.009435357231092704,0.007976190830633893,10455
SSH-Bruteforce,Bwd Pkts/s,0.1942912192506576,0.19058109905547585,10455
SSH-Bruteforce,Pkt Len Min,0.0,0.0,10455
SSH-Bruteforce,Pkt Len Max,0.0,0.0,10455
SSH-Bruteforce,Pkt Len Mean,0.0,0.0,10455
SSH-Bruteforce,Pkt Len Std,0.0,0.0,10455
SSH-Bruteforce,Pkt Len Var,0.0,0.0,10455
SSH-Bruteforce,FIN Flag Cnt,0.0,0.0,10455
SSH-Bruteforce,SYN Flag Cnt,0.0,0.0,10455
SSH-Bruteforce,RST Flag Cnt,0.0,0.0,10455
SSH-Bruteforce,PSH Flag Cnt,0.0,0.0,10455
SSH-Bruteforce,ACK Flag Cnt,0.004243106559268143,0.003654614981711053,10455
SSH-Bruteforce,URG Flag Cnt,0.05494805677606408,0.05405664576234457,10455
SSH-Bruteforce,CWE Flag Count,0.0,0.0,10455
SSH-Bruteforce,ECE Flag Cnt,0.0,0.0,10455
SSH-Bruteforce,Down/Up Ratio,0.0,0.0,10455
SSH-Bruteforce,Pkt Size Avg,0.0001524899691158023,5.3324059742253e-05,10455
SSH-Bruteforce,Fwd Seg Size Avg,0.0,0.0,10455
SSH-Bruteforce,Bwd Seg Size Avg,0.0,0.0,10455
SSH-Bruteforce,Fwd Byts/b Avg,0.0,0.0,10455
SSH-Bruteforce,Fwd Pkts/b Avg,0.0,0.0,10455
SSH-Bruteforce,Fwd Blk Rate Avg,0.0,0.0,10455
SSH-Bruteforce,Bwd Byts/b Avg,0.0,0.0,10455
SSH-Bruteforce,Bwd Pkts/b Avg,0.0,0.0,10455
SSH-Bruteforce,Bwd Blk Rate Avg,0.0,0.0,10455
SSH-Bruteforce,Subflow Fwd Pkts,0.0,0.0,10455
SSH-Bruteforce,Subflow Fwd Byts,0.0,0.0,10455
SSH-Bruteforce,Subflow Bwd Pkts,0.0,0.0,10455
SSH-Bruteforce,Subflow Bwd Byts,0.0,0.0,10455
SSH-Bruteforce,Init Fwd Win Byts,0.020334819718903187,0.020334819718903187,10455
SSH-Bruteforce,Init Bwd Win Byts,0.34741066157789335,0.34741066157789335,10455
SSH-Bruteforce,Fwd Act Data Pkts,1.7274162332615972,1.7190477791726446,10455
SSH-Bruteforce,Fwd Seg Size Min,0.35737855784463174,0.35737855784463174,10455
SSH-Bruteforce,Active Mean,0.0,0.0,10455
SSH-Bruteforce,Active Std,0.0,0.0,10455
SSH-Bruteforce,Active Max,0.0,0.0,10455
SSH-Bruteforce,Active Min,0.0,0.0,10455
SSH-Bruteforce,Idle Mean,0.0,0.0,10455
SSH-Bruteforce,Idle Std,0.0,0.0,10455
SSH-Bruteforce,Idle Max,0.0,0.0,10455
SSH-Bruteforce,Idle Min,0.0,0.0,10455
