class,rank,feature,mean_abs_shap,mean_signed_shap,n_flows
Benign,1,Fwd Pkt Len Max,0.5556975976827385,0.2810986317237927,488861
Benign,2,Dst Port,0.4467959466622414,0.43387285261365194,488861
Benign,3,Init Fwd Win Byts,0.29232373784099674,0.28581467673150573,488861
Benign,4,Fwd IAT Tot,0.1631103165540665,0.15376733274035206,488861
Benign,5,Fwd Pkt Len Mean,0.12886008156707313,0.11707344542019613,488861
Bot,1,Dst Port,7.438284914487022,7.4374706530488535,25157
Bot,2,Fwd Act Data Pkts,0.0798874729297667,0.04050834198731963,25157
Bot,3,RST Flag Cnt,0.04448525175957487,0.027941590410852656,25157
Bot,4,Protocol,0.016764800973227974,-0.009318002566683959,25157
Bot,5,TotLen Fwd Pkts,0.015140904196353928,-0.010879412731163527,25157
Brute Force -Web,1,Dst Port,2.3546472593795422,2.3546472593795422,86
Brute Force -Web,2,Fwd Pkt Len Mean,2.0376817570176233,2.034873075263445,86
Brute Force -Web,3,Init Fwd Win Byts,1.6356726358103197,1.531184706577035,86
Brute Force -Web,4,Fwd Pkt Len Std,1.3875778553097746,1.3875778553097746,86
Brute Force -Web,5,Fwd Pkt Len Max,1.297699773034384,1.2273347544115643,86
Brute Force -XSS,1,Init Fwd Win Byts,2.5052608143199575,2.21335861899636,44
Brute Force -XSS,2,Fwd Pkts/s,2.0054231123490767,1.7801244909113103,44
Brute Force -XSS,3,Pkt Len Std,1.7884219776500354,1.752135536887429,44
Brute Force -XSS,4,Tot Fwd Pkts,1.7218536030162463,1.7195141532204368,44
Brute Force -XSS,5,Fwd Pkt Len Mean,1.277714729309082,1.1531463102860884,44
DDOS attack-HOIC,1,Init Fwd Win Byts,6.473700539191004,6.473700539191004,59580
DDOS attack-HOIC,2,Dst Port,0.5746637268168848,0.5746637268168848,59580
DDOS attack-HOIC,3,Tot Bwd Pkts,0.22326097133056394,-0.1810445293158883,59580
DDOS attack-HOIC,4,Fwd IAT Tot,0.01028858606108646,0.009158357464654928,59580
DDOS attack-HOIC,5,Flow IAT Max,0.0025109580156186077,0.0025109580156186077,59580
DDOS attack-LOIC-UDP,1,Tot Fwd Pkts,9.1755077831738,9.1755077831738,333
DDOS attack-LOIC-UDP,2,Fwd IAT Tot,3.461207667628566,3.4505930491037913,333
DDOS attack-LOIC-UDP,3,Fwd Act Data Pkts,0.8082380781660566,0.8082380781660566,333
DDOS attack-LOIC-UDP,4,Fwd Header Len,0.3700827521246833,0.3700827521246833,333
DDOS attack-LOIC-UDP,5,Flow Duration,0.3565194298913171,0.3551766564538171,333
DDoS attacks-LOIC-HTTP,1,Fwd Pkts/s,1.231149624892844,1.191886816088511,51327
DDoS attacks-LOIC-HTTP,2,Fwd IAT Std,1.1924493284175484,1.1900302685477429,51327
DDoS attacks-LOIC-HTTP,3,Init Fwd Win Byts,0.8946053954607224,0.8889232693989031,51327
DDoS attacks-LOIC-HTTP,4,Bwd Pkt Len Std,0.7366932585737039,0.7168471614902975,51327
DDoS attacks-LOIC-HTTP,5,Flow IAT Min,0.5553353071969919,0.5552993379915785,51327
DoS attacks-GoldenEye,1,Fwd Seg Size Min,8.188420517223877,8.188420517223877,3694
DoS attacks-GoldenEye,2,Flow IAT Min,1.3179459089063346,1.2900011261928126,3694
DoS attacks-GoldenEye,3,Bwd Pkt Len Std,1.2784728508222793,1.2397102723588929,3694
DoS attacks-GoldenEye,4,Flow IAT Mean,1.0623928662823159,0.9678990106422577,3694
DoS attacks-GoldenEye,5,Bwd IAT Std,0.5343059215535327,0.5260682242847354,3694
DoS attacks-Hulk,1,Fwd Seg Size Min,6.4924704987873785,6.485058510603989,38759
DoS attacks-Hulk,2,Init Fwd Win Byts,0.22548597331829381,0.19275311459918987,38759
DoS attacks-Hulk,3,Tot Bwd Pkts,0.22489804283359993,0.21545270004829523,38759
DoS attacks-Hulk,4,Fwd Pkt Len Max,0.2033776756890335,0.2033776756890335,38759
DoS attacks-Hulk,5,Fwd IAT Min,0.07958292121466949,0.07815626164044158,38759
DoS attacks-SlowHTTPTest,1,Fwd Seg Size Min,5.8857582641414625,5.8857582641414625,653
DoS attacks-SlowHTTPTest,2,Flow IAT Max,1.5204644429555896,1.2649242640636964,653
DoS attacks-SlowHTTPTest,3,Flow Duration,1.1410113067393282,1.1410113067393282,653
DoS attacks-SlowHTTPTest,4,Bwd Pkts/s,0.5983215145093559,-0.038759187753861384,653
DoS attacks-SlowHTTPTest,5,Flow IAT Min,0.3064408353422904,0.2596229448070205,653
DoS attacks-Slowloris,1,Bwd IAT Max,7.662176817161602,7.662176817161602,905
DoS attacks-Slowloris,2,Fwd Seg Size Min,6.598045256388121,6.598045256388121,905
DoS attacks-Slowloris,3,Bwd IAT Tot,2.6883856504661603,2.6560182687327347,905
DoS attacks-Slowloris,4,Fwd IAT Std,1.2571877158149172,1.2542994378021408,905
DoS attacks-Slowloris,5,Dst Port,1.1940505222720994,1.188225812543163,905
FTP-BruteForce,1,Fwd Seg Size Min,6.065687704950031,6.065687704950031,3202
FTP-BruteForce,2,Flow Pkts/s,0.812132187890381,0.812132187890381,3202
FTP-BruteForce,3,Flow IAT Max,0.3831363942457839,0.31036010970926375,3202
FTP-BruteForce,4,Flow IAT Min,0.3014810003391435,-0.19692876888468144,3202
FTP-BruteForce,5,Flow IAT Mean,0.22097519082921807,0.09361983804982725,3202
Infilteration,1,Fwd Header Len,0.9116639890870848,0.875859667371203,2288
Infilteration,2,Fwd Seg Size Min,0.6528725790810752,0.644952467271498,2288
Infilteration,3,PSH Flag Cnt,0.3823229116159719,0.3810335972926,2288
Infilteration,4,Dst Port,0.37078985467657344,0.2491372648652617,2288
Infilteration,5,Init Fwd Win Byts,0.14033442944079846,0.12548952169351643,2288
SQL Injection,1,Bwd Pkt Len Std,2.1496620178222656,2.140516916910807,9
SQL Injection,2,Fwd Pkt Len Std,1.6537695990668402,1.6537695990668402,9
SQL Injection,3,Dst Port,1.3193622165256076,1.3193622165256076,9
SQL Injection,4,Flow IAT Min,1.1696996688842773,1.1696996688842773,9
SQL Injection,5,Fwd IAT Min,1.148660871717665,1.148660871717665,9
SSH-Bruteforce,1,Dst Port,6.207858455882353,6.207858455882353,10455
SSH-Bruteforce,2,Fwd Act Data Pkts,1.7274162332615972,1.7190477791726446,10455
SSH-Bruteforce,3,Fwd Seg Size Min,0.35737855784463174,0.35737855784463174,10455
SSH-Bruteforce,4,Init Bwd Win Byts,0.34741066157789335,0.34741066157789335,10455
SSH-Bruteforce,5,Bwd Header Len,0.21971133727881398,0.21971133727881398,10455
