true_label,method,k,N,n_eligible,coverage_percent,win_rate_percent,tie_rate_percent,mean_margin_drop_method,mean_margin_drop_random
Benign,lime,3,100,100,100.0,23.0,0.0,0.07465360832214354,0.13968299548625945
Benign,shap,3,100,100,100.0,100.0,0.0,1.2395613489151003,0.20626422177553178
Benign,lime,5,100,100,100.0,50.0,0.0,0.27855056166648867,0.21517637947797774
Benign,shap,5,100,100,100.0,100.0,0.0,1.46090495800972,0.32562144010066985
Benign,lime,10,100,100,100.0,70.0,0.0,0.6595568101406095,0.4609748008131981
Benign,shap,10,100,100,100.0,100.0,0.0,1.7970949783325194,0.6416674941301345
Bot,lime,3,100,100,100.0,100.0,0.0,10.611206667900083,1.0213103570699693
Bot,shap,3,100,100,100.0,100.0,0.0,10.611206667900083,2.7353578526020055
Bot,lime,5,100,100,100.0,100.0,0.0,10.611206667900083,1.6271263795614244
Bot,shap,5,100,100,100.0,100.0,0.0,10.611206667900083,4.265605436730386
Bot,lime,10,100,100,100.0,100.0,0.0,10.611206667900083,3.124575605082512
Bot,shap,10,100,100,100.0,100.0,0.0,10.611206667900083,7.637729110002516
Brute Force -Web,lime,3,86,86,100.0,55.81395348837209,0.0,3.030548339250475,1.1600931378713872
Brute Force -Web,shap,3,86,86,100.0,100.0,0.0,12.604469039273816,2.3672610881439478
Brute Force -Web,lime,5,86,86,100.0,75.5813953488372,0.0,5.412746216807255,2.1776272899120355
Brute Force -Web,shap,5,86,86,100.0,100.0,0.0,14.405957838546394,3.9049794860842617
Brute Force -Web,lime,10,86,86,100.0,93.02325581395348,0.0,9.107617795744606,3.707904223654159
Brute Force -Web,shap,10,86,86,100.0,100.0,0.0,15.662922136173691,7.113714890230534
Brute Force -XSS,lime,3,44,44,100.0,65.9090909090909,0.0,3.110368472337723,1.146836706670848
Brute Force -XSS,shap,3,44,44,100.0,100.0,0.0,12.81101810065183,3.029664396047593
Brute Force -XSS,lime,5,44,44,100.0,72.72727272727273,0.0,3.801087759299712,1.7005969777161425
Brute Force -XSS,shap,5,44,44,100.0,100.0,0.0,13.970012016729873,4.882670509056612
Brute Force -XSS,lime,10,44,44,100.0,79.54545454545455,0.0,6.024808006394992,3.444881184968081
Brute Force -XSS,shap,10,44,44,100.0,100.0,0.0,15.920230646566909,8.612971751310608
DDOS attack-HOIC,lime,3,100,100,100.0,100.0,0.0,9.329101310729977,1.0120028529644012
DDOS attack-HOIC,shap,3,100,100,100.0,100.0,0.0,9.328689128398892,5.064888600373268
DDOS attack-HOIC,lime,5,100,100,100.0,100.0,0.0,9.32888086032867,1.6169799055337903
DDOS attack-HOIC,shap,5,100,100,100.0,100.0,0.0,9.328685242176052,7.345743130588532
DDOS attack-HOIC,lime,10,100,100,100.0,100.0,0.0,9.328481231689452,3.1589761627674107
DDOS attack-HOIC,shap,10,100,28,28.0,100.0,0.0,8.786101559230259,8.395609420793397
DDOS attack-LOIC-UDP,lime,3,100,100,100.0,100.0,0.0,12.72846526145935,1.4212670625209811
DDOS attack-LOIC-UDP,shap,3,100,100,100.0,100.0,0.0,16.410995195388793,1.923198557496071
DDOS attack-LOIC-UDP,lime,5,100,100,100.0,100.0,0.0,12.78246593570709,2.188453974246979
DDOS attack-LOIC-UDP,shap,5,100,100,100.0,100.0,0.0,16.58237850379944,3.2908152990818023
DDOS attack-LOIC-UDP,lime,10,100,100,100.0,100.0,0.0,13.10545444011688,4.4478694286584854
DDOS attack-LOIC-UDP,shap,10,100,100,100.0,100.0,0.0,16.941078886032102,6.914479141128062
DDoS attacks-LOIC-HTTP,lime,3,100,100,100.0,53.0,0.0,1.8266626634597782,0.801425758075714
DDoS attacks-LOIC-HTTP,shap,3,100,100,100.0,100.0,0.0,6.54779007434845,1.7421338768005372
DDoS attacks-LOIC-HTTP,lime,5,100,100,100.0,83.0,0.0,3.232344581604004,1.2799240581274032
DDoS attacks-LOIC-HTTP,shap,5,100,100,100.0,100.0,0.0,7.69656658411026,2.816883175015448
DDoS attacks-LOIC-HTTP,lime,10,100,100,100.0,83.0,0.0,4.680390603542327,2.3785106940865517
DDoS attacks-LOIC-HTTP,shap,10,100,100,100.0,100.0,0.0,9.580160623550414,4.877117469632626
DoS attacks-GoldenEye,lime,3,100,100,100.0,100.0,0.0,12.771973543167114,1.6183730598926545
DoS attacks-GoldenEye,shap,3,100,100,100.0,100.0,0.0,13.585218501091001,2.5282060949087146
DoS attacks-GoldenEye,lime,5,100,100,100.0,100.0,0.0,13.071909719944001,2.555624907040596
DoS attacks-GoldenEye,shap,5,100,100,100.0,100.0,0.0,14.159179529190064,4.389112149095536
DoS attacks-GoldenEye,lime,10,100,100,100.0,100.0,0.0,13.423410843849181,4.787245873641967
DoS attacks-GoldenEye,shap,10,100,100,100.0,100.0,0.0,14.8317436132431,7.838335727047919
DoS attacks-Hulk,lime,3,100,100,100.0,100.0,0.0,8.753269842624663,0.9518951041460036
DoS attacks-Hulk,shap,3,100,100,100.0,100.0,0.0,8.611879181861875,2.6486177155494692
DoS attacks-Hulk,lime,5,100,100,100.0,100.0,0.0,8.840931229114528,1.603779886198044
DoS attacks-Hulk,shap,5,100,100,100.0,100.0,0.0,9.173828620910644,4.363254931998253
DoS attacks-Hulk,lime,10,100,100,100.0,100.0,0.0,8.936710742950439,2.915654444408417
DoS attacks-Hulk,shap,10,100,100,100.0,100.0,0.0,9.205025925636296,7.187072322940826
DoS attacks-SlowHTTPTest,lime,3,100,100,100.0,100.0,0.0,9.675923151016237,1.2736970016956328
DoS attacks-SlowHTTPTest,shap,3,100,100,100.0,87.0,0.0,9.30592562675476,7.7780194056391725
DoS attacks-SlowHTTPTest,lime,5,100,100,100.0,100.0,0.0,9.941047076225281,2.184372947502136
DoS attacks-SlowHTTPTest,shap,5,100,100,100.0,48.0,0.0,11.151298871040344,10.490677174007894
DoS attacks-SlowHTTPTest,lime,10,100,100,100.0,100.0,0.0,11.169333928108212,3.8825304949283588
DoS attacks-SlowHTTPTest,shap,10,100,9,9.0,77.77777777777779,0.0,11.029422760009767,10.96084631866879
DoS attacks-Slowloris,lime,3,100,100,100.0,99.0,0.0,12.629548049211502,2.048105284452438
DoS attacks-Slowloris,shap,3,100,100,100.0,100.0,0.0,17.718224962711332,4.434429103803635
DoS attacks-Slowloris,lime,5,100,100,100.0,100.0,0.0,12.68161934542656,3.520438925981521
DoS attacks-Slowloris,shap,5,100,100,100.0,100.0,0.0,20.89890526294708,7.605435600364206
DoS attacks-Slowloris,lime,10,100,100,100.0,99.0,0.0,13.368129972696309,6.3394118638992305
DoS attacks-Slowloris,shap,10,100,100,100.0,100.0,0.0,20.839961629867553,13.389969665503502
FTP-BruteForce,lime,3,100,100,100.0,100.0,0.0,8.536656403541565,0.6081449570775033
FTP-BruteForce,shap,3,100,100,100.0,98.0,0.0,8.492128571987152,6.644793863236904
FTP-BruteForce,lime,5,100,100,100.0,100.0,0.0,8.616174772739411,1.01660333943367
FTP-BruteForce,shap,5,100,100,100.0,95.0,0.0,10.43750267124176,9.201487032353878
FTP-BruteForce,lime,10,100,100,100.0,100.0,0.0,8.992249676704407,2.3069288707494735
FTP-BruteForce,shap,10,100,0,0.0,,,,
Infilteration,lime,3,100,100,100.0,50.0,0.0,0.2479294211864471,0.14662211005687714
Infilteration,shap,3,100,100,100.0,100.0,0.0,2.7209471349716177,0.5277923258662224
Infilteration,lime,5,100,100,100.0,78.0,0.0,0.5629171048402788,0.2259295986950397
Infilteration,shap,5,100,100,100.0,100.0,0.0,2.8322616869211203,0.8503304902255533
Infilteration,lime,10,100,100,100.0,94.0,0.0,0.8912370053529739,0.4249115369915962
Infilteration,shap,10,100,100,100.0,100.0,0.0,3.203354440808297,1.4396549804091452
SQL Injection,lime,3,9,9,100.0,44.44444444444444,0.0,1.3463171535068088,1.1669364983505672
SQL Injection,shap,3,9,9,100.0,100.0,0.0,8.702166959974498,2.7212201291984983
SQL Injection,lime,5,9,9,100.0,33.33333333333333,0.0,1.697660083240933,1.7751349634594387
SQL Injection,shap,5,9,9,100.0,100.0,0.0,11.909849898020425,4.344448358747694
SQL Injection,lime,10,9,9,100.0,88.88888888888889,0.0,6.7287655618455675,3.6924063030878704
SQL Injection,shap,10,9,9,100.0,100.0,0.0,15.260528013441295,7.406733271280924
SSH-Bruteforce,lime,3,100,100,100.0,100.0,0.0,11.641521511077881,1.5970153063535693
SSH-Bruteforce,shap,3,100,100,100.0,100.0,0.0,11.537800178527835,3.6751578774929046
SSH-Bruteforce,lime,5,100,100,100.0,100.0,0.0,11.646824687957764,2.2668486970901487
SSH-Bruteforce,shap,5,100,100,100.0,100.0,0.0,11.671217567443845,5.755149532508848
SSH-Bruteforce,lime,10,100,100,100.0,100.0,0.0,11.656857872009278,4.519864690923691
SSH-Bruteforce,shap,10,100,100,100.0,100.0,0.0,11.671217567443845,9.379415441536905
