true_label,N,jaccard_3_mean,jaccard_3_median,jaccard_3_std,jaccard_3_n_valid,spearman_3_mean,spearman_3_median,spearman_3_std,spearman_3_n_valid,signed_agreement_3_mean,signed_agreement_3_median,signed_agreement_3_std,signed_agreement_3_n_valid,jaccard_5_mean,jaccard_5_median,jaccard_5_std,jaccard_5_n_valid,spearman_5_mean,spearman_5_median,spearman_5_std,spearman_5_n_valid,signed_agreement_5_mean,signed_agreement_5_median,signed_agreement_5_std,signed_agreement_5_n_valid,jaccard_10_mean,jaccard_10_median,jaccard_10_std,jaccard_10_n_valid,spearman_10_mean,spearman_10_median,spearman_10_std,spearman_10_n_valid,signed_agreement_10_mean,signed_agreement_10_median,signed_agreement_10_std,signed_agreement_10_n_valid
Benign,100,0.008,0.0,0.03938927711338648,100,,,,0,0.75,1.0,0.5,4,0.0911111111111111,0.1111111111111111,0.0863267095726121,100,-0.37499999999999994,-0.9999999999999999,0.957427107756338,16,0.782258064516129,1.0,0.3578277786815782,62,0.21005577669664355,0.17647058823529413,0.07470688791156589,100,0.16339285714285715,0.39999999999999997,0.7175049635490393,96,0.8565,1.0,0.1954288932087209,100
Bot,100,0.49700000000000005,0.5,0.029999999999999992,100,0.7575757575757575,0.9999999999999999,0.656069139756628,99,1.0,1.0,0.0,100,0.27321428571428574,0.25,0.06035672660529127,100,0.805,0.9999999999999999,0.5768908304896431,100,0.96,1.0,0.10886621079036349,100,0.21693744164332393,0.17647058823529413,0.07189882005394571,100,0.8022857142857143,0.9999999999999999,0.331682492171769,100,0.8186666666666667,0.8,0.16543789460004918,100
Brute Force -Web,86,0.09186046511627906,0.0,0.1456951824299985,86,1.0,1.0,1.1102230246251565e-16,2,1.0,1.0,0.0,34,0.1658822443706165,0.1111111111111111,0.1267692214043809,86,-0.14800000000000002,-0.5,0.9407975340103735,25,1.0,1.0,0.0,80,0.21667240947786698,0.21323529411764708,0.09962593442019109,86,-0.025316455696202538,0.0,0.6779241152628259,79,0.9656976744186048,1.0,0.13104294190065724,86
Brute Force -XSS,44,0.11590909090909092,0.2,0.11602562230693907,44,0.9999999999999999,0.9999999999999999,,1,1.0,1.0,0.0,24,0.10479797979797977,0.1111111111111111,0.07430982959130479,44,-0.3333333333333333,-0.9999999999999999,1.0327955589886444,6,0.9852941176470589,1.0,0.08574929257125441,34,0.228669271045432,0.17647058823529413,0.10432003350895706,44,0.00897009966777411,0.09999999999999999,0.6345190419022733,43,0.9757575757575757,1.0,0.08016895478165,44
DDOS attack-HOIC,100,0.49700000000000005,0.5,0.029999999999999992,100,0.9999999999999999,0.9999999999999999,0.0,99,1.0,1.0,0.0,100,0.35476190476190467,0.25,0.1258062252171838,100,0.992,0.9999999999999999,0.03938927711338648,100,1.0,1.0,0.0,100,0.2374439775910364,0.25,0.0678943540072232,100,0.9358571428571429,1.0,0.10078019703191184,100,0.912,1.0,0.1486957891483068,100
DDOS attack-LOIC-UDP,100,0.488,0.5,0.05908391567007971,100,0.9999999999999999,0.9999999999999999,0.0,96,1.0,1.0,0.0,100,0.36071428571428577,0.42857142857142855,0.11662395778620684,100,0.976,0.9999999999999999,0.11816783134015943,100,0.9383333333333332,1.0,0.1251374104442985,100,0.25443277310924367,0.25,0.0411110696386068,100,0.8884285714285712,1.0,0.14662695532553166,100,0.7711666666666666,0.75,0.0943955607299511,100
DDoS attacks-LOIC-HTTP,100,0.314,0.2,0.18313763659989157,100,-0.6521739130434782,-0.9999999999999999,0.7664460930336654,46,0.7784090909090909,1.0,0.2822116527145888,88,0.3406746031746032,0.25,0.12364380561953627,100,-0.42,-0.5,0.7259036921057543,95,0.6808333333333333,0.5,0.3068281579622681,100,0.3100601522660346,0.3333333333333333,0.07007167017907368,100,0.018071428571428568,-0.19999999999999998,0.5047562433318054,100,0.7547142857142856,0.7083333333333333,0.22458213537058488,100
DoS attacks-GoldenEye,100,0.36500000000000005,0.5,0.15,100,0.9999999999999999,0.9999999999999999,0.0,55,1.0,1.0,0.0,100,0.2567460317460317,0.25,0.09349947555993358,100,0.9819277108433735,0.9999999999999999,0.0938922297536409,83,1.0,1.0,0.0,100,0.20869747899159663,0.17647058823529413,0.06289568208951132,100,0.9212857142857144,1.0,0.15175052219140414,100,0.9739999999999999,1.0,0.07563127518927903,100
DoS attacks-Hulk,100,0.209,0.2,0.051433982399329586,100,0.9999999999999999,0.9999999999999999,0.0,3,1.0,1.0,0.0,100,0.15634920634920635,0.1111111111111111,0.07365199614217967,100,1.0,0.9999999999999999,1.0909133250980695e-16,30,1.0,1.0,0.0,100,0.18899036807705535,0.17647058823529413,0.057443686082415325,100,0.6626262626262627,0.5,0.2671030751837653,99,0.9904999999999999,1.0,0.046976783434140974,100
DoS attacks-SlowHTTPTest,100,0.22399999999999998,0.2,0.08179797730328721,100,0.9999999999999999,0.9999999999999999,0.0,8,1.0,1.0,0.0,100,0.2146825396825397,0.25,0.09406595920808979,100,0.9761904761904762,0.9999999999999999,0.10733469768527294,63,0.955,1.0,0.13783438068318257,100,0.36313707534295775,0.3333333333333333,0.10624050155077853,100,0.44366666666666676,0.39999999999999997,0.2726616506406613,100,0.8233690476190475,0.8333333333333334,0.14699238339690004,100
DoS attacks-Slowloris,100,0.21099999999999997,0.2,0.09089343299499786,100,0.7142857142857142,0.9999999999999999,0.7559289460184544,7,1.0,1.0,0.0,95,0.17480158730158732,0.1111111111111111,0.10278130629216534,100,0.7272727272727273,0.9999999999999999,0.5461643109408143,33,1.0,1.0,0.0,100,0.2147279964617426,0.17647058823529413,0.07826012142645104,100,0.5621933621933622,0.7999999999999999,0.5865254751430024,99,0.7231666666666666,0.9,0.2943433693489387,100
FTP-BruteForce,100,0.21499999999999997,0.2,0.06571287406727709,100,0.9999999999999998,0.9999999999999999,1.2412670766236366e-16,5,1.0,1.0,0.0,100,0.1847222222222222,0.1111111111111111,0.09413843085037103,100,0.9545454545454546,0.9999999999999999,0.14540168172557627,44,0.9116666666666666,1.0,0.18721030744690817,100,0.366878366731308,0.3333333333333333,0.09445976918357574,100,0.43859523809523815,0.41428571428571426,0.27484356163302465,100,0.743142857142857,0.75,0.14414772180778723,100
Infilteration,100,0.02,0.0,0.06030226891555273,100,,,,0,0.9,1.0,0.31622776601683794,10,0.04277777777777777,0.0,0.060449432850207194,100,0.0,0.0,1.414213562373095,2,0.3333333333333333,0.0,0.4629100498862757,36,0.13270553835569315,0.1111111111111111,0.06307132247725125,100,-0.28271604938271605,-0.5,0.7925891311797036,81,0.43231292517006803,0.5,0.29093616252953963,98
SQL Injection,9,0.0,0.0,0.0,9,,,,0,,,,0,0.0,0.0,0.0,9,,,,0,,,,0,0.11707373007682603,0.1111111111111111,0.09152460366160939,9,-0.48,-0.8999999999999998,0.8526429498916882,5,0.9777777777777779,1.0,0.06666666666666665,9
SSH-Bruteforce,100,0.3620000000000001,0.5,0.15027247978860991,100,0.9999999999999999,0.9999999999999999,0.0,54,1.0,1.0,0.0,100,0.47952380952380946,0.42857142857142855,0.13254508288416594,100,0.529,0.5,0.2070938888231103,100,1.0,1.0,0.0,100,0.3188833225597932,0.3333333333333333,0.08841979459300561,100,0.6471428571428571,0.7,0.1918591569241624,100,0.9903809523809524,1.0,0.04361722440008105,100
