,precision,recall,f1-score,support
Benign,0.9759029169627814,0.9976755102040816,0.9866691155397141,490000.0
Bot,0.9999205055844826,0.9998012876559892,0.9998608930665129,25162.0
Brute Force -Web,0.9148936170212766,0.7049180327868853,0.7962962962962963,122.0
Brute Force -XSS,0.9565217391304348,0.9565217391304348,0.9565217391304348,46.0
DDOS attack-HOIC,1.0,1.0,1.0,59580.0
DDOS attack-LOIC-UDP,0.9327731092436975,0.9624277456647399,0.9473684210526315,346.0
DDoS attacks-LOIC-HTTP,0.9997662595687489,0.9994742376445847,0.9996202272793666,51354.0
DoS attacks-GoldenEye,0.9997293640054127,1.0,0.9998646636892679,3694.0
DoS attacks-Hulk,0.9999742002063984,0.9999742002063984,0.9999742002063984,38760.0
DoS attacks-SlowHTTPTest,0.6809176225234619,0.37636887608069164,0.48478099480326653,1735.0
DoS attacks-Slowloris,0.9988962472406181,1.0,0.9994478188845941,905.0
FTP-BruteForce,0.7472578763127188,0.9130310806957513,0.8218685831622177,3507.0
Infilteration,0.6688102893890675,0.15983234369542437,0.2580063148398737,14315.0
SQL Injection,0.75,0.5294117647058824,0.6206896551724138,17.0
SSH-Bruteforce,1.0,0.999808740556565,0.9999043611323641,10457.0
accuracy,0.9790757142857143,0.9790757142857143,0.9790757142857143,0.9790757142857143
macro avg,0.90835758314594,0.8399497039351619,0.8580582189503567,700000.0
weighted avg,0.9742208259979261,0.9790757142857143,0.9732144309938009,700000.0
