,Benign,Bot,Brute Force -Web,Brute Force -XSS,DDOS attack-HOIC,DDOS attack-LOIC-UDP,DDoS attacks-LOIC-HTTP,DoS attacks-GoldenEye,DoS attacks-Hulk,DoS attacks-SlowHTTPTest,DoS attacks-Slowloris,FTP-BruteForce,Infilteration,SQL Injection,SSH-Bruteforce
Benign,488861,2,1,1,0,0,0,0,1,0,1,0,1133,0,0
Bot,5,25157,0,0,0,0,0,0,0,0,0,0,0,0,0
Brute Force -Web,33,0,86,1,0,0,0,0,0,0,0,0,0,2,0
Brute Force -XSS,1,0,0,44,0,0,0,0,0,0,0,0,0,1,0
DDOS attack-HOIC,0,0,0,0,59580,0,0,0,0,0,0,0,0,0,0
DDOS attack-LOIC-UDP,1,0,0,0,0,333,12,0,0,0,0,0,0,0,0
DDoS attacks-LOIC-HTTP,3,0,0,0,0,24,51327,0,0,0,0,0,0,0,0
DoS attacks-GoldenEye,0,0,0,0,0,0,0,3694,0,0,0,0,0,0,0
DoS attacks-Hulk,0,0,0,0,0,0,0,1,38759,0,0,0,0,0,0
DoS attacks-SlowHTTPTest,0,0,0,0,0,0,0,0,0,653,0,1082,0,0,0
DoS attacks-Slowloris,0,0,0,0,0,0,0,0,0,0,905,0,0,0,0
FTP-BruteForce,0,0,0,0,0,0,0,0,0,305,0,3202,0,0,0
Infilteration,12026,0,0,0,0,0,0,0,0,1,0,0,2288,0,0
SQL Injection,1,0,7,0,0,0,0,0,0,0,0,0,0,9,0
SSH-Bruteforce,1,0,0,0,0,0,0,0,0,0,0,1,0,0,10455
