k,class,n_flows,jaccard_mean,jaccard_ci_lo,jaccard_ci_hi,spearman_topk_union_mean,spearman_topk_union_ci_lo,spearman_topk_union_ci_hi,kendall_tau_topk_union_mean,kendall_tau_topk_union_ci_lo,kendall_tau_topk_union_ci_hi,spearman_full78_mean,spearman_full78_ci_lo,spearman_full78_ci_hi,kendall_full78_mean,kendall_full78_ci_lo,kendall_full78_ci_hi,rbo_mean,rbo_ci_lo,rbo_ci_hi,sign_agreement_mean,sign_agreement_ci_lo,sign_agreement_ci_hi,jaccard_group_mean,jaccard_group_ci_lo,jaccard_group_ci_hi
3,Benign,100,0.22399999999999998,0.18899999999999997,0.26,-0.35685714285714276,-0.44172500000000003,-0.27412857142857155,-0.278,-0.338,-0.2133333333333333,0.275009800326256,0.2545325244375878,0.29588467861252665,0.1879254079254079,0.17389227439227442,0.20138677988677986,0.2556457564575646,0.21025830258302583,0.30159132841328407,0.952054794520548,0.9041095890410958,0.9931506849315068,0.36500000000000016,0.32300000000000006,0.409025
3,Bot,100,0.10799999999999997,0.087,0.13,-0.585857142857143,-0.6477178571428573,-0.5278428571428574,-0.5140000000000001,-0.5673333333333334,-0.4613333333333334,0.1039203834140543,0.09036827729232792,0.11741566661186913,0.07066933066933066,0.061537129537129545,0.07954745254745255,0.13583025830258302,0.10859778597785978,0.16207472324723246,1.0,1.0,1.0,0.26899999999999996,0.245,0.29300000000000004
3,Brute Force -Web,86,0.12558139534883717,0.10465116279069764,0.14651162790697667,-0.5094684385382061,-0.5737666112956811,-0.4360215946843855,-0.3775193798449612,-0.42790697674418604,-0.33021317829457364,0.19868562406095525,0.17300670333493418,0.22339183483575592,0.15308722285466472,0.1327029559587699,0.17606192257355047,0.1674676049086073,0.1219364112245774,0.21789560628164412,0.42592592592592593,0.2962962962962963,0.5555555555555556,0.16279069767441856,0.13488372093023254,0.19069767441860463
3,Brute Force -XSS,44,0.0,0.0,0.0,-0.7662337662337663,-0.7857467532467532,-0.7454545454545456,-0.593939393939394,-0.6242424242424244,-0.5636363636363636,0.36523258099782835,0.3200410780243922,0.41110935957023415,0.27399872854418306,0.23373520418974963,0.312193488329852,0.0,0.0,0.0,,,,0.10454545454545455,0.07727272727272728,0.13181818181818186
3,DDOS attack-HOIC,100,0.19999999999999996,0.19999999999999996,0.19999999999999996,-0.029999999999999995,-0.07400000000000001,0.008999999999999994,-0.04,-0.072,-0.009999999999999998,0.1827170298056374,0.17118195728322314,0.19487593419238988,0.11876123876123876,0.11061538461538462,0.12710705960705962,0.49151291512915146,0.45332103321033224,0.5267758302583025,1.0,1.0,1.0,0.20299999999999996,0.19999999999999996,0.209
3,DDOS attack-LOIC-UDP,100,0.004,0.0,0.01,-0.7131428571428569,-0.716,-0.7091428571428569,-0.46800000000000014,-0.4726666666666668,-0.46400000000000013,0.7882702108018563,0.787717067742384,0.7888048723428471,0.6742723942723943,0.6732132867132868,0.6753446553446554,0.0019926199261992624,0.0,0.004981549815498156,0.0,0.0,0.0,0.05600000000000001,0.038000000000000006,0.07400000000000001
3,DDoS attacks-LOIC-HTTP,100,0.088,0.068,0.10599999999999998,-0.6088571428571429,-0.6488607142857143,-0.5637142857142857,-0.44666666666666666,-0.4846833333333333,-0.40866666666666673,0.22463991704498032,0.2044671720684379,0.24452281263040754,0.15096237096237097,0.13760855810855813,0.1661178821178821,0.08774907749077493,0.06309317343173433,0.11295479704797048,0.9772727272727273,0.9318181818181818,1.0,0.3270000000000001,0.295,0.35902500000000004
3,DoS attacks-GoldenEye,100,0.31700000000000006,0.281,0.35400000000000004,0.18671428571428572,0.09099285714285715,0.28273214285714277,0.11133333333333337,0.031316666666666736,0.1886666666666667,0.3066685213520656,0.29068743914313533,0.32226773226773225,0.21325341325341327,0.20216450216450216,0.22443856143856142,0.5981549815498156,0.5481531365313654,0.6479714022140223,1.0,1.0,1.0,0.3380000000000002,0.308,0.36500000000000016
3,DoS attacks-Hulk,100,0.21299999999999997,0.20099999999999996,0.228,0.048285714285714286,0.010278571428571437,0.087,-0.09733333333333331,-0.13201666666666662,-0.05731666666666673,0.14689892386094916,0.13448627954324158,0.15943751817802448,0.0974891774891775,0.08858275058275059,0.10608075258075257,0.6252029520295205,0.601808118081181,0.6458311808118083,1.0,1.0,1.0,0.41300000000000003,0.38600000000000007,0.44
3,DoS attacks-SlowHTTPTest,100,0.311,0.284,0.3410000000000001,0.19699999999999998,0.169,0.22599999999999998,0.12400000000000005,0.09000000000000004,0.15733333333333338,0.2909290709290709,0.27704788249724954,0.30540854082626234,0.19955377955377954,0.18867765567765568,0.2104037629037629,0.6494095940959411,0.6316605166051662,0.6650553505535056,1.0,1.0,1.0,0.314,0.28400000000000003,0.34100000000000014
3,DoS attacks-Slowloris,100,0.06200000000000001,0.042,0.08399999999999999,-0.4784285714285715,-0.5360035714285716,-0.4157107142857143,-0.3453333333333333,-0.3813500000000001,-0.3066500000000001,0.2842570088139708,0.25785454418998727,0.3098037405632342,0.19311355311355313,0.17417815517815516,0.21174358974358978,0.1452029520295203,0.09808118081180814,0.1969381918819188,1.0,1.0,1.0,0.281,0.257,0.308
3,FTP-BruteForce,100,0.257,0.233,0.281,-0.032,-0.08,0.015999999999999997,-0.022000000000000006,-0.06133333333333333,0.015999999999999997,0.31435956448614677,0.2998507378697252,0.3290240582202607,0.217968697968698,0.20687962037962035,0.2280795870795871,0.5023247232472327,0.4698154981549817,0.5335424354243543,1.0,1.0,1.0,0.41,0.38000000000000006,0.43700000000000006
3,Infilteration,100,0.07800000000000001,0.052000000000000005,0.10702499999999986,-0.6632857142857143,-0.7267178571428572,-0.5948535714285714,-0.5333333333333333,-0.588,-0.47733333333333333,0.2967424980083208,0.27972475625640175,0.3139069854196437,0.2038628038628039,0.19224725274725277,0.21547236097236097,0.08420664206642066,0.05254612546125462,0.12295756457564573,0.7166666666666667,0.5666666666666667,0.85,0.3510000000000001,0.317,0.38400000000000006
3,SQL Injection,9,0.15555555555555556,0.08888888888888889,0.2,-0.36031746031746026,-0.5174603174603174,-0.21111111111111114,-0.24444444444444446,-0.37777777777777777,-0.13333333333333333,0.213360479183264,0.18337365869011438,0.24599767321286303,0.14041514041514044,0.11865726865726865,0.16165871165871162,0.2066420664206642,0.11808118081180813,0.2656826568265683,1.0,1.0,1.0,0.25555555555555554,0.14444444444444443,0.37777777777777777
3,SSH-Bruteforce,100,0.19599999999999995,0.18999999999999992,0.19999999999999996,-0.5254285714285714,-0.5471499999999999,-0.5037142857142857,-0.406,-0.42200000000000004,-0.3899999999999999,0.23267770204479063,0.21737341139872787,0.2486706647782597,0.15853479853479852,0.14749816849816852,0.16913836163836166,0.230479704797048,0.21553505535055353,0.24376383763837645,1.0,1.0,1.0,0.43400000000000005,0.4100000000000001,0.458
5,Benign,100,0.20507936507936508,0.1817063492063492,0.23015873015873012,-0.25738961038961045,-0.31861304112554106,-0.19779956709956714,-0.18822222222222218,-0.23406626984126983,-0.14243809523809525,0.275009800326256,0.2539271488005665,0.296404481594355,0.1879254079254079,0.17395238095238094,0.2025314685314685,0.28339390979463264,0.2451848275988377,0.3238894617958047,0.9047619047619047,0.8589743589743589,0.9451007326007324,0.5172619047619049,0.4828511904761906,0.5532232142857143
5,Bot,100,0.06277777777777778,0.05055555555555556,0.07472916666666664,-0.6369069264069264,-0.6792308982683983,-0.5916867965367966,-0.545015873015873,-0.5783230158730159,-0.5104222222222223,0.1039203834140543,0.09068332932889894,0.11752692876743508,0.07066933066933066,0.06177755577755578,0.0795942390942391,0.1318644721740617,0.10539860748211277,0.15712750360186561,1.0,1.0,1.0,0.43373015873015874,0.4069444444444445,0.45953373015873017
5,Brute Force -Web,86,0.07105943152454779,0.059431524547803614,0.08139534883720931,-0.46014799154334046,-0.5060645701198028,-0.41765195560253715,-0.32855297157622737,-0.3621543927648579,-0.2963824289405685,0.19868562406095525,0.17470760767051613,0.2236105004797969,0.15308722285466472,0.13064687250733764,0.17551537609677142,0.15977929948043412,0.12589219291007464,0.19705433478922335,0.43636363636363634,0.3090909090909091,0.5636363636363636,0.2709948320413436,0.24141519010705056,0.3007105943152454
5,Brute Force -XSS,44,0.11174242424242423,0.07765151515151515,0.14520202020202022,-0.6828758362849272,-0.7057265840220386,-0.6620523415977962,-0.48401875901875885,-0.5097041847041847,-0.46161165223665207,0.36523258099782835,0.317731678563094,0.41238801474704817,0.27399872854418306,0.2324414222141495,0.3106904459177187,0.05138236162509074,0.03629132155724913,0.06691844577000006,0.0,0.0,0.0,0.2957251082251082,0.2526966089466089,0.33750450937950927
5,DDOS attack-HOIC,100,0.11111111111111112,0.11111111111111112,0.11111111111111112,-0.3,-0.3193333333333333,-0.2816625,-0.28055555555555556,-0.3,-0.2611111111111111,0.1827170298056374,0.17067504647251475,0.19529082310094964,0.11876123876123876,0.11066167166167169,0.12714035964035963,0.4018143635076066,0.37763912969158253,0.4275768601499353,1.0,1.0,1.0,0.48511904761904767,0.45891369047619046,0.513095238095238
5,DDOS attack-LOIC-UDP,100,0.14027777777777778,0.12916666666666668,0.1513888888888889,-0.6356190476190478,-0.6456684523809523,-0.6243791666666666,-0.47849206349206347,-0.48904761904761906,-0.4672222222222222,0.7882702108018563,0.7877033599312081,0.788855726551929,0.6742723942723943,0.6731933066933066,0.6752649017649017,0.08949078166589342,0.0841489340919636,0.09582937962442924,0.0,0.0,0.0,0.2517857142857143,0.25,0.25535714285714284
5,DDoS attacks-LOIC-HTTP,100,0.0963888888888889,0.08638888888888889,0.10583333333333333,-0.6178744588744588,-0.6447044913419911,-0.5910492965367965,-0.4742857142857143,-0.49776547619047623,-0.45099722222222227,0.22463991704498032,0.20561697795875009,0.24547912846647024,0.15096237096237097,0.13722827172827176,0.16573493173493178,0.11944987912383091,0.0999234176210593,0.13848760408781227,0.9698795180722891,0.9337349397590361,1.0,0.3244047619047619,0.2964285714285714,0.35595238095238096
5,DoS attacks-GoldenEye,100,0.19936507936507936,0.1778125,0.2218263888888889,-0.051839826839826804,-0.11262721861471856,0.006891287878787847,-0.07152380952380952,-0.11726626984126981,-0.027393650793650814,0.3066685213520656,0.2896039466862252,0.3222990743433781,0.21325341325341327,0.20219613719613716,0.22412987012987015,0.5113189665698029,0.467831119508681,0.5482755244072182,0.9946236559139785,0.9838709677419355,1.0,0.42218253968253966,0.39305456349206347,0.45262202380952377
5,DoS attacks-Hulk,100,0.1375,0.1263888888888889,0.14861111111111114,-0.23545238095238097,-0.2601232142857143,-0.2064029761904762,-0.2479365079365079,-0.2731765873015873,-0.22023015873015878,0.14689892386094916,0.13374149268453064,0.1590339091288458,0.0974891774891775,0.08929070929070931,0.10636746586746586,0.5017146834021147,0.4862194726624502,0.5173788118727259,0.94,0.905,0.97,0.49047619047619057,0.4619047619047619,0.5178571428571429
5,DoS attacks-SlowHTTPTest,100,0.16805555555555554,0.15555555555555556,0.18194444444444446,-0.05588095238095238,-0.08958035714285714,-0.019179761904761946,-0.052142857142857144,-0.08150992063492063,-0.020000000000000004,0.2909290709290709,0.2765481796684328,0.30619157424853627,0.19955377955377954,0.18880386280386283,0.21003013653013655,0.5367995164953236,0.5228029681814852,0.5508932480281311,0.98,0.96,0.995,0.2704365079365079,0.25316964285714283,0.2888888888888888
5,DoS attacks-Slowloris,100,0.15535714285714286,0.14067460317460317,0.17163194444444443,-0.42254761904761906,-0.45888333333333325,-0.3844035714285715,-0.3183333333333333,-0.3423829365079365,-0.2922936507936508,0.2842570088139708,0.25620600918069264,0.3107051808950542,0.19311355311355313,0.1744795204795205,0.2099522144522145,0.18880203169641768,0.15246974005518793,0.22935508229347262,0.995,0.985,1.0,0.4880952380952382,0.46369047619047626,0.5130952380952382
5,FTP-BruteForce,100,0.17777777777777778,0.1638888888888889,0.19166666666666665,-0.08954761904761904,-0.11276190476190477,-0.0649029761904762,-0.058888888888888886,-0.08436507936507937,-0.03460317460317461,0.31435956448614677,0.3002392797076341,0.3285917436993386,0.217968697968698,0.20795770895770896,0.2289981684981685,0.44526705086566865,0.42886186540011223,0.46219928451075665,1.0,1.0,1.0,0.2716269841269841,0.2573363095238095,0.2869047619047619
5,Infilteration,100,0.16722222222222222,0.14502976190476194,0.18897023809523808,-0.5532380952380952,-0.6108993506493506,-0.4933053571428573,-0.4006984126984126,-0.44392261904761887,-0.35319761904761904,0.2967424980083208,0.27930081311093974,0.3132145259803487,0.2038628038628039,0.19122710622710623,0.21540492840492842,0.1328067690654685,0.10443850760665185,0.1642413799418817,0.8112449799196787,0.7289156626506024,0.8835341365461847,0.44123015873015875,0.41106746031746033,0.4720267857142857
5,SQL Injection,9,0.08641975308641975,0.04938271604938271,0.1111111111111111,-0.39629629629629626,-0.5263089225589225,-0.28699074074074093,-0.2604938271604938,-0.3999999999999999,-0.15432098765432098,0.213360479183264,0.18347376954971895,0.2436078689243246,0.14041514041514044,0.11925111925111925,0.16151071151071147,0.19628580498644718,0.11216331713511268,0.2523674635540035,1.0,1.0,1.0,0.44179894179894175,0.3492063492063492,0.5410052910052909
5,SSH-Bruteforce,100,0.15396825396825398,0.14066468253968256,0.169250992063492,-0.3137142857142857,-0.32733333333333337,-0.3008797619047619,-0.19277777777777774,-0.20571428571428574,-0.18031547619047616,0.23267770204479063,0.2179749111647846,0.24679338383135851,0.15853479853479852,0.1485234765234765,0.1691460206460206,0.24491489829308197,0.23863499670337723,0.2510264963004566,0.99,0.9766666666666667,1.0,0.45595238095238094,0.4345089285714286,0.48035714285714287
10,Benign,100,0.19931925401739645,0.18426202761806476,0.21456333542188802,-0.24413081912927115,-0.2853032100188253,-0.19900663125574117,-0.1709282255412286,-0.2006552102824935,-0.14124920682173006,0.275009800326256,0.2543071928071928,0.2954614562652538,0.1879254079254079,0.17365950715950715,0.20296986346986343,0.2983078427039754,0.26953910557336624,0.32798877652621533,0.7883333333333333,0.7433333333333333,0.8315125,0.8318181818181817,0.8154469696969696,0.8484848484848483
10,Bot,100,0.09808221534227725,0.08408526831785344,0.11155933952528378,-0.5799662391272298,-0.6061711475379625,-0.5537779706619489,-0.4282506019951841,-0.44456022961816305,-0.41232609219126254,0.1039203834140543,0.09080227999848255,0.11789132386600737,0.07066933066933066,0.06155810855810856,0.08034848484848484,0.14166724702222946,0.1175374840929771,0.1657483329695958,0.7197916666666666,0.6708333333333334,0.76875,0.712727272727273,0.6975757575757577,0.7287878787878789
10,Brute Force -Web,86,0.1296999624003008,0.11172710618315053,0.14645107839137284,-0.49640761445336984,-0.5354942642601715,-0.45894623593011247,-0.35468333396189966,-0.3801719064818909,-0.32936072154279894,0.19868562406095525,0.17482474105229476,0.22334560493965852,0.15308722285466472,0.13159379380309613,0.17642512526233456,0.16558823392348881,0.13493047305119105,0.19627396663105978,0.31525821596244136,0.21852699530516437,0.41973004694835675,0.7565186751233265,0.7360817477096547,0.7758985200845667
10,Brute Force -XSS,44,0.13199917127935706,0.11329749702911471,0.15099368295962723,-0.569286099607307,-0.6210012037111495,-0.5207269594440648,-0.4031854926978765,-0.4445620387309629,-0.3656707359977484,0.36523258099782835,0.3219641118375295,0.41249331795937083,0.27399872854418306,0.23428011382556838,0.31524800956619137,0.09400723780816443,0.0725152576026103,0.11559511393574941,0.19166666666666665,0.09166666666666666,0.30416666666666664,0.7252066115702479,0.7045454545454546,0.7458677685950413
10,DDOS attack-HOIC,100,0.07733058135534913,0.07134502923976607,0.08345373237014102,-0.47617105263157894,-0.4883910990712073,-0.46302861197110423,-0.3574638802889577,-0.3721746646026833,-0.34254396714826285,0.1827170298056374,0.1694630116718724,0.19504301394807722,0.11876123876123876,0.1107157842157842,0.1269000999000999,0.31138360910109075,0.2954147997220079,0.3261409745487722,0.9583333333333335,0.9300000000000002,0.9816666666666667,0.82030303030303,0.8078712121212119,0.8333333333333331
10,DDOS attack-LOIC-UDP,100,0.1023391812865497,0.0982456140350877,0.10584795321637427,-0.5173477812177503,-0.5281498194014448,-0.5073103199174407,-0.4054420364637084,-0.4140490196078433,-0.39737788097695226,0.7882702108018563,0.7877103719065746,0.7888208879727867,0.6742723942723943,0.6731801531801532,0.6753313353313354,0.13217595824338252,0.12602431207597795,0.1385599112834427,0.0,0.0,0.0,0.818181818181818,0.818181818181818,0.818181818181818
10,DDoS attacks-LOIC-HTTP,100,0.11236756105951151,0.10170029239766082,0.12281415548675612,-0.5244940291906236,-0.5444123350656052,-0.5028484704408079,-0.3724356725146199,-0.3901911678706571,-0.35398930598555217,0.22463991704498032,0.2051403849315242,0.2439901807053705,0.15096237096237097,0.13761821511821512,0.1649164169164169,0.141071410554028,0.12733712413392975,0.15604475271145338,0.7806122448979592,0.7219387755102041,0.8418367346938775,0.8018181818181818,0.7872727272727272,0.8166666666666665
10,DoS attacks-GoldenEye,100,0.235410292322057,0.220781337535014,0.25104146466278815,-0.2169528856076844,-0.2570500995134896,-0.17813837386169049,-0.17630471162824102,-0.20375769230769225,-0.1484116111829347,0.3066685213520656,0.29061260891007723,0.3221564701121663,0.21325341325341327,0.20236297036297035,0.22453646353646356,0.44460466928385745,0.4137470506016852,0.47064304413698516,0.9043095238095238,0.8739720238095237,0.9322863095238095,0.7606060606060605,0.7454545454545456,0.774280303030303
10,DoS attacks-Hulk,100,0.11665376676986584,0.10769640092879258,0.12570562435500515,-0.3951504127966976,-0.4133428857069143,-0.37618379772961824,-0.2952146542827657,-0.3120801771585826,-0.2782348555211558,0.14689892386094916,0.13390559440559438,0.1589322196790551,0.0974891774891775,0.08834382284382286,0.10574791874791875,0.39414081589299726,0.38275713125700817,0.4049032330665779,0.7566666666666666,0.705,0.805,0.8027272727272726,0.7890909090909091,0.8157575757575757
10,DoS attacks-SlowHTTPTest,100,0.176203498943437,0.15760466116271069,0.1951677170868347,-0.2961294469204686,-0.3273952445451864,-0.2625239864366799,-0.2042533804344949,-0.22788288561713482,-0.18093215821416284,0.2909290709290709,0.27659377963808346,0.3051548008953072,0.19955377955377954,0.18836247086247088,0.2101045621045621,0.4249139441347834,0.4099439922694736,0.4403185529180576,0.9521666666666667,0.9271666666666667,0.9758458333333334,0.8124242424242422,0.7996969696969696,0.8257575757575757
10,DoS attacks-Slowloris,100,0.2218940734188412,0.20842879256965943,0.23530800039313965,-0.3308097846426019,-0.34636567153177067,-0.3139352067243902,-0.25690869708207165,-0.2692097525109909,-0.24311426421445767,0.2842570088139708,0.2560470225976554,0.3114822898620366,0.19311355311355313,0.17502847152847156,0.21140426240426244,0.24323402634936872,0.22163358863705693,0.2661592042276226,0.8111666666666665,0.7863291666666665,0.8376666666666667,0.8145454545454544,0.8015075757575756,0.8290909090909089
10,FTP-BruteForce,100,0.22617167919799497,0.20796976817042603,0.2446355902009926,-0.23594490751766295,-0.26894508329647643,-0.20316533429161143,-0.17739210772028108,-0.20407441459039755,-0.15078272703818377,0.31435956448614677,0.2993680623174294,0.3284417670936658,0.217968697968698,0.2071791541791542,0.22855910755910755,0.389632675874076,0.3824882675814665,0.3982202955263815,0.8743333333333334,0.8515,0.899,0.825151515151515,0.8087803030303029,0.8418257575757574
10,Infilteration,100,0.2562634054971516,0.24074262012497308,0.27257738166116646,-0.3022675410245069,-0.3433313478124043,-0.26059182529287017,-0.20799588904387664,-0.23967691953299536,-0.17558363499245858,0.2967424980083208,0.278923841980804,0.3132440091554015,0.2038628038628039,0.1915474525474526,0.21630636030636036,0.21725654039060424,0.19574932488162158,0.24004099913529456,0.5360476190476191,0.49359107142857145,0.5788482142857142,0.8354545454545453,0.8151515151515153,0.8554545454545454
10,SQL Injection,9,0.11354775828460038,0.08512020792722547,0.150909681611436,-0.48719756908611395,-0.5853012842563925,-0.4006421281963078,-0.3361674884378703,-0.4158162290257234,-0.2561134522034937,0.213360479183264,0.18116117356623684,0.24429206517814112,0.14041514041514044,0.11925111925111927,0.1609150109150109,0.1822225427850669,0.1243177197838943,0.22960171554030653,0.8888888888888888,0.6666666666666666,1.0,0.6666666666666666,0.6666666666666666,0.6666666666666666
10,SSH-Bruteforce,100,0.16301931298835323,0.14811166396383116,0.1795893993562337,-0.2942195902652559,-0.31669069832386404,-0.2691834630410869,-0.19502154897046536,-0.2112619697339125,-0.17813000974343857,0.23267770204479063,0.21728370996092514,0.24823685807863022,0.15853479853479852,0.1478786213786214,0.16909507159507156,0.26115849254096557,0.25541302827946655,0.26722720953697837,0.9186666666666667,0.8921583333333334,0.9428333333333333,0.8030303030303031,0.789090909090909,0.816969696969697
20,Benign,100,0.2584124729092994,0.2452049194058248,0.2723044603061615,-0.20865549409477302,-0.2367175141594457,-0.18158372322535404,-0.14795691271427386,-0.16711067949418282,-0.12878245604685276,0.275009800326256,0.2532615928375422,0.2950172612197929,0.1879254079254079,0.17372560772560774,0.20254495504495504,0.313765051607595,0.2904126471765119,0.33672593712153354,0.5903952991452992,0.5589042998668,0.6216829434454434,1.0,1.0,1.0
20,Bot,100,0.1827955333410741,0.17418904356345055,0.1923963949301947,-0.514558416812911,-0.5353419380647194,-0.4926612079925703,-0.36492667963066444,-0.37996082993433566,-0.3514761499303958,0.1039203834140543,0.08987172953628647,0.11784100077138052,0.07066933066933066,0.061230103230103236,0.07994089244089245,0.16054456100492773,0.13900768333830227,0.18076147630841694,0.5427579365079365,0.5133897817460317,0.5684353174603175,1.0,1.0,1.0
20,Brute Force -Web,86,0.2093339113407791,0.19229702741624885,0.225796202055241,-0.427278880261137,-0.4652454540120488,-0.38997593529058555,-0.31748045165878147,-0.3424224511812835,-0.29361064142383386,0.19868562406095525,0.17516738486711989,0.22385862591926767,0.15308722285466472,0.13075180633320166,0.1756350238908378,0.19732215197201605,0.1667688500299686,0.2270634186663969,0.333453303802141,0.26755179494278325,0.4017260751199704,1.0,1.0,1.0
20,Brute Force -XSS,44,0.26537444420951345,0.2552267144470287,0.27639602140578606,-0.41390064310871294,-0.44425593228746646,-0.38732690316316504,-0.30474441353132325,-0.3245752544805786,-0.28705373251041105,0.36523258099782835,0.3192675276392193,0.4117917468032544,0.27399872854418306,0.2351795931341386,0.31270396270396267,0.15743846534589023,0.13731780453080078,0.1760338245482859,0.291173914469369,0.20057754902925357,0.38103295536534165,1.0,1.0,1.0
20,DDOS attack-HOIC,100,0.17301775419422472,0.16501404976404976,0.1809766339582516,-0.5481765139038683,-0.5588280447105611,-0.5377487440426545,-0.40081177524773354,-0.4114967663213869,-0.3904726109529834,0.1827170298056374,0.17020265810139223,0.1944797544227924,0.11876123876123876,0.11028871128871129,0.1274065934065934,0.2732111667390544,0.2608968056952344,0.2850703302596517,0.3498214285714286,0.32763035714285704,0.3722627976190476,1.0,1.0,1.0
20,DDOS attack-LOIC-UDP,100,0.2903225806451613,0.2903225806451613,0.2903225806451613,-0.4499395161290323,-0.456371370967742,-0.443297379032258,-0.27750537634408606,-0.28460215053763444,-0.2701913978494624,0.7882702108018563,0.7877147725692027,0.7888177898051315,0.6742723942723943,0.6732532467532466,0.6753246753246753,0.15059580546908366,0.14559036863668562,0.15555683761544992,0.0,0.0,0.0,1.0,1.0,1.0
20,DDoS attacks-LOIC-HTTP,100,0.1756960757672332,0.1674230747125671,0.18404898298517838,-0.4694387765499446,-0.4915231606494992,-0.4467489874450071,-0.3329994979392513,-0.3522293024563661,-0.3128937789142367,0.22463991704498032,0.20479903008384023,0.245034250559567,0.15096237096237097,0.13710789210789212,0.16501631701631705,0.16739699424937324,0.15566109114846752,0.18005922552124246,0.5837460317460317,0.5510358134920634,0.6183834325396824,1.0,1.0,1.0
20,DoS attacks-GoldenEye,100,0.2973225979080523,0.2843033563289362,0.3107735326802264,-0.1414345540807132,-0.17016152276496943,-0.11309996056184142,-0.10094326709372839,-0.12090453316086373,-0.08206182962500809,0.3066685213520656,0.2905028199648452,0.32246095676475417,0.21325341325341327,0.2021709956709957,0.2243692973692974,0.43467116856098953,0.41240563761318727,0.45581069040462485,0.7373043068043068,0.7117143557831058,0.7613175664613164,1.0,1.0,1.0
20,DoS attacks-Hulk,100,0.20095503565617412,0.19272553247541388,0.20939065102276672,-0.3546070224659094,-0.37032669686547853,-0.3386616399374884,-0.24830773548944068,-0.2600366552431711,-0.23655412751491975,0.14689892386094916,0.1342336271323613,0.15903894207058758,0.0974891774891775,0.08901698301698302,0.10614202464202464,0.367617504176394,0.35858360784701787,0.3766414615303163,0.6686746031746031,0.6487445436507935,0.6907529761904759,1.0,1.0,1.0
20,DoS attacks-SlowHTTPTest,100,0.3013726170010931,0.29131381970828574,0.3125904985818779,-0.2712492469634229,-0.2975034859628029,-0.24358350723138894,-0.19386667953436582,-0.21345403026504253,-0.17272824798383754,0.2909290709290709,0.2762921382415053,0.3053398500233943,0.19955377955377954,0.18887712287712283,0.21005028305028306,0.4109567586890375,0.3966199005964771,0.42564715459879865,0.4595382395382396,0.4362284722222223,0.48357933802308806,1.0,1.0,1.0
20,DoS attacks-Slowloris,100,0.2749124936656835,0.26184520071722356,0.28801434932772446,-0.2023668947747254,-0.2268627913872998,-0.17985317071133664,-0.1363056461109854,-0.1557465897231523,-0.11821163378565887,0.2842570088139708,0.25673219185877416,0.3103167086078478,0.19311355311355313,0.17354478854478855,0.21085098235098232,0.27443183465245063,0.2608188763192263,0.28898817644828706,0.6236237373737373,0.5996007034632035,0.6470098755411257,1.0,1.0,1.0
20,FTP-BruteForce,100,0.30836966652595127,0.2975883137147737,0.31944719762378265,-0.20781871870940605,-0.23540459420742949,-0.1810251204310895,-0.16006641786205683,-0.17923511604785736,-0.14084386907805702,0.31435956448614677,0.29922551499133776,0.328919896559137,0.217968697968698,0.20693290043290039,0.22802547452547448,0.39460052463331124,0.3874117044371862,0.40243546537352765,0.47797854922854927,0.4606982233044733,0.49428400141525136,1.0,1.0,1.0
20,Infilteration,100,0.28988499295179915,0.2777308457208346,0.30229703046092987,-0.15281873442649302,-0.18174190313658165,-0.12496439547124706,-0.11260891958098003,-0.13138870925920793,-0.09335867388550027,0.2967424980083208,0.27925913327179147,0.31331473589701436,0.2038628038628039,0.19172094572094575,0.2158779553779554,0.2706424973120769,0.2526391661477259,0.28916501240457965,0.47787956487956484,0.44992687728937725,0.5046972145909645,1.0,1.0,1.0
20,SQL Injection,9,0.22293467185940305,0.1833814333814334,0.2547518192679483,-0.3403117023847574,-0.4227241313015744,-0.27108500805014085,-0.2097777266657722,-0.2746897421399319,-0.15579565819485197,0.213360479183264,0.18285027209077842,0.2449712031990513,0.14041514041514044,0.1196951196951197,0.16239316239316237,0.2076183053659736,0.15598578677576228,0.25142667541469693,0.7344356261022927,0.6594080687830689,0.8019157848324513,1.0,1.0,1.0
20,SSH-Bruteforce,100,0.24574890599378588,0.23740075685699494,0.2546875413908105,-0.25569743937113726,-0.28045132785632704,-0.22734388146716364,-0.194935106998609,-0.21238500475905803,-0.17553425216683904,0.23267770204479063,0.21815827843043029,0.24768745178871762,0.15853479853479852,0.14805760905760906,0.169060273060273,0.2850175340334868,0.2777805049053582,0.29260231746426685,0.7749884559884559,0.7527510732323232,0.7983539772727271,1.0,1.0,1.0
